121.519241,61.199159,36.253047,156.150574,54.689555,39.985875,84.548309,97.929045,38.164211,82.830139,0.00,0.00,0.00,0.00,0.00,0.00,0.00,0.00,0.00,0.00,0.00,0.00121.650102,56.693118,24.205697,154.757935,48.304206,30.089663,83.478676,90.113544,22.406184,80.504433,0.00,0.00,0.00,0.00,0.00,0.00,0.00,0.00,0.00,0.00,0.00,0.00
121.775298,53.678429,11.020891,153.81813,40.560462,23.657619,79.696426,83.653465,4.944554,78.763786,0.00,0.00,0.00,0.00,0.00,0.00,0.00,0.00,0.00,0.00,0.00,0.00
121.900481,49.827192,-2.165684,155.512711,33.321925,20.120042,79.737213,74.432504,-13.127513,80.793816,0.00,0.00,0.00,0.00,0.00,0.00,0.00,0.00,0.00,0.00,0.00,0.00
122.025621,43.757299,-13.117543,157.429962,27.795749,15.182261,81.579697,60.249037,-27.226486,84.754539,0.00,0.00,0.00,0.00,0.00,0.00,0.00,0.00,0.00,0.00,0.00,0.00
122.150622,35.520387,-22.953432,157.030197,23.508408,8.081386,80.3022,43.956885,-36.597416,88.057808,0.00,0.00,0.00,0.00,0.00,0.00,0.00,0.00,0.00,0.00,0.00,0.00
122.27515,25.313705,-32.391012,154.491821,17.5864,-1.679446,76.926956,30.704571,-43.819552,88.819389,0.00,0.00,0.00,0.00,0.00,0.00,0.00,0.00,0.00,0.00,0.00,0.00
122.400166,14.394302,-41.948972,154.668335,6.793763,-12.672809,76.176521,22.262307,-52.277152,90.581009,0.00,0.00,0.00,0.00,0.00,0.00,0.00,0.00,0.00,0.00,0.00,0.00
122.524755,6.800773,-52.410001,157.310242,-8.170041,-26.818911,80.817825,16.584709,-61.831753,93.48909,0.00,0.00,0.00,0.00,0.00,0.00,0.00,0.00,0.00,0.00,0.00,0.00
122.65013,1.767817,-63.770386,158.014267,-20.921355,-41.92982,84.981133,12.134123,-72.471922,93.649467,0.00,0.00,0.00,0.00,0.00,0.00,0.00,0.00,0.00,0.00,0.00,0.00
122.775306,-3.374675,-76.416014,156.393204,-30.259064,-55.476287,84.333,8.292174,-83.402743,89.173744,0.00,0.00,0.00,0.00,0.00,0.00,0.00,0.00,0.00,0.00,0.00,0.00
122.900336,-7.347209,-90.674299,154.791718,-34.129966,-67.794919,82.022491,4.142414,-97.299091,87.085655,0.00,0.00,0.00,0.00,0.00,0.00,0.00,0.00,0.00,0.00,0.00,0.00
123.025286,-11.280841,-104.133572,156.081955,-35.143957,-80.744228,82.092758,-0.431145,-113.04646,90.016106,0.00,0.00,0.00,0.00,0.00,0.00,0.00,0.00,0.00,0.00,0.00,0.00
123.150283,-16.474716,-115.053073,158.7715,-37.72259,-94.903654,83.988365,-6.307965,-128.032673,94.377693,0.00,0.00,0.00,0.00,0.00,0.00,0.00,0.00,0.00,0.00,0.00,0.00
123.275344,-22.161679,-125.821546,158.844009,-43.146677,-109.551486,83.28334,-12.505844,-141.524887,96.033249,0.00,0.00,0.00,0.00,0.00,0.00,0.00,0.00,0.00,0.00,0.00,0.00
123.400223,-28.842901,-137.657634,156.556992,-50.885277,-126.575005,81.377998,-17.46513,-151.902265,94.426422,0.00,0.00,0.00,0.00,0.00,0.00,0.00,0.00,0.00,0.00,0.00,0.00
123.525241,-35.801699,-149.577849,156.311935,-57.961381,-147.863037,82.712593,-18.510116,-159.69271,91.826263,0.00,0.00,0.00,0.00,0.00,0.00,0.00,0.00,0.00,0.00,0.00,0.00
123.650435,-39.847816,-160.836837,157.363052,-61.49315,-169.459948,87.217125,-18.33713,-166.223481,92.295876,0.00,0.00,0.00,0.00,0.00,0.00,0.00,0.00,0.00,0.00,0.00,0.00
123.775307,-42.069851,-170.99161,157.655685,-61.693423,-192.491326,96.224129,-19.153313,-172.661004,91.288498,0.00,0.00,0.00,0.00,0.00,0.00,0.00,0.00,0.00,0.00,0.00,0.00
123.900108,-43.738843,-181.961302,155.896683,-63.439395,-215.276726,108.080376,-19.991808,-180.127738,88.167824,0.00,0.00,0.00,0.00,0.00,0.00,0.00,0.00,0.00,0.00,0.00,0.00
124.023829,-43.773919,-192.47686,154.683548,-64.504476,-231.983437,119.672348,-19.769238,-190.503634,85.527847,0.00,0.00,0.00,0.00,0.00,0.00,0.00,0.00,0.00,0.00,0.00,0.00
124.147452,-44.098615,-201.690839,156.465775,-67.086447,-243.956284,127.401665,-20.380815,-201.975807,87.813301,0.00,0.00,0.00,0.00,0.00,0.00,0.00,0.00,0.00,0.00,0.00,0.00
124.273497,-45.455556,-208.771197,157.428787,-69.245485,-253.005579,131.008911,-21.095374,-210.753994,92.443672,0.00,0.00,0.00,0.00,0.00,0.00,0.00,0.00,0.00,0.00,0.00,0.00
124.398899,-47.364881,-214.27924,157.242569,-70.873458,-260.311924,131.169846,-20.186202,-214.835482,94.286697,0.00,0.00,0.00,0.00,0.00,0.00,0.00,0.00,0.00,0.00,0.00,0.00
124.524007,-50.159461,-219.21376,157.525223,-72.482534,-265.589448,131.105789,-20.556769,-213.325567,93.915001,0.00,0.00,0.00,0.00,0.00,0.00,0.00,0.00,0.00,0.00,0.00,0.00
124.649078,-53.25042,-223.68179,157.293243,-74.69208,-268.97465,130.260208,-23.635933,-210.500742,91.782562,0.00,0.00,0.00,0.00,0.00,0.00,0.00,0.00,0.00,0.00,0.00,0.00
124.77411,-53.29777,-227.898415,156.694107,-74.276548,-270.140674,126.755127,-26.225337,-210.704694,91.014435,0.00,0.00,0.00,0.00,0.00,0.00,0.00,0.00,0.00,0.00,0.00,0.00
124.899166,-47.179006,-230.582235,155.720779,-67.811794,-265.033699,113.829842,-27.412714,-212.134179,91.131058,0.00,0.00,0.00,0.00,0.00,0.00,0.00,0.00,0.00,0.00,0.00,0.00
125.024646,-40.32436,-230.470867,155.163605,-60.603121,-256.081889,92.93103,-27.432515,-213.116827,90.990601,0.00,0.00,0.00,0.00,0.00,0.00,0.00,0.00,0.00,0.00,0.00,0.00
125.149509,-33.9873,-230.424697,154.434708,-53.75766,-244.983351,81.702896,-25.57414,-214.545722,91.398232,0.00,0.00,0.00,0.00,0.00,0.00,0.00,0.00,0.00,0.00,0.00,0.00
125.275648,-24.987889,-230.426746,153.397018,-45.520476,-240.809868,79.172775,-21.380842,-216.675354,91.415871,0.00,0.00,0.00,0.00,0.00,0.00,0.00,0.00,0.00,0.00,0.00,0.00
125.401424,-14.090218,-229.36148,152.791489,-36.87951,-245.733664,79.702644,-13.711738,-219.670544,89.852905,0.00,0.00,0.00,0.00,0.00,0.00,0.00,0.00,0.00,0.00,0.00,0.00
125.526549,-4.664338,-227.90237,154.324234,-25.752179,-254.693208,81.048241,-3.853046,-222.439925,89.258194,0.00,0.00,0.00,0.00,0.00,0.00,0.00,0.00,0.00,0.00,0.00,0.00
125.651761,4.216021,-227.592729,156.076889,-14.133738,-259.649955,82.722458,6.134287,-224.12394,90.851974,0.00,0.00,0.00,0.00,0.00,0.00,0.00,0.00,0.00,0.00,0.00,0.00
125.776321,13.667515,-228.138961,156.043518,-1.243803,-261.663752,82.114441,14.786822,-224.813465,90.102921,0.00,0.00,0.00,0.00,0.00,0.00,0.00,0.00,0.00,0.00,0.00,0.00
125.901452,24.004592,-230.296665,154.561859,11.672734,-263.290654,79.80291,22.651473,-225.167381,86.284683,0.00,0.00,0.00,0.00,0.00,0.00,0.00,0.00,0.00,0.00,0.00,0.00
126.026345,35.318775,-234.560964,154.590912,24.650505,-266.472386,76.138306,32.563466,-225.437809,85.429474,0.00,0.00,0.00,0.00,0.00,0.00,0.00,0.00,0.00,0.00,0.00,0.00
126.151414,46.849172,-237.370468,156.319809,40.323821,-268.575695,77.244652,43.622739,-225.65767,87.708961,0.00,0.00,0.00,0.00,0.00,0.00,0.00,0.00,0.00,0.00,0.00,0.00
126.276321,56.763178,-236.402052,157.86496,58.781691,-265.98449,81.858643,54.890518,-224.975705,90.715439,0.00,0.00,0.00,0.00,0.00,0.00,0.00,0.00,0.00,0.00,0.00,0.00
126.402385,66.548673,-233.22728,156.743225,74.501548,-259.767476,84.438637,66.797236,-222.591211,90.585541,0.00,0.00,0.00,0.00,0.00,0.00,0.00,0.00,0.00,0.00,0.00,0.00
126.527492,76.714426,-227.207797,154.885132,87.175095,-251.642393,84.507599,77.704707,-217.918131,89.618935,0.00,0.00,0.00,0.00,0.00,0.00,0.00,0.00,0.00,0.00,0.00,0.00
126.652345,87.048037,-218.038137,154.66748,98.771944,-242.578943,86.695984,87.176333,-210.652752,87.822952,0.00,0.00,0.00,0.00,0.00,0.00,0.00,0.00,0.00,0.00,0.00,0.00
126.777343,94.338232,-209.488953,156.077484,109.038668,-233.413231,90.526978,90.755254,-202.786446,83.18425,0.00,0.00,0.00,0.00,0.00,0.00,0.00,0.00,0.00,0.00,0.00,0.00
126.902008,99.706511,-204.573481,158.009552,118.720883,-224.704789,92.627724,88.823537,-197.767603,80.600426,0.00,0.00,0.00,0.00,0.00,0.00,0.00,0.00,0.00,0.00,0.00,0.00
127.027006,105.93061,-201.73832,157.961197,130.985861,-214.244043,93.98571,86.118832,-196.228017,78.728966,0.00,0.00,0.00,0.00,0.00,0.00,0.00,0.00,0.00,0.00,0.00,0.00
127.152069,112.870586,-199.259103,157.599014,145.948466,-199.593617,98.238495,85.608816,-197.93756,79.617081,0.00,0.00,0.00,0.00,0.00,0.00,0.00,0.00,0.00,0.00,0.00,0.00
127.277288,122.176219,-197.003925,157.090408,161.871029,-181.250826,107.951797,87.438361,-201.802781,80.126312,0.00,0.00,0.00,0.00,0.00,0.00,0.00,0.00,0.00,0.00,0.00,0.00
127.401378,134.232144,-193.545745,157.615814,174.93246,-166.744704,119.555328,92.505946,-207.425793,82.946907,0.00,0.00,0.00,0.00,0.00,0.00,0.00,0.00,0.00,0.00,0.00,0.00
127.524858,146.234741,-189.92449,156.409882,186.094418,-159.000574,128.506836,100.91547,-212.879168,86.865387,0.00,0.00,0.00,0.00,0.00,0.00,0.00,0.00,0.00,0.00,0.00,0.00
127.649454,153.358916,-186.152404,154.697968,193.61017,-154.052857,130.983566,105.050834,-214.825384,89.768219,0.00,0.00,0.00,0.00,0.00,0.00,0.00,0.00,0.00,0.00,0.00,0.00
127.774257,155.752208,-183.246449,154.292465,196.618748,-151.277926,131.078094,105.745642,-213.466454,91.532112,0.00,0.00,0.00,0.00,0.00,0.00,0.00,0.00,0.00,0.00,0.00,0.00
127.899462,154.154281,-181.6328,154.185013,194.357982,-149.634717,125.426529,105.784781,-213.569192,91.229965,0.00,0.00,0.00,0.00,0.00,0.00,0.00,0.00,0.00,0.00,0.00,0.00
128.024032,144.910008,-180.920465,154.942291,182.894949,-153.803274,106.462921,107.929154,-211.884146,91.0606,0.00,0.00,0.00,0.00,0.00,0.00,0.00,0.00,0.00,0.00,0.00,0.00
128.1497,129.816313,-186.303422,155.301193,165.161132,-169.901062,85.746399,107.441794,-215.563432,89.408386,0.00,0.00,0.00,0.00,0.00,0.00,0.00,0.00,0.00,0.00,0.00,0.00
128.275445,116.45032,-196.535238,155.277496,147.410858,-187.619449,79.131592,104.618978,-221.543171,87.456711,0.00,0.00,0.00,0.00,0.00,0.00,0.00,0.00,0.00,0.00,0.00,0.00
128.400693,106.397617,-205.917631,155.839661,137.535081,-194.708431,79.895645,99.806109,-227.248889,87.151917,0.00,0.00,0.00,0.00,0.00,0.00,0.00,0.00,0.00,0.00,0.00,0.00
128.525825,98.531572,-213.67484,157.140015,131.226405,-195.725208,82.591591,96.74285,-232.102636,85.00386,0.00,0.00,0.00,0.00,0.00,0.00,0.00,0.00,0.00,0.00,0.00,0.00
128.650959,92.118588,-218.310669,157.2444,123.871136,-194.899391,84.87088,93.903568,-232.800282,83.81366,0.00,0.00,0.00,0.00,0.00,0.00,0.00,0.00,0.00,0.00,0.00,0.00
128.776036,87.866808,-219.085847,155.6492,115.83892,-194.352729,83.676559,89.887307,-233.134655,84.800598,0.00,0.00,0.00,0.00,0.00,0.00,0.00,0.00,0.00,0.00,0.00,0.00
128.901187,84.720011,-217.454615,155.943039,109.432822,-194.598266,82.292099,85.53985,-234.256798,90.197639,0.00,0.00,0.00,0.00,0.00,0.00,0.00,0.00,0.00,0.00,0.00,0.00
129.025659,81.080934,-217.414746,156.191696,104.03409,-196.663459,82.66423,76.933858,-237.38696,93.43663,0.00,0.00,0.00,0.00,0.00,0.00,0.00,0.00,0.00,0.00,0.00,0.00
129.151126,75.945582,-219.857883,155.555267,102.204272,-198.984719,81.90641,59.082591,-240.875138,99.116333,0.00,0.00,0.00,0.00,0.00,0.00,0.00,0.00,0.00,0.00,0.00,0.00
129.276013,69.003787,-225.786195,154.419662,102.802967,-202.08579,82.30883,37.853827,-245.556713,108.900925,0.00,0.00,0.00,0.00,0.00,0.00,0.00,0.00,0.00,0.00,0.00,0.00
129.400619,60.562326,-233.739052,154.20813,103.699109,-208.981433,84.494141,20.479331,-253.639958,119.820953,0.00,0.00,0.00,0.00,0.00,0.00,0.00,0.00,0.00,0.00,0.00,0.00
129.524702,54.350183,-239.573079,154.566437,106.034635,-217.023654,84.500244,10.198257,-263.48343,128.657013,0.00,0.00,0.00,0.00,0.00,0.00,0.00,0.00,0.00,0.00,0.00,0.00
129.649121,50.26653,-242.891711,154.219223,106.077372,-221.347965,85.289116,5.128457,-272.717429,132.612701,0.00,0.00,0.00,0.00,0.00,0.00,0.00,0.00,0.00,0.00,0.00,0.00
129.77403,48.177389,-244.560023,154.253983,105.224143,-222.323601,85.564606,3.494723,-277.331602,132.585602,0.00,0.00,0.00,0.00,0.00,0.00,0.00,0.00,0.00,0.00,0.00,0.00
129.899027,47.3602,-245.319356,154.281311,104.657269,-224.073815,85.700829,2.925545,-278.180297,130.676437,0.00,0.00,0.00,0.00,0.00,0.00,0.00,0.00,0.00,0.00,0.00,0.00
130.024188,47.259747,-243.534424,154.319077,106.286602,-227.175362,86.000916,4.476601,-267.987979,126.221832,0.00,0.00,0.00,0.00,0.00,0.00,0.00,0.00,0.00,0.00,0.00,0.00
130.149038,50.773634,-235.885538,154.146759,114.106105,-243.838386,88.257637,17.290659,-250.137495,114.760056,0.00,0.00,0.00,0.00,0.00,0.00,0.00,0.00,0.00,0.00,0.00,0.00
130.274964,59.856883,-227.539076,153.966003,110.265533,-269.931321,89.12439,35.442856,-237.427272,102.727768,0.00,0.00,0.00,0.00,0.00,0.00,0.00,0.00,0.00,0.00,0.00,0.00
130.400449,71.158623,-221.675057,153.753754,112.105227,-227.607273,85.60569,55.173551,-228.589171,96.203598,0.00,0.00,0.00,0.00,0.00,0.00,0.00,0.00,0.00,0.00,0.00,0.00
130.52539,82.531123,-215.840467,153.402969,117.55786,-228.348757,82.413315,71.598062,-221.816432,95.544609,0.00,0.00,0.00,0.00,0.00,0.00,0.00,0.00,0.00,0.00,0.00,0.00
130.650317,95.464813,-209.737419,152.838882,124.535622,-227.07383,79.694496,82.159464,-215.513706,93.332306,0.00,0.00,0.00,0.00,0.00,0.00,0.00,0.00,0.00,0.00,0.00,0.00
130.775061,105.573267,-205.016414,154.026215,130.367896,-223.591242,80.265388,88.812371,-209.165354,92.30706,0.00,0.00,0.00,0.00,0.00,0.00,0.00,0.00,0.00,0.00,0.00,0.00
130.899885,112.56187,-199.987583,154.649216,134.303222,-218.837462,79.953644,92.569037,-202.713149,91.19722,0.00,0.00,0.00,0.00,0.00,0.00,0.00,0.00,0.00,0.00,0.00,0.00
131.025028,115.849594,-193.287732,154.143814,136.057546,-215.493495,78.636131,92.952808,-195.790903,89.546272,0.00,0.00,0.00,0.00,0.00,0.00,0.00,0.00,0.00,0.00,0.00,0.00
131.150126,115.973943,-184.240693,153.523972,135.615179,-208.221732,78.472015,91.492539,-187.941057,86.987457,0.00,0.00,0.00,0.00,0.00,0.00,0.00,0.00,0.00,0.00,0.00,0.00
131.275207,114.248294,-173.58023,152.463165,136.002727,-197.668985,78.560753,90.258942,-177.874356,83.980293,0.00,0.00,0.00,0.00,0.00,0.00,0.00,0.00,0.00,0.00,0.00,0.00
131.399985,111.980441,-161.934137,154.799057,136.538855,-185.450328,81.853737,89.780557,-165.635546,84.684441,0.00,0.00,0.00,0.00,0.00,0.00,0.00,0.00,0.00,0.00,0.00,0.00
131.525111,111.505543,-151.606743,157.174881,136.425134,-171.717686,84.660385,90.09314,-151.23847,87.565811,0.00,0.00,0.00,0.00,0.00,0.00,0.00,0.00,0.00,0.00,0.00,0.00
131.650386,113.372413,-141.318385,157.06131,136.373363,-160.77047,83.823441,91.607091,-136.080967,88.06118,0.00,0.00,0.00,0.00,0.00,0.00,0.00,0.00,0.00,0.00,0.00,0.00
131.775008,116.576642,-129.672104,155.460175,136.65699,-150.77041,80.511726,93.571815,-123.309339,86.114204,0.00,0.00,0.00,0.00,0.00,0.00,0.00,0.00,0.00,0.00,0.00,0.00
131.899836,121.793653,-117.678829,154.7323,139.103826,-138.878553,77.489594,92.70342,-115.301672,83.372009,0.00,0.00,0.00,0.00,0.00,0.00,0.00,0.00,0.00,0.00,0.00,0.00
132.025331,125.274172,-106.761301,155.720688,143.896622,-123.01865,78.659943,91.248676,-111.105162,81.909653,0.00,0.00,0.00,0.00,0.00,0.00,0.00,0.00,0.00,0.00,0.00,0.00
132.149521,126.384954,-96.841489,157.364014,147.140991,-102.313433,83.170769,90.994195,-105.431157,81.15844,0.00,0.00,0.00,0.00,0.00,0.00,0.00,0.00,0.00,0.00,0.00,0.00
132.275028,127.136305,-87.264472,156.954697,147.907267,-83.76343,87.621223,93.353261,-96.104908,79.147896,0.00,0.00,0.00,0.00,0.00,0.00,0.00,0.00,0.00,0.00,0.00,0.00
132.400192,126.850627,-77.641921,155.815308,147.390902,-70.371738,91.616043,94.845715,-82.095805,77.828377,0.00,0.00,0.00,0.00,0.00,0.00,0.00,0.00,0.00,0.00,0.00,0.00
132.525172,126.728633,-68.107808,156.646561,150.469603,-61.126059,97.223427,93.69409,-67.465556,81.136993,0.00,0.00,0.00,0.00,0.00,0.00,0.00,0.00,0.00,0.00,0.00,0.00
132.649991,129.243523,-60.711154,157.045334,157.609725,-49.45543,104.273819,92.349287,-55.708603,85.438446,0.00,0.00,0.00,0.00,0.00,0.00,0.00,0.00,0.00,0.00,0.00,0.00
132.774407,133.746735,-54.521209,156.002014,166.399489,-35.592994,112.769066,92.701433,-50.642015,87.298744,0.00,0.00,0.00,0.00,0.00,0.00,0.00,0.00,0.00,0.00,0.00,0.00
132.898994,140.486977,-49.022132,155.964371,176.289364,-21.684525,120.465759,95.477736,-53.59895,87.041977,0.00,0.00,0.00,0.00,0.00,0.00,0.00,0.00,0.00,0.00,0.00,0.00
133.024105,146.996992,-43.952627,155.531509,186.818393,-12.040403,125.772346,100.444659,-60.617456,84.472969,0.00,0.00,0.00,0.00,0.00,0.00,0.00,0.00,0.00,0.00,0.00,0.00
133.148857,150.073268,-39.254416,154.836411,196.113018,-8.307461,127.893661,104.098177,-67.249278,84.124084,0.00,0.00,0.00,0.00,0.00,0.00,0.00,0.00,0.00,0.00,0.00,0.00
133.273554,150.35226,-35.21823,154.111221,198.098688,-6.88643,126.618217,106.436213,-70.30878,85.189697,0.00,0.00,0.00,0.00,0.00,0.00,0.00,0.00,0.00,0.00,0.00,0.00
133.398815,145.57441,-31.366233,153.66655,194.084778,-3.456932,121.996307,106.231561,-70.313203,85.972557,0.00,0.00,0.00,0.00,0.00,0.00,0.00,0.00,0.00,0.00,0.00,0.00
133.524024,135.023665,-30.233778,153.163025,175.465,-1.845313,110.884521,105.239738,-68.5499,85.618332,0.00,0.00,0.00,0.00,0.00,0.00,0.00,0.00,0.00,0.00,0.00,0.00
133.649055,124.370494,-31.955206,152.805954,149.510589,-10.238112,99.054855,103.667159,-66.159848,84.711929,0.00,0.00,0.00,0.00,0.00,0.00,0.00,0.00,0.00,0.00,0.00,0.00
133.774577,113.725752,-34.946083,151.8871,126.440512,-21.198963,92.034187,100.887466,-61.953325,85.022408,0.00,0.00,0.00,0.00,0.00,0.00,0.00,0.00,0.00,0.00,0.00,0.00
133.899432,103.555252,-39.476234,152.934235,112.027062,-28.16602,90.423996,96.550077,-58.080827,88.092918,0.00,0.00,0.00,0.00,0.00,0.00,0.00,0.00,0.00,0.00,0.00,0.00
134.02429,94.775188,-43.659119,154.141418,107.794931,-25.907446,88.660248,91.17254,-55.709097,89.617653,0.00,0.00,0.00,0.00,0.00,0.00,0.00,0.00,0.00,0.00,0.00,0.00
134.149493,86.434181,-45.962837,153.865952,110.109519,-18.961585,83.899338,85.143707,-54.48676,89.827415,0.00,0.00,0.00,0.00,0.00,0.00,0.00,0.00,0.00,0.00,0.00,0.00
134.274655,77.546681,-45.469392,152.807968,113.618601,-14.31866,81.909088,79.098072,-54.032637,88.902145,0.00,0.00,0.00,0.00,0.00,0.00,0.00,0.00,0.00,0.00,0.00,0.00
134.399352,67.173003,-42.438978,150.933167,107.965671,-12.171232,80.235344,70.94376,-53.37709,87.425491,0.00,0.00,0.00,0.00,0.00,0.00,0.00,0.00,0.00,0.00,0.00,0.00
134.524576,55.725014,-38.066793,150.22139,91.663849,-7.65361,77.853828,61.237249,-53.186558,86.664391,0.00,0.00,0.00,0.00,0.00,0.00,0.00,0.00,0.00,0.00,0.00,0.00
134.649677,44.879065,-36.060788,151.413544,62.78405,-3.801902,78.227661,50.913968,-52.811186,89.912651,0.00,0.00,0.00,0.00,0.00,0.00,0.00,0.00,0.00,0.00,0.00,0.00
134.774867,34.871866,-38.09019,150.942505,32.631652,-4.851997,83.451881,41.708164,-54.085092,90.648552,0.00,0.00,0.00,0.00,0.00,0.00,0.00,0.00,0.00,0.00,0.00,0.00
134.899338,24.645227,-43.460473,150.101501,10.245765,-10.91514,88.34845,33.32581,-57.226032,89.504936,0.00,0.00,0.00,0.00,0.00,0.00,0.00,0.00,0.00,0.00,0.00,0.00
135.024423,14.428212,-51.664721,149.394958,-1.902135,-18.58518,88.027817,24.264664,-63.298682,86.819237,0.00,0.00,0.00,0.00,0.00,0.00,0.00,0.00,0.00,0.00,0.00,0.00
135.149488,4.453824,-59.599571,151.741028,-4.277841,-24.687651,85.559761,15.19231,-71.726244,85.74588,0.00,0.00,0.00,0.00,0.00,0.00,0.00,0.00,0.00,0.00,0.00,0.00
135.274448,-5.043749,-64.82491,154.375977,-2.056346,-28.287171,84.313103,5.572529,-79.794219,87.285843,0.00,0.00,0.00,0.00,0.00,0.00,0.00,0.00,0.00,0.00,0.00,0.00
135.399368,-15.75625,-68.127248,155.140869,-3.464545,-31.54913,83.827415,-5.022296,-85.092719,88.389435,0.00,0.00,0.00,0.00,0.00,0.00,0.00,0.00,0.00,0.00,0.00,0.00
135.52429,-28.005865,-68.039433,154.198288,-12.167216,-32.476085,76.846169,-15.575733,-87.099039,88.890694,0.00,0.00,0.00,0.00,0.00,0.00,0.00,0.00,0.00,0.00,0.00,0.00
135.649146,-40.653403,-65.860037,153.890823,-27.749502,-35.649092,72.426498,-27.053631,-88.731058,91.393097,0.00,0.00,0.00,0.00,0.00,0.00,0.00,0.00,0.00,0.00,0.00,0.00
135.774568,-50.281986,-64.59044,154.900009,-45.774944,-41.477783,76.701187,-40.666466,-89.409094,93.996063,0.00,0.00,0.00,0.00,0.00,0.00,0.00,0.00,0.00,0.00,0.00,0.00
135.899284,-57.447136,-65.192587,156.22644,-57.908582,-45.633074,84.344894,-56.579407,-89.195058,97.024628,0.00,0.00,0.00,0.00,0.00,0.00,0.00,0.00,0.00,0.00,0.00,0.00
136.024726,-64.263772,-66.643417,155.699036,-60.353565,-45.742845,86.207367,-74.276399,-87.670422,101.111748,0.00,0.00,0.00,0.00,0.00,0.00,0.00,0.00,0.00,0.00,0.00,0.00
136.149221,-70.668286,-69.566934,155.098694,-51.299491,-46.420893,83.644447,-96.27844,-85.186345,108.448235,0.00,0.00,0.00,0.00,0.00,0.00,0.00,0.00,0.00,0.00,0.00,0.00
136.27374,-78.318453,-73.753018,155.702469,-36.813,-54.780832,84.374023,-116.104244,-81.396202,118.189171,0.00,0.00,0.00,0.00,0.00,0.00,0.00,0.00,0.00,0.00,0.00,0.00
136.398018,-84.94261,-76.827907,155.780502,-27.563255,-68.287679,88.480339,-129.456155,-78.763296,127.436661,0.00,0.00,0.00,0.00,0.00,0.00,0.00,0.00,0.00,0.00,0.00,0.00
136.522846,-89.529795,-77.907106,155.173798,-27.856776,-77.362378,91.548927,-140.946377,-77.937365,132.979401,0.00,0.00,0.00,0.00,0.00,0.00,0.00,0.00,0.00,0.00,0.00,0.00
136.647669,-91.779227,-77.954586,154.968613,-31.279759,-81.621528,91.933594,-146.328255,-79.008728,133.984161,0.00,0.00,0.00,0.00,0.00,0.00,0.00,0.00,0.00,0.00,0.00,0.00
136.773093,-92.514252,-77.890119,155.097702,-34.484408,-81.571575,91.411461,-148.230228,-79.60522,133.375412,0.00,0.00,0.00,0.00,0.00,0.00,0.00,0.00,0.00,0.00,0.00,0.00
136.898212,-92.491105,-78.499535,155.461411,-36.115021,-78.02088,91.443924,-147.704393,-79.505232,132.924927,0.00,0.00,0.00,0.00,0.00,0.00,0.00,0.00,0.00,0.00,0.00,0.00
137.0232,-91.716801,-79.371448,155.74263,-36.897493,-72.312823,91.641388,-145.464393,-80.35941,131.994629,0.00,0.00,0.00,0.00,0.00,0.00,0.00,0.00,0.00,0.00,0.00,0.00
137.147967,-90.354298,-80.340218,156.000549,-38.486146,-67.311041,91.321564,-139.803017,-80.719084,128.501801,0.00,0.00,0.00,0.00,0.00,0.00,0.00,0.00,0.00,0.00,0.00,0.00
137.273062,-89.855028,-80.35225,155.613708,-40.519989,-63.437011,90.916321,-134.103278,-81.341198,128.02121,0.00,0.00,0.00,0.00,0.00,0.00,0.00,0.00,0.00,0.00,0.00,0.00
137.398006,-91.378681,-79.669196,155.463318,-42.628271,-64.760888,90.651794,-137.351898,-80.379403,131.704803,0.00,0.00,0.00,0.00,0.00,0.00,0.00,0.00,0.00,0.00,0.00,0.00
137.523305,-94.969427,-79.674822,154.780457,-45.92943,-66.668081,89.948074,-145.625408,-79.085297,132.598618,0.00,0.00,0.00,0.00,0.00,0.00,0.00,0.00,0.00,0.00,0.00,0.00
137.647678,-98.230346,-79.319171,154.31723,-48.373635,-66.929753,90.300865,-149.930002,-79.163619,133.444595,0.00,0.00,0.00,0.00,0.00,0.00,0.00,0.00,0.00,0.00,0.00,0.00
137.773023,-100.520221,-78.504679,153.787704,-50.326658,-67.610101,90.234016,-151.410485,-79.624048,134.253448,0.00,0.00,0.00,0.00,0.00,0.00,0.00,0.00,0.00,0.00,0.00,0.00
137.898047,-101.691978,-78.423045,153.953522,-49.637103,-68.846777,91.391571,-146.446462,-78.687619,131.67688,0.00,0.00,0.00,0.00,0.00,0.00,0.00,0.00,0.00,0.00,0.00,0.00
138.022825,-101.1529,-79.570445,155.045502,-50.226928,-66.115468,92.145149,-135.159444,-80.057993,122.614586,0.00,0.00,0.00,0.00,0.00,0.00,0.00,0.00,0.00,0.00,0.00,0.00
138.147875,-99.332519,-81.272642,156.180817,-51.298157,-61.755291,92.446335,-120.832091,-83.290226,108.314728,0.00,0.00,0.00,0.00,0.00,0.00,0.00,0.00,0.00,0.00,0.00,0.00
138.273663,-96.254468,-83.607937,156.82341,-53.38362,-55.252113,92.629852,-102.941586,-88.300991,93.713959,0.00,0.00,0.00,0.00,0.00,0.00,0.00,0.00,0.00,0.00,0.00,0.00
138.398781,-91.252009,-85.942917,156.027008,-59.447729,-47.655579,91.105644,-82.72672,-97.439392,82.81472,0.00,0.00,0.00,0.00,0.00,0.00,0.00,0.00,0.00,0.00,0.00,0.00
138.523334,-85.108402,-87.161212,154.965683,-66.637839,-41.092773,89.581718,-59.805498,-109.970221,82.544662,0.00,0.00,0.00,0.00,0.00,0.00,0.00,0.00,0.00,0.00,0.00,0.00
138.646879,-78.631445,-89.425973,155.939865,-70.046943,-42.338317,89.265457,-39.770578,-114.022706,88.783478,0.00,0.00,0.00,0.00,0.00,0.00,0.00,0.00,0.00,0.00,0.00,0.00
138.772599,-69.796832,-94.241768,157.031876,-83.220162,-49.907889,82.093437,-26.573478,-112.897413,90.133705,0.00,0.00,0.00,0.00,0.00,0.00,0.00,0.00,0.00,0.00,0.00,0.00
138.897576,-59.711422,-100.702621,157.256821,-83.886144,-65.43479,82.605942,-23.809296,-109.561915,87.215195,0.00,0.00,0.00,0.00,0.00,0.00,0.00,0.00,0.00,0.00,0.00,0.00
139.022567,-49.956552,-107.370203,156.458969,-79.92604,-84.474674,82.839981,-24.827879,-107.800825,85.718849,0.00,0.00,0.00,0.00,0.00,0.00,0.00,0.00,0.00,0.00,0.00,0.00
139.148048,-43.487294,-113.663113,157.105286,-72.446621,-100.316856,84.814339,-24.722434,-110.52497,85.899551,0.00,0.00,0.00,0.00,0.00,0.00,0.00,0.00,0.00,0.00,0.00,0.00
139.272472,-40.408861,-120.283533,157.705627,-67.681343,-109.301878,86.393044,-24.847492,-118.254796,87.823082,0.00,0.00,0.00,0.00,0.00,0.00,0.00,0.00,0.00,0.00,0.00,0.00
139.397729,-39.406748,-127.800597,156.762314,-66.483945,-116.946535,86.021889,-24.946527,-125.704586,86.938095,0.00,0.00,0.00,0.00,0.00,0.00,0.00,0.00,0.00,0.00,0.00,0.00
139.522405,-41.160745,-136.307898,156.062195,-68.007911,-125.35696,83.565834,-25.477421,-132.514218,86.359962,0.00,0.00,0.00,0.00,0.00,0.00,0.00,0.00,0.00,0.00,0.00,0.00
139.647645,-45.281435,-145.916582,155.18251,-70.455341,-135.575268,80.678162,-24.230749,-138.90757,84.303574,0.00,0.00,0.00,0.00,0.00,0.00,0.00,0.00,0.00,0.00,0.00,0.00
139.772386,-49.390931,-156.110987,156.778732,-72.616701,-148.980814,81.257782,-22.111089,-145.457476,84.459045,0.00,0.00,0.00,0.00,0.00,0.00,0.00,0.00,0.00,0.00,0.00,0.00
139.89791,-51.320599,-165.106412,157.997375,-72.152168,-167.882647,84.826057,-22.019037,-154.557106,86.352448,0.00,0.00,0.00,0.00,0.00,0.00,0.00,0.00,0.00,0.00,0.00,0.00
140.022671,-51.497095,-174.230022,157.778854,-70.185001,-186.068724,89.415466,-22.472738,-164.217363,86.077179,0.00,0.00,0.00,0.00,0.00,0.00,0.00,0.00,0.00,0.00,0.00,0.00
140.147702,-49.575914,-183.312473,156.164642,-68.784349,-200.974708,92.995872,-22.708491,-175.002076,84.10112,0.00,0.00,0.00,0.00,0.00,0.00,0.00,0.00,0.00,0.00,0.00,0.00
140.272489,-46.084335,-191.984916,156.978516,-69.635519,-212.753645,97.998604,-22.080047,-185.82569,82.831696,0.00,0.00,0.00,0.00,0.00,0.00,0.00,0.00,0.00,0.00,0.00,0.00
140.397387,-44.575828,-199.641714,158.029877,-72.163645,-226.978354,107.157455,-21.534452,-195.337552,84.659134,0.00,0.00,0.00,0.00,0.00,0.00,0.00,0.00,0.00,0.00,0.00,0.00
140.521878,-45.062312,-207.469564,157.927368,-74.179679,-240.820925,117.139877,-19.864492,-202.557188,86.418587,0.00,0.00,0.00,0.00,0.00,0.00,0.00,0.00,0.00,0.00,0.00,0.00
140.646362,-48.149318,-215.64502,156.501038,-76.361478,-254.051504,125.681015,-18.459439,-205.193745,86.510155,0.00,0.00,0.00,0.00,0.00,0.00,0.00,0.00,0.00,0.00,0.00,0.00
140.77177,-52.481797,-224.363105,156.227798,-77.530482,-267.329561,132.471436,-19.654355,-204.363772,87.301704,0.00,0.00,0.00,0.00,0.00,0.00,0.00,0.00,0.00,0.00,0.00,0.00
140.896049,-54.949362,-231.483325,155.72319,-76.820177,-273.409677,133.803802,-23.645305,-204.617095,87.453186,0.00,0.00,0.00,0.00,0.00,0.00,0.00,0.00,0.00,0.00,0.00,0.00
141.020821,-54.500797,-236.133584,155.515381,-76.579688,-275.036544,130.397537,-25.365494,-207.751086,87.177544,0.00,0.00,0.00,0.00,0.00,0.00,0.00,0.00,0.00,0.00,0.00,0.00
141.145907,-48.394839,-238.794312,155.918945,-74.047662,-271.893712,116.786194,-25.51848,-211.632523,87.483803,0.00,0.00,0.00,0.00,0.00,0.00,0.00,0.00,0.00,0.00,0.00,0.00
141.271468,-42.030589,-239.05836,155.420319,-69.838312,-266.270471,97.996468,-24.130421,-213.876519,88.757751,0.00,0.00,0.00,0.00,0.00,0.00,0.00,0.00,0.00,0.00,0.00,0.00
141.396446,-36.486496,-238.405286,155.064484,-62.869664,-258.006772,85.513245,-22.335404,-213.484527,90.15258,0.00,0.00,0.00,0.00,0.00,0.00,0.00,0.00,0.00,0.00,0.00,0.00
141.521522,-28.819397,-236.084,154.847046,-55.74153,-251.75516,78.847679,-19.695887,-212.63158,89.720474,0.00,0.00,0.00,0.00,0.00,0.00,0.00,0.00,0.00,0.00,0.00,0.00
141.64704,-19.55058,-233.019991,153.834488,-47.787123,-249.214203,78.124046,-14.900359,-213.900327,88.366714,0.00,0.00,0.00,0.00,0.00,0.00,0.00,0.00,0.00,0.00,0.00,0.00
141.772432,-9.344723,-229.575227,154.57663,-39.672826,-250.373381,81.04184,-7.696186,-216.459156,88.769226,0.00,0.00,0.00,0.00,0.00,0.00,0.00,0.00,0.00,0.00,0.00,0.00
141.89673,-0.485441,-226.467591,156.240814,-30.583163,-252.810002,84.398529,1.023552,-218.605979,90.819717,0.00,0.00,0.00,0.00,0.00,0.00,0.00,0.00,0.00,0.00,0.00,0.00
142.022162,8.442805,-224.563984,155.32019,-21.909989,-254.87115,86.418495,11.039326,-219.136152,90.632675,0.00,0.00,0.00,0.00,0.00,0.00,0.00,0.00,0.00,0.00,0.00,0.00
142.146976,17.427743,-224.402706,153.474228,-13.743865,-256.475608,86.386528,19.395478,-219.891051,90.633301,0.00,0.00,0.00,0.00,0.00,0.00,0.00,0.00,0.00,0.00,0.00,0.00
142.271902,27.177665,-227.189128,151.828293,-2.760942,-259.125223,83.582863,26.831975,-221.725959,89.249352,0.00,0.00,0.00,0.00,0.00,0.00,0.00,0.00,0.00,0.00,0.00,0.00
142.397027,38.085667,-231.934102,151.448105,11.946818,-262.260208,80.535995,35.768825,-222.865174,88.759544,0.00,0.00,0.00,0.00,0.00,0.00,0.00,0.00,0.00,0.00,0.00,0.00
142.5215,49.456507,-236.507529,153.87233,31.877227,-264.995574,80.784477,45.448782,-224.091555,91.463799,0.00,0.00,0.00,0.00,0.00,0.00,0.00,0.00,0.00,0.00,0.00,0.00
142.646658,58.943564,-237.82567,155.57666,59.938941,-268.39965,81.957253,55.394246,-224.050231,92.781982,0.00,0.00,0.00,0.00,0.00,0.00,0.00,0.00,0.00,0.00,0.00,0.00
142.773224,67.870138,-236.550576,155.542709,78.587156,-262.795253,85.854942,65.389176,-221.914822,91.568787,0.00,0.00,0.00,0.00,0.00,0.00,0.00,0.00,0.00,0.00,0.00,0.00
142.896711,77.967888,-232.711259,154.264664,89.996391,-254.769154,87.353241,74.29557,-217.770039,88.892448,0.00,0.00,0.00,0.00,0.00,0.00,0.00,0.00,0.00,0.00,0.00,0.00
143.02166,88.962756,-226.1144,152.749222,99.508328,-247.735268,86.587318,82.91653,-212.76365,85.144302,0.00,0.00,0.00,0.00,0.00,0.00,0.00,0.00,0.00,0.00,0.00,0.00
143.146885,98.95214,-218.493631,152.963699,108.050992,-241.567221,86.534973,89.347303,-207.510959,81.292931,0.00,0.00,0.00,0.00,0.00,0.00,0.00,0.00,0.00,0.00,0.00,0.00
143.271588,106.118916,-213.441768,155.80545,117.014229,-232.759245,88.963753,92.187998,-202.209135,81.912666,0.00,0.00,0.00,0.00,0.00,0.00,0.00,0.00,0.00,0.00,0.00,0.00
143.396733,112.525227,-210.273645,156.529449,126.408219,-220.136145,89.69487,93.120047,-199.78516,81.859833,0.00,0.00,0.00,0.00,0.00,0.00,0.00,0.00,0.00,0.00,0.00,0.00
143.521776,119.154003,-206.869432,157.420639,139.270077,-203.631899,93.429398,93.338042,-201.117007,83.045158,0.00,0.00,0.00,0.00,0.00,0.00,0.00,0.00,0.00,0.00,0.00,0.00
143.646756,127.139526,-203.969631,157.72168,156.37904,-183.979878,104.31768,94.221568,-205.967365,83.043304,0.00,0.00,0.00,0.00,0.00,0.00,0.00,0.00,0.00,0.00,0.00,0.00
143.770858,138.255432,-200.24052,157.045013,169.527828,-169.131222,116.634048,97.810653,-211.612014,82.833427,0.00,0.00,0.00,0.00,0.00,0.00,0.00,0.00,0.00,0.00,0.00,0.00
143.894979,149.404834,-195.831583,158.866501,180.009461,-159.85127,124.132835,105.881835,-217.164338,87.224777,0.00,0.00,0.00,0.00,0.00,0.00,0.00,0.00,0.00,0.00,0.00,0.00
144.019697,157.518338,-191.4567,157.63295,190.67038,-152.830454,128.643707,110.114499,-218.973495,89.859978,0.00,0.00,0.00,0.00,0.00,0.00,0.00,0.00,0.00,0.00,0.00,0.00
144.144273,161.982999,-188.43165,156.755829,199.747465,-150.31462,132.101288,113.425011,-216.838482,92.150291,0.00,0.00,0.00,0.00,0.00,0.00,0.00,0.00,0.00,0.00,0.00,0.00
144.269248,163.482279,-186.401853,156.143982,199.375349,-148.744453,127.797958,115.584354,-213.279652,93.600121,0.00,0.00,0.00,0.00,0.00,0.00,0.00,0.00,0.00,0.00,0.00,0.00
144.394426,160.482074,-184.699494,156.382202,191.072075,-150.476455,110.426102,117.308048,-212.061697,94.254631,0.00,0.00,0.00,0.00,0.00,0.00,0.00,0.00,0.00,0.00,0.00,0.00
144.519689,151.8434,-185.201701,157.091385,176.292329,-162.686863,88.857742,119.152601,-214.557522,94.076523,0.00,0.00,0.00,0.00,0.00,0.00,0.00,0.00,0.00,0.00,0.00,0.00
144.64538,140.784108,-191.858697,158.152527,158.29065,-182.462848,78.224358,121.154508,-221.335175,92.359352,0.00,0.00,0.00,0.00,0.00,0.00,0.00,0.00,0.00,0.00,0.00,0.00
144.770937,132.765799,-200.699141,158.767365,142.921245,-195.66385,80.303589,121.783072,-229.766482,89.131638,0.00,0.00,0.00,0.00,0.00,0.00,0.00,0.00,0.00,0.00,0.00,0.00
144.895758,126.668238,-210.158877,158.409851,137.301527,-194.375473,82.03434,121.369733,-235.992746,86.942352,0.00,0.00,0.00,0.00,0.00,0.00,0.00,0.00,0.00,0.00,0.00,0.00
145.0209,120.389746,-221.446974,158.061234,137.166646,-190.143517,82.349022,117.998602,-240.715917,83.417633,0.00,0.00,0.00,0.00,0.00,0.00,0.00,0.00,0.00,0.00,0.00,0.00
145.145947,114.809531,-230.310131,158.19368,138.243816,-191.424981,85.173981,111.720688,-242.780158,83.767326,0.00,0.00,0.00,0.00,0.00,0.00,0.00,0.00,0.00,0.00,0.00,0.00
145.27081,109.498272,-235.662451,157.683807,134.737927,-196.506504,85.347145,105.977828,-242.824768,86.181801,0.00,0.00,0.00,0.00,0.00,0.00,0.00,0.00,0.00,0.00,0.00,0.00
145.395468,104.083139,-237.523331,156.700729,127.622858,-200.86442,83.103577,101.844028,-242.822525,86.939796,0.00,0.00,0.00,0.00,0.00,0.00,0.00,0.00,0.00,0.00,0.00,0.00
145.520391,99.099261,-236.142409,156.860519,118.330704,-202.674484,81.207947,98.773217,-242.61058,87.328964,0.00,0.00,0.00,0.00,0.00,0.00,0.00,0.00,0.00,0.00,0.00,0.00
145.646006,94.089258,-233.102415,157.077057,110.774625,-202.723629,78.831329,92.542338,-244.754292,89.226654,0.00,0.00,0.00,0.00,0.00,0.00,0.00,0.00,0.00,0.00,0.00,0.00
145.770617,89.060674,-230.54747,157.182602,106.596798,-202.496675,78.0149,84.01372,-248.156752,92.849937,0.00,0.00,0.00,0.00,0.00,0.00,0.00,0.00,0.00,0.00,0.00,0.00
145.895442,84.577954,-229.542404,157.333786,104.293024,-202.65583,78.136322,73.465275,-251.53155,95.954681,0.00,0.00,0.00,0.00,0.00,0.00,0.00,0.00,0.00,0.00,0.00,0.00
146.021203,79.599145,-229.842538,156.733871,102.963386,-204.683995,77.747147,59.303816,-252.860953,99.8909,0.00,0.00,0.00,0.00,0.00,0.00,0.00,0.00,0.00,0.00,0.00,0.00
146.145914,73.997614,-232.549955,156.20549,99.516686,-209.173262,77.728096,44.009878,-251.689939,103.954697,0.00,0.00,0.00,0.00,0.00,0.00,0.00,0.00,0.00,0.00,0.00,0.00
146.270526,66.661786,-237.803932,156.176239,92.883453,-212.762833,77.989197,29.553143,-251.309786,109.088493,0.00,0.00,0.00,0.00,0.00,0.00,0.00,0.00,0.00,0.00,0.00,0.00
146.39555,58.360078,-243.446217,156.05275,85.670847,-215.739595,79.271805,15.376249,-254.881155,117.249428,0.00,0.00,0.00,0.00,0.00,0.00,0.00,0.00,0.00,0.00,0.00,0.00
146.519521,51.858553,-247.178669,155.242065,82.374885,-216.574948,80.902061,4.308055,-263.619993,125.647125,0.00,0.00,0.00,0.00,0.00,0.00,0.00,0.00,0.00,0.00,0.00,0.00
146.643976,48.003319,-248.904487,154.637787,82.435771,-218.906191,81.761375,-1.073117,-274.728871,131.251068,0.00,0.00,0.00,0.00,0.00,0.00,0.00,0.00,0.00,0.00,0.00,0.00
146.768831,46.139805,-249.79465,154.525635,81.777938,-220.470532,82.208702,-1.555723,-278.313425,131.796021,0.00,0.00,0.00,0.00,0.00,0.00,0.00,0.00,0.00,0.00,0.00,0.00
146.893732,45.365942,-248.695908,154.664841,82.286886,-222.795522,82.136261,-1.576789,-275.10374,127.859222,0.00,0.00,0.00,0.00,0.00,0.00,0.00,0.00,0.00,0.00,0.00,0.00
147.018773,47.634993,-242.492264,154.283691,95.70069,-229.522049,85.238029,6.892112,-260.764414,117.163132,0.00,0.00,0.00,0.00,0.00,0.00,0.00,0.00,0.00,0.00,0.00,0.00
147.145472,54.729232,-235.651846,153.041412,109.690567,-247.374392,88.805634,26.535899,-247.601689,104.689957,0.00,0.00,0.00,0.00,0.00,0.00,0.00,0.00,0.00,0.00,0.00,0.00
147.269827,62.553472,-230.270096,152.669937,103.888963,-235.020853,85.975548,47.000573,-238.182694,97.594131,0.00,0.00,0.00,0.00,0.00,0.00,0.00,0.00,0.00,0.00,0.00,0.00
147.395145,71.393753,-225.145939,152.577682,107.472969,-235.276413,83.760811,63.882405,-231.919022,97.427681,0.00,0.00,0.00,0.00,0.00,0.00,0.00,0.00,0.00,0.00,0.00,0.00
147.519953,83.344508,-220.125888,152.126724,112.494106,-233.532271,80.87011,74.074173,-226.576593,96.424454,0.00,0.00,0.00,0.00,0.00,0.00,0.00,0.00,0.00,0.00,0.00,0.00
147.644852,95.710058,-215.798565,152.129013,119.727337,-232.003492,79.537392,80.381571,-219.711339,94.818405,0.00,0.00,0.00,0.00,0.00,0.00,0.00,0.00,0.00,0.00,0.00,0.00
147.769985,104.897222,-212.961969,154.057465,125.219627,-229.622011,80.93383,84.545131,-214.512812,93.628319,0.00,0.00,0.00,0.00,0.00,0.00,0.00,0.00,0.00,0.00,0.00,0.00
147.895123,111.170001,-209.125271,154.617523,127.888946,-226.691147,79.878578,87.543134,-209.534232,91.678772,0.00,0.00,0.00,0.00,0.00,0.00,0.00,0.00,0.00,0.00,0.00,0.00
148.019912,114.642914,-202.691165,154.050613,129.777392,-222.654854,78.868935,89.086172,-203.144861,89.363876,0.00,0.00,0.00,0.00,0.00,0.00,0.00,0.00,0.00,0.00,0.00,0.00
148.144714,115.952442,-193.529968,153.14772,132.410985,-215.484741,79.032974,89.851886,-195.03187,86.771622,0.00,0.00,0.00,0.00,0.00,0.00,0.00,0.00,0.00,0.00,0.00,0.00
148.269999,115.45124,-181.990666,152.003281,135.51115,-207.643607,78.367615,91.721205,-183.755202,85.500656,0.00,0.00,0.00,0.00,0.00,0.00,0.00,0.00,0.00,0.00,0.00,0.00
148.394588,113.979802,-169.579478,153.861252,136.312372,-199.040675,80.470581,93.089363,-170.133054,86.890381,0.00,0.00,0.00,0.00,0.00,0.00,0.00,0.00,0.00,0.00,0.00,0.00
148.519572,113.789581,-158.501934,155.23967,135.534092,-187.131599,81.92878,94.801598,-156.410427,90.079895,0.00,0.00,0.00,0.00,0.00,0.00,0.00,0.00,0.00,0.00,0.00,0.00
148.644375,115.433858,-147.806123,155.485031,134.606186,-175.512312,81.347092,96.805324,-143.45866,91.151848,0.00,0.00,0.00,0.00,0.00,0.00,0.00,0.00,0.00,0.00,0.00,0.00
148.769688,118.750566,-136.023297,154.657349,135.949056,-164.436255,77.824661,98.431217,-132.492887,90.37204,0.00,0.00,0.00,0.00,0.00,0.00,0.00,0.00,0.00,0.00,0.00,0.00
148.894716,123.359716,-124.010888,153.775757,139.461493,-151.286705,74.17141,97.96894,-124.292074,87.818817,0.00,0.00,0.00,0.00,0.00,0.00,0.00,0.00,0.00,0.00,0.00,0.00
149.019631,127.007296,-113.021708,155.636887,145.498945,-133.967815,75.670288,96.522426,-116.767492,87.176552,0.00,0.00,0.00,0.00,0.00,0.00,0.00,0.00,0.00,0.00,0.00,0.00
149.144505,127.968541,-102.617676,157.113266,150.058069,-112.022662,79.384911,96.892214,-108.042042,86.948318,0.00,0.00,0.00,0.00,0.00,0.00,0.00,0.00,0.00,0.00,0.00,0.00
149.269644,127.875108,-91.459339,156.713379,151.850273,-92.241463,84.246323,97.913775,-97.549592,84.59864,0.00,0.00,0.00,0.00,0.00,0.00,0.00,0.00,0.00,0.00,0.00,0.00
149.39469,126.759103,-80.323136,154.735489,151.344066,-76.889229,86.30114,98.878374,-86.147536,80.278343,0.00,0.00,0.00,0.00,0.00,0.00,0.00,0.00,0.00,0.00,0.00,0.00
149.519723,125.982148,-69.290709,155.688339,149.108315,-65.623599,91.147522,98.164409,-74.473518,79.267731,0.00,0.00,0.00,0.00,0.00,0.00,0.00,0.00,0.00,0.00,0.00,0.00
149.644982,128.14449,-60.91284,156.902603,151.798361,-51.542882,100.572311,97.320596,-62.443106,82.409439,0.00,0.00,0.00,0.00,0.00,0.00,0.00,0.00,0.00,0.00,0.00,0.00
149.769599,132.578509,-54.313577,156.687408,160.050823,-37.094885,110.243248,96.808589,-53.851278,84.598007,0.00,0.00,0.00,0.00,0.00,0.00,0.00,0.00,0.00,0.00,0.00,0.00
149.894036,138.973649,-48.507546,155.183914,169.504152,-24.452166,118.696808,97.439014,-51.543297,84.189117,0.00,0.00,0.00,0.00,0.00,0.00,0.00,0.00,0.00,0.00,0.00,0.00
150.018815,146.608504,-42.37914,155.598373,179.076268,-14.03067,124.311707,101.508977,-54.655128,85.591026,0.00,0.00,0.00,0.00,0.00,0.00,0.00,0.00,0.00,0.00,0.00,0.00
150.143626,152.570275,-37.744846,155.39798,193.214616,-5.092602,130.156509,106.961359,-58.360423,86.147224,0.00,0.00,0.00,0.00,0.00,0.00,0.00,0.00,0.00,0.00,0.00,0.00
150.268356,155.099614,-34.470824,154.952927,198.376334,-4.162729,129.593552,110.436633,-59.92115,86.462746,0.00,0.00,0.00,0.00,0.00,0.00,0.00,0.00,0.00,0.00,0.00,0.00
150.393387,152.162431,-30.994113,154.83844,193.340167,-1.819813,122.006317,111.378454,-59.144889,86.994484,0.00,0.00,0.00,0.00,0.00,0.00,0.00,0.00,0.00,0.00,0.00,0.00
150.518376,143.749045,-29.940285,154.368378,177.252965,-2.335186,108.744049,111.862773,-57.615284,88.329102,0.00,0.00,0.00,0.00,0.00,0.00,0.00,0.00,0.00,0.00,0.00,0.00
150.643517,134.147328,-32.145672,154.138092,154.273612,-11.552635,97.160904,112.608033,-57.544549,88.348747,0.00,0.00,0.00,0.00,0.00,0.00,0.00,0.00,0.00,0.00,0.00,0.00
150.768843,123.989247,-35.715747,153.604919,132.862511,-26.377246,93.858704,112.019111,-59.208945,85.879173,0.00,0.00,0.00,0.00,0.00,0.00,0.00,0.00,0.00,0.00,0.00,0.00
150.89384,113.091937,-40.216024,152.749817,120.830555,-32.675689,91.514771,108.369894,-60.471533,84.553093,0.00,0.00,0.00,0.00,0.00,0.00,0.00,0.00,0.00,0.00,0.00,0.00
151.018942,103.440967,-44.492871,153.457855,116.17149,-28.075043,88.203964,101.66492,-60.146894,85.423904,0.00,0.00,0.00,0.00,0.00,0.00,0.00,0.00,0.00,0.00,0.00,0.00
151.143875,94.167837,-46.999673,153.069824,117.691401,-21.367141,83.124847,94.164318,-58.14945,85.28199,0.00,0.00,0.00,0.00,0.00,0.00,0.00,0.00,0.00,0.00,0.00,0.00
151.269625,84.765436,-46.518925,151.396088,118.232247,-18.31819,81.772385,86.889903,-55.361131,84.46109,0.00,0.00,0.00,0.00,0.00,0.00,0.00,0.00,0.00,0.00,0.00,0.00
151.394614,74.740032,-43.013761,149.782745,112.891914,-17.782254,80.062721,79.146702,-52.618831,84.822594,0.00,0.00,0.00,0.00,0.00,0.00,0.00,0.00,0.00,0.00,0.00,0.00
151.518915,63.869362,-37.610666,148.026657,101.246665,-13.814575,75.741776,69.087301,-50.687317,85.96666,0.00,0.00,0.00,0.00,0.00,0.00,0.00,0.00,0.00,0.00,0.00,0.00
151.643773,53.171429,-34.596028,149.181778,76.02162,-5.140318,75.39904,59.037452,-49.461854,90.147064,0.00,0.00,0.00,0.00,0.00,0.00,0.00,0.00,0.00,0.00,0.00,0.00
151.769172,43.428496,-35.726877,149.209473,46.425542,-0.9273,80.128059,50.665014,-50.62012,90.706894,0.00,0.00,0.00,0.00,0.00,0.00,0.00,0.00,0.00,0.00,0.00,0.00
151.894005,32.642957,-40.283848,147.537949,24.658986,-3.896171,84.66188,41.901907,-54.31481,89.909683,0.00,0.00,0.00,0.00,0.00,0.00,0.00,0.00,0.00,0.00,0.00,0.00
152.019001,21.869805,-48.936285,146.353592,12.15792,-11.81833,84.620216,31.618587,-60.175155,89.661606,0.00,0.00,0.00,0.00,0.00,0.00,0.00,0.00,0.00,0.00,0.00,0.00
152.143649,11.73709,-57.244594,149.553726,9.372317,-20.217134,83.246376,21.452387,-68.049798,90.589447,0.00,0.00,0.00,0.00,0.00,0.00,0.00,0.00,0.00,0.00,0.00,0.00
152.26898,1.99376,-62.895573,152.742554,9.194007,-26.62698,83.664513,11.292126,-75.841581,92.605652,0.00,0.00,0.00,0.00,0.00,0.00,0.00,0.00,0.00,0.00,0.00,0.00
152.39367,-8.370717,-66.555713,153.119614,5.587132,-30.683968,84.070229,0.646967,-81.994858,93.282043,0.00,0.00,0.00,0.00,0.00,0.00,0.00,0.00,0.00,0.00,0.00,0.00
152.518776,-19.330438,-68.160175,152.500565,-5.040549,-32.808569,81.597527,-9.918177,-84.959557,94.005363,0.00,0.00,0.00,0.00,0.00,0.00,0.00,0.00,0.00,0.00,0.00,0.00
152.643367,-31.865358,-67.968729,152.734665,-21.545883,-33.245059,74.391891,-21.604361,-87.815001,93.944893,0.00,0.00,0.00,0.00,0.00,0.00,0.00,0.00,0.00,0.00,0.00,0.00
152.7687,-42.413046,-67.392143,153.874557,-40.044188,-38.858261,77.314232,-35.185199,-88.512895,95.019333,0.00,0.00,0.00,0.00,0.00,0.00,0.00,0.00,0.00,0.00,0.00,0.00
152.893732,-50.989162,-66.982321,155.815735,-51.307399,-43.504647,82.624382,-48.944886,-88.038189,96.801903,0.00,0.00,0.00,0.00,0.00,0.00,0.00,0.00,0.00,0.00,0.00,0.00
153.018717,-58.542985,-66.154449,155.817764,-54.051073,-45.104004,83.024445,-63.316977,-86.687401,99.303528,0.00,0.00,0.00,0.00,0.00,0.00,0.00,0.00,0.00,0.00,0.00,0.00
153.143807,-65.345608,-66.195421,156.198151,-47.767838,-46.766457,80.538498,-80.574556,-85.332231,104.40583,0.00,0.00,0.00,0.00,0.00,0.00,0.00,0.00,0.00,0.00,0.00,0.00
153.268562,-74.429251,-69.013299,156.863525,-37.491912,-54.068999,82.227531,-102.015418,-82.382861,113.35746,0.00,0.00,0.00,0.00,0.00,0.00,0.00,0.00,0.00,0.00,0.00,0.00
153.393049,-84.137056,-72.822995,156.564911,-29.527949,-64.962279,87.368431,-120.852532,-80.885614,122.441032,0.00,0.00,0.00,0.00,0.00,0.00,0.00,0.00,0.00,0.00,0.00,0.00
153.517526,-91.040612,-75.273899,155.992645,-29.029918,-72.423676,92.035141,-135.00319,-80.782035,130.639786,0.00,0.00,0.00,0.00,0.00,0.00,0.00,0.00,0.00,0.00,0.00,0.00
153.642086,-94.627978,-76.733329,155.475403,-31.443885,-75.433244,93.118652,-143.616766,-80.083079,135.084381,0.00,0.00,0.00,0.00,0.00,0.00,0.00,0.00,0.00,0.00,0.00,0.00
153.767161,-95.950856,-77.370002,155.522751,-34.556904,-76.647767,92.791023,-146.577396,-79.420142,135.557251,0.00,0.00,0.00,0.00,0.00,0.00,0.00,0.00,0.00,0.00,0.00,0.00
153.892121,-96.027076,-77.899347,155.464828,-35.319784,-77.248962,92.59964,-147.573916,-79.568114,134.935028,0.00,0.00,0.00,0.00,0.00,0.00,0.00,0.00,0.00,0.00,0.00,0.00
154.017259,-95.081244,-76.953805,155.688721,-33.916233,-80.408798,93.363823,-141.174526,-77.034224,127.069839,0.00,0.00,0.00,0.00,0.00,0.00,0.00,0.00,0.00,0.00,0.00,0.00
154.143021,-90.750059,-72.514903,155.715714,-32.905413,-94.182809,94.288071,-124.079686,-75.092048,108.361183,0.00,0.00,0.00,0.00,0.00,0.00,0.00,0.00,0.00,0.00,0.00,0.00
154.268529,-82.333018,-68.69654,156.165451,-36.580982,-78.756076,88.943947,-103.906429,-82.404168,86.27784,0.00,0.00,0.00,0.00,0.00,0.00,0.00,0.00,0.00,0.00,0.00,0.00
154.39315,-71.717566,-67.669578,156.662888,-33.905456,-80.47464,88.420357,-84.365654,-101.425956,78.53933,0.00,0.00,0.00,0.00,0.00,0.00,0.00,0.00,0.00,0.00,0.00,0.00
154.518228,-61.274756,-66.543479,156.441071,-31.096532,-82.041964,88.182571,-76.576832,-108.440567,83.794838,0.00,0.00,0.00,0.00,0.00,0.00,0.00,0.00,0.00,0.00,0.00,0.00
154.643068,-49.211625,-66.562155,155.797104,-26.578437,-83.029945,87.086571,-79.333243,-102.773044,83.425629,0.00,0.00,0.00,0.00,0.00,0.00,0.00,0.00,0.00,0.00,0.00,0.00
154.768016,-36.286951,-70.391028,156.307602,-20.03476,-85.881235,85.503059,-79.772432,-85.999485,83.34803,0.00,0.00,0.00,0.00,0.00,0.00,0.00,0.00,0.00,0.00,0.00,0.00
154.893136,-27.725825,-75.363612,155.956467,-17.947703,-91.388969,84.270111,-71.395747,-65.997794,86.191681,0.00,0.00,0.00,0.00,0.00,0.00,0.00,0.00,0.00,0.00,0.00,0.00
155.018034,-24.367624,-78.833041,155.065216,-23.307756,-98.72489,83.677139,-61.213736,-49.955298,84.72319,0.00,0.00,0.00,0.00,0.00,0.00,0.00,0.00,0.00,0.00,0.00,0.00
155.143223,-26.06494,-82.995258,154.565308,-34.065764,-105.457052,84.067917,-49.08015,-43.804815,81.147713,0.00,0.00,0.00,0.00,0.00,0.00,0.00,0.00,0.00,0.00,0.00,0.00
155.268573,-30.502672,-85.429445,154.572266,-48.638697,-104.612809,85.160431,-37.137321,-43.587731,80.092361,0.00,0.00,0.00,0.00,0.00,0.00,0.00,0.00,0.00,0.00,0.00,0.00
155.393085,-34.623392,-88.841912,154.493362,-63.298299,-97.312471,84.27417,-26.90495,-50.44192,79.903114,0.00,0.00,0.00,0.00,0.00,0.00,0.00,0.00,0.00,0.00,0.00,0.00
155.518244,-39.410552,-94.392384,153.998962,-71.021126,-89.080341,82.568619,-22.403844,-60.703666,80.324051,0.00,0.00,0.00,0.00,0.00,0.00,0.00,0.00,0.00,0.00,0.00,0.00
155.642953,-42.916349,-102.060527,152.55394,-73.399066,-83.994304,80.582657,-20.704915,-72.496571,81.222839,0.00,0.00,0.00,0.00,0.00,0.00,0.00,0.00,0.00,0.00,0.00,0.00
155.768047,-46.013381,-110.581261,151.525833,-73.760435,-88.191773,79.021545,-20.666421,-85.466002,82.505157,0.00,0.00,0.00,0.00,0.00,0.00,0.00,0.00,0.00,0.00,0.00,0.00
155.892835,-47.533143,-118.063568,154.254944,-73.412285,-101.673445,79.124466,-21.51168,-96.142412,82.893661,0.00,0.00,0.00,0.00,0.00,0.00,0.00,0.00,0.00,0.00,0.00,0.00
156.017869,-46.952956,-125.346463,155.320663,-70.742385,-117.780497,80.967018,-21.644275,-104.765395,82.402084,0.00,0.00,0.00,0.00,0.00,0.00,0.00,0.00,0.00,0.00,0.00,0.00
156.142704,-44.825424,-134.008212,155.640823,-67.377282,-131.678216,82.755302,-19.690864,-115.638057,80.694397,0.00,0.00,0.00,0.00,0.00,0.00,0.00,0.00,0.00,0.00,0.00,0.00
156.26785,-40.595355,-143.457421,154.867371,-64.400678,-139.426778,81.076408,-16.509697,-130.222018,78.200241,0.00,0.00,0.00,0.00,0.00,0.00,0.00,0.00,0.00,0.00,0.00,0.00
156.392473,-35.803356,-153.525042,156.328064,-62.363713,-144.305628,81.661316,-13.793237,-145.966022,79.223389,0.00,0.00,0.00,0.00,0.00,0.00,0.00,0.00,0.00,0.00,0.00,0.00
156.517593,-33.583495,-162.495261,158.762344,-59.020298,-154.629233,86.477524,-13.39369,-160.466506,83.620331,0.00,0.00,0.00,0.00,0.00,0.00,0.00,0.00,0.00,0.00,0.00,0.00
156.642912,-33.632335,-170.740419,159.113052,-57.523145,-169.793737,89.372505,-14.230307,-171.476608,85.564026,0.00,0.00,0.00,0.00,0.00,0.00,0.00,0.00,0.00,0.00,0.00,0.00
156.768002,-35.153433,-179.650189,157.455704,-58.296716,-190.254979,93.282684,-14.336696,-178.756399,83.287468,0.00,0.00,0.00,0.00,0.00,0.00,0.00,0.00,0.00,0.00,0.00,0.00
156.892629,-39.188063,-190.741928,155.101135,-62.32306,-213.623931,100.294304,-14.345532,-184.034184,80.201653,0.00,0.00,0.00,0.00,0.00,0.00,0.00,0.00,0.00,0.00,0.00,0.00
157.016942,-45.592376,-203.852356,153.934021,-67.167074,-236.112158,109.280243,-15.644384,-188.463257,79.226906,0.00,0.00,0.00,0.00,0.00,0.00,0.00,0.00,0.00,0.00,0.00,0.00
157.141426,-51.158363,-216.343341,155.22139,-72.425799,-253.678583,117.816902,-18.722105,-191.190939,82.206551,0.00,0.00,0.00,0.00,0.00,0.00,0.00,0.00,0.00,0.00,0.00,0.00
157.2661,-53.595044,-225.670899,156.429596,-75.622453,-266.45086,129.257889,-21.864145,-195.501092,85.809998,0.00,0.00,0.00,0.00,0.00,0.00,0.00,0.00,0.00,0.00,0.00,0.00
157.391122,-53.76582,-231.301664,156.7052,-76.227447,-273.57388,136.353439,-24.180598,-200.199988,86.712807,0.00,0.00,0.00,0.00,0.00,0.00,0.00,0.00,0.00,0.00,0.00,0.00
157.515928,-50.732354,-233.748043,157.27536,-74.831717,-273.979904,132.961136,-24.693347,-203.773794,85.812347,0.00,0.00,0.00,0.00,0.00,0.00,0.00,0.00,0.00,0.00,0.00,0.00
157.641583,-43.165696,-235.002535,157.389328,-69.775202,-271.479605,120.023514,-22.875885,-206.43984,85.519157,0.00,0.00,0.00,0.00,0.00,0.00,0.00,0.00,0.00,0.00,0.00,0.00
157.766582,-37.249851,-235.153453,156.673645,-62.647576,-266.711982,102.973953,-20.385177,-209.610461,86.536514,0.00,0.00,0.00,0.00,0.00,0.00,0.00,0.00,0.00,0.00,0.00,0.00
157.891641,-31.975536,-234.913503,156.270081,-55.904134,-261.481772,86.430138,-18.379872,-213.84996,87.4422,0.00,0.00,0.00,0.00,0.00,0.00,0.00,0.00,0.00,0.00,0.00,0.00
158.016342,-23.942577,-235.171309,155.27504,-50.884269,-254.439098,79.888489,-14.709126,-218.780905,86.834671,0.00,0.00,0.00,0.00,0.00,0.00,0.00,0.00,0.00,0.00,0.00,0.00
158.141623,-13.985422,-236.113352,153.714218,-44.012605,-251.522022,78.507973,-7.628426,-223.611172,84.942207,0.00,0.00,0.00,0.00,0.00,0.00,0.00,0.00,0.00,0.00,0.00,0.00
158.267116,-4.257209,-235.470351,154.596375,-39.443636,-252.8098,79.831184,0.855474,-225.398604,85.042938,0.00,0.00,0.00,0.00,0.00,0.00,0.00,0.00,0.00,0.00,0.00,0.00
158.392324,5.0784,-234.542498,156.077713,-32.500904,-255.853643,80.269745,9.654057,-226.679288,84.827362,0.00,0.00,0.00,0.00,0.00,0.00,0.00,0.00,0.00,0.00,0.00,0.00
158.5169,14.438527,-235.408622,156.861633,-21.745259,-258.389834,81.164948,17.88397,-229.153304,84.959129,0.00,0.00,0.00,0.00,0.00,0.00,0.00,0.00,0.00,0.00,0.00,0.00
158.641864,24.024622,-237.694563,156.267197,-8.141028,-262.371924,79.46479,25.640103,-231.51815,84.52565,0.00,0.00,0.00,0.00,0.00,0.00,0.00,0.00,0.00,0.00,0.00,0.00
158.766988,34.081698,-241.538374,154.395752,7.13206,-267.539534,75.538765,33.133499,-231.216818,83.116074,0.00,0.00,0.00,0.00,0.00,0.00,0.00,0.00,0.00,0.00,0.00,0.00
158.891746,44.662514,-244.978851,155.411057,24.253127,-272.201582,74.917122,41.340759,-228.831501,84.996872,0.00,0.00,0.00,0.00,0.00,0.00,0.00,0.00,0.00,0.00,0.00,0.00
159.016546,54.561092,-244.871474,157.238342,45.880696,-275.186274,78.679466,49.811907,-227.242652,87.799629,0.00,0.00,0.00,0.00,0.00,0.00,0.00,0.00,0.00,0.00,0.00,0.00
159.141939,63.560207,-241.741625,156.809052,67.100022,-273.440666,81.777504,58.152266,-226.263154,88.694046,0.00,0.00,0.00,0.00,0.00,0.00,0.00,0.00,0.00,0.00,0.00,0.00
159.26663,72.868521,-236.706413,155.287933,83.877506,-266.944778,81.824692,66.465935,-225.123052,88.045242,0.00,0.00,0.00,0.00,0.00,0.00,0.00,0.00,0.00,0.00,0.00,0.00
159.391461,81.463439,-228.664128,154.131485,95.311125,-254.546839,81.924026,76.167134,-221.041992,87.488541,0.00,0.00,0.00,0.00,0.00,0.00,0.00,0.00,0.00,0.00,0.00,0.00
159.516807,88.545337,-221.056515,155.443085,106.475014,-242.500139,85.6698,86.085135,-214.715784,86.477058,0.00,0.00,0.00,0.00,0.00,0.00,0.00,0.00,0.00,0.00,0.00,0.00
159.641611,95.823017,-217.70497,158.65062,115.90001,-230.392843,88.809166,90.95563,-208.511584,87.555702,0.00,0.00,0.00,0.00,0.00,0.00,0.00,0.00,0.00,0.00,0.00,0.00
159.766807,103.041531,-213.715137,158.480331,125.533025,-216.271967,89.891281,90.497229,-204.946415,87.651329,0.00,0.00,0.00,0.00,0.00,0.00,0.00,0.00,0.00,0.00,0.00,0.00
159.891268,111.402953,-208.33101,157.8069,138.706187,-197.413457,95.112381,87.783015,-205.389275,86.531845,0.00,0.00,0.00,0.00,0.00,0.00,0.00,0.00,0.00,0.00,0.00,0.00
160.016627,121.991774,-202.553844,156.442123,152.470855,-178.442914,106.208801,87.799885,-207.619937,85.074791,0.00,0.00,0.00,0.00,0.00,0.00,0.00,0.00,0.00,0.00,0.00,0.00
160.140883,134.10112,-195.691839,156.275986,165.846156,-165.197638,117.603561,93.237856,-209.697601,84.789383,0.00,0.00,0.00,0.00,0.00,0.00,0.00,0.00,0.00,0.00,0.00,0.00
160.265291,143.927792,-189.549661,156.927856,179.575676,-156.86371,127.834488,101.59461,-211.505604,86.979897,0.00,0.00,0.00,0.00,0.00,0.00,0.00,0.00,0.00,0.00,0.00,0.00
160.403271,149.956046,-185.036804,156.138474,190.607778,-153.185586,133.300598,104.743479,-210.191538,89.335831,0.00,0.00,0.00,0.00,0.00,0.00,0.00,0.00,0.00,0.00,0.00,0.00
160.528242,151.303426,-182.056643,156.048798,196.511366,-151.316312,134.31778,106.775804,-208.384357,90.73774,0.00,0.00,0.00,0.00,0.00,0.00,0.00,0.00,0.00,0.00,0.00,0.00
160.653238,148.03534,-180.573427,156.26001,190.449205,-149.432556,122.994423,109.08676,-208.914909,91.398956,0.00,0.00,0.00,0.00,0.00,0.00,0.00,0.00,0.00,0.00,0.00,0.00
160.778263,138.304423,-182.885323,157.354828,173.672584,-155.876384,99.697441,110.913131,-212.856698,90.612297,0.00,0.00,0.00,0.00,0.00,0.00,0.00,0.00,0.00,0.00,0.00,0.00
160.889977,128.529157,-192.21635,158.571442,156.337995,-171.628213,84.843109,113.166761,-217.968865,89.880142,0.00,0.00,0.00,0.00,0.00,0.00,0.00,0.00,0.00,0.00,0.00,0.00
161.015843,120.532776,-205.324092,158.516876,144.710594,-186.54804,80.02108,113.119581,-221.788028,89.303017,0.00,0.00,0.00,0.00,0.00,0.00,0.00,0.00,0.00,0.00,0.00,0.00
161.141059,115.30835,-217.444731,158.043961,139.737836,-189.614946,80.720154,111.362376,-226.08257,86.36203,0.00,0.00,0.00,0.00,0.00,0.00,0.00,0.00,0.00,0.00,0.00,0.00
161.266153,109.890021,-227.536391,158.034973,133.221204,-188.635286,83.913925,108.83893,-229.817828,84.862877,0.00,0.00,0.00,0.00,0.00,0.00,0.00,0.00,0.00,0.00,0.00,0.00
161.390307,104.541511,-233.712432,157.787399,125.926728,-190.306928,85.071602,104.534315,-233.553475,83.831612,0.00,0.00,0.00,0.00,0.00,0.00,0.00,0.00,0.00,0.00,0.00,0.00
161.515836,99.133131,-235.862864,156.783386,120.466857,-193.192112,83.999779,99.340675,-236.505141,82.120087,0.00,0.00,0.00,0.00,0.00,0.00,0.00,0.00,0.00,0.00,0.00,0.00
161.640476,94.92883,-233.877996,156.916306,116.4573,-196.15753,80.961456,94.461286,-237.420031,82.898956,0.00,0.00,0.00,0.00,0.00,0.00,0.00,0.00,0.00,0.00,0.00,0.00
161.765621,91.257079,-229.626867,158.052368,113.834157,-196.818299,76.768219,89.3652,-237.410295,86.500374,0.00,0.00,0.00,0.00,0.00,0.00,0.00,0.00,0.00,0.00,0.00,0.00
161.89079,87.169302,-225.811953,157.870483,109.560908,-196.313445,74.600021,84.071223,-236.374552,89.96196,0.00,0.00,0.00,0.00,0.00,0.00,0.00,0.00,0.00,0.00,0.00,0.00
162.015743,83.204992,-224.351759,158.171921,104.857017,-197.156682,74.589447,76.133093,-235.884203,90.271118,0.00,0.00,0.00,0.00,0.00,0.00,0.00,0.00,0.00,0.00,0.00,0.00
162.140999,78.258722,-224.962133,157.746582,104.933253,-198.114193,73.782089,63.921461,-236.349291,93.852615,0.00,0.00,0.00,0.00,0.00,0.00,0.00,0.00,0.00,0.00,0.00,0.00
162.266288,71.858286,-228.574198,157.0103,107.109928,-200.918862,73.914551,46.341435,-239.353697,100.808975,0.00,0.00,0.00,0.00,0.00,0.00,0.00,0.00,0.00,0.00,0.00,0.00
162.391201,63.70265,-234.205541,157.390015,107.977435,-206.882424,76.617386,27.743737,-246.38067,108.587051,0.00,0.00,0.00,0.00,0.00,0.00,0.00,0.00,0.00,0.00,0.00,0.00
162.515022,55.989051,-239.44366,157.427994,106.272725,-212.829228,79.93821,10.965503,-256.926487,117.864975,0.00,0.00,0.00,0.00,0.00,0.00,0.00,0.00,0.00,0.00,0.00,0.00
162.653228,49.483157,-243.062655,156.613754,103.630875,-215.960081,81.59156,0.986595,-270.792499,129.862274,0.00,0.00,0.00,0.00,0.00,0.00,0.00,0.00,0.00,0.00,0.00,0.00
162.777949,46.033585,-244.632655,156.052475,103.100268,-217.107783,82.31176,-0.478139,-277.163824,133.68251,0.00,0.00,0.00,0.00,0.00,0.00,0.00,0.00,0.00,0.00,0.00,0.00
162.902806,44.690163,-244.522776,156.184692,102.684124,-219.957473,82.521965,-1.29776,-275.57074,130.905838,0.00,0.00,0.00,0.00,0.00,0.00,0.00,0.00,0.00,0.00,0.00,0.00
163.02785,45.364601,-239.980034,155.977219,107.49875,-231.732091,82.485458,3.019711,-263.53479,118.69416,0.00,0.00,0.00,0.00,0.00,0.00,0.00,0.00,0.00,0.00,0.00,0.00
163.153308,49.63622,-232.438262,154.276138,113.591823,-258.531316,86.119698,22.999789,-244.592923,101.404228,0.00,0.00,0.00,0.00,0.00,0.00,0.00,0.00,0.00,0.00,0.00,0.00
163.264992,56.641937,-226.548444,153.837067,101.445321,-222.565245,89.207962,44.906117,-231.00854,94.167587,0.00,0.00,0.00,0.00,0.00,0.00,0.00,0.00,0.00,0.00,0.00,0.00
163.390292,66.524447,-221.339779,154.043564,105.185038,-223.591419,86.788017,62.920367,-222.119491,95.045815,0.00,0.00,0.00,0.00,0.00,0.00,0.00,0.00,0.00,0.00,0.00,0.00
163.51512,78.641539,-216.324358,153.150681,110.939074,-225.188422,83.038376,72.2711,-219.156942,92.53286,0.00,0.00,0.00,0.00,0.00,0.00,0.00,0.00,0.00,0.00,0.00,0.00
163.640207,92.098767,-212.155997,152.002533,117.372865,-227.881123,79.554115,78.354173,-215.620975,90.007744,0.00,0.00,0.00,0.00,0.00,0.00,0.00,0.00,0.00,0.00,0.00,0.00
163.764847,102.466148,-209.248355,152.369537,121.326182,-229.664305,79.707298,84.56088,-211.042198,89.430656,0.00,0.00,0.00,0.00,0.00,0.00,0.00,0.00,0.00,0.00,0.00,0.00
163.890176,109.38198,-204.952605,151.748825,123.048944,-228.863086,79.781883,90.252376,-206.148812,88.210411,0.00,0.00,0.00,0.00,0.00,0.00,0.00,0.00,0.00,0.00,0.00,0.00
164.02873,112.945828,-197.522211,151.466888,123.56739,-228.107434,78.580887,93.38993,-196.414787,87.585495,0.00,0.00,0.00,0.00,0.00,0.00,0.00,0.00,0.00,0.00,0.00,0.00
164.139982,113.655776,-189.169573,151.752625,124.684664,-223.492682,78.541626,94.083791,-186.637694,85.149841,0.00,0.00,0.00,0.00,0.00,0.00,0.00,0.00,0.00,0.00,0.00,0.00
164.278706,112.612637,-176.537055,151.341629,128.771402,-212.242608,78.084633,94.165788,-174.769943,81.033958,0.00,0.00,0.00,0.00,0.00,0.00,0.00,0.00,0.00,0.00,0.00,0.00
164.40362,111.173349,-164.518476,153.645462,131.616005,-198.481062,81.012154,93.231782,-162.497069,81.384483,0.00,0.00,0.00,0.00,0.00,0.00,0.00,0.00,0.00,0.00,0.00,0.00
164.515012,110.374353,-155.639562,155.960464,132.94546,-183.639817,82.828537,93.287487,-150.598128,84.053619,0.00,0.00,0.00,0.00,0.00,0.00,0.00,0.00,0.00,0.00,0.00,0.00
164.6401,110.946107,-146.638413,157.260941,132.239002,-169.852931,83.106651,93.463357,-137.614921,84.568558,0.00,0.00,0.00,0.00,0.00,0.00,0.00,0.00,0.00,0.00,0.00,0.00
164.779078,113.447893,-135.312882,156.868805,133.815584,-159.445909,81.115433,92.816908,-126.558755,83.634506,0.00,0.00,0.00,0.00,0.00,0.00,0.00,0.00,0.00,0.00,0.00,0.00
164.903735,117.242896,-123.791724,155.393845,136.948627,-149.516001,78.510223,89.769334,-120.784333,81.380043,0.00,0.00,0.00,0.00,0.00,0.00,0.00,0.00,0.00,0.00,0.00,0.00
165.014892,120.918647,-113.35899,156.383102,140.640642,-137.183872,78.357033,86.921077,-117.183507,81.690964,0.00,0.00,0.00,0.00,0.00,0.00,0.00,0.00,0.00,0.00,0.00,0.00
165.153497,122.528945,-103.111824,158.568008,143.888753,-113.188327,81.27726,87.664959,-112.827546,81.999603,0.00,0.00,0.00,0.00,0.00,0.00,0.00,0.00,0.00,0.00,0.00,0.00
165.278852,123.083772,-93.806343,159.063782,143.653188,-92.616793,86.806801,90.507024,-105.248861,80.237427,0.00,0.00,0.00,0.00,0.00,0.00,0.00,0.00,0.00,0.00,0.00,0.00
165.389899,124.044782,-84.752846,157.752518,142.611577,-79.51532,89.826981,93.983691,-94.666169,78.19397,0.00,0.00,0.00,0.00,0.00,0.00,0.00,0.00,0.00,0.00,0.00,0.00
165.515052,124.22423,-74.323379,156.140854,140.068273,-69.083256,91.656876,96.716849,-79.193614,76.62088,0.00,0.00,0.00,0.00,0.00,0.00,0.00,0.00,0.00,0.00,0.00,0.00
165.639783,125.827586,-64.819891,157.453445,140.661887,-60.904571,96.486427,97.325986,-64.304899,78.946419,0.00,0.00,0.00,0.00,0.00,0.00,0.00,0.00,0.00,0.00,0.00,0.00
165.778492,130.465699,-57.564328,157.675018,148.22023,-49.390355,103.610275,98.92042,-47.94808,83.881088,0.00,0.00,0.00,0.00,0.00,0.00,0.00,0.00,0.00,0.00,0.00,0.00
165.889778,135.041063,-52.54928,156.933975,156.72386,-39.484176,109.163773,100.749449,-40.743079,87.219826,0.00,0.00,0.00,0.00,0.00,0.00,0.00,0.00,0.00,0.00,0.00,0.00
166.028243,142.21267,-47.124768,156.342529,168.502072,-25.493713,116.552353,102.706864,-42.581597,86.984795,0.00,0.00,0.00,0.00,0.00,0.00,0.00,0.00,0.00,0.00,0.00,0.00
166.153079,149.792915,-42.567598,156.556885,179.236126,-14.068203,122.309425,105.589845,-52.867332,85.574883,0.00,0.00,0.00,0.00,0.00,0.00,0.00,0.00,0.00,0.00,0.00,0.00
166.277381,155.342681,-38.512508,155.621689,193.343861,-5.047448,128.814621,108.706021,-63.083577,85.985138,0.00,0.00,0.00,0.00,0.00,0.00,0.00,0.00,0.00,0.00,0.00,0.00
166.402311,157.191772,-35.386165,155.574326,198.788351,-3.861632,129.370758,112.730365,-67.82385,87.595192,0.00,0.00,0.00,0.00,0.00,0.00,0.00,0.00,0.00,0.00,0.00,0.00
166.527387,154.842253,-32.268582,155.737015,193.530215,-0.826585,123.155121,114.441302,-68.358002,87.682899,0.00,0.00,0.00,0.00,0.00,0.00,0.00,0.00,0.00,0.00,0.00,0.00
166.652278,147.116063,-31.120379,155.6241,176.928122,-0.555132,110.465858,114.128757,-65.094865,87.715111,0.00,0.00,0.00,0.00,0.00,0.00,0.00,0.00,0.00,0.00,0.00,0.00
166.777392,138.826775,-32.574655,155.783508,153.987726,-9.274232,99.598999,114.110172,-60.467976,88.454079,0.00,0.00,0.00,0.00,0.00,0.00,0.00,0.00,0.00,0.00,0.00,0.00
166.903272,130.083022,-34.912095,155.957169,134.589614,-21.607677,94.285774,113.248057,-58.379057,87.849594,0.00,0.00,0.00,0.00,0.00,0.00,0.00,0.00,0.00,0.00,0.00,0.00
167.028232,119.770024,-38.65046,156.135727,122.015363,-29.623292,91.034409,109.734904,-57.385785,88.580338,0.00,0.00,0.00,0.00,0.00,0.00,0.00,0.00,0.00,0.00,0.00,0.00
167.152811,109.862235,-42.119165,156.094498,117.191607,-27.689418,86.839844,102.750204,-57.639633,88.631615,0.00,0.00,0.00,0.00,0.00,0.00,0.00,0.00,0.00,0.00,0.00,0.00
167.278236,100.863054,-44.004029,155.736771,119.700725,-20.223518,82.524445,96.071041,-56.780329,87.074776,0.00,0.00,0.00,0.00,0.00,0.00,0.00,0.00,0.00,0.00,0.00,0.00
167.40313,92.030189,-43.183253,153.863907,123.125598,-15.05664,81.552185,90.409633,-53.709275,85.557716,0.00,0.00,0.00,0.00,0.00,0.00,0.00,0.00,0.00,0.00,0.00,0.00
167.528169,83.469778,-38.6924,152.260773,121.543549,-13.15223,80.26017,84.944926,-51.273456,84.027733,0.00,0.00,0.00,0.00,0.00,0.00,0.00,0.00,0.00,0.00,0.00,0.00
167.653059,75.476267,-31.822527,151.583649,112.950428,-7.616831,76.712479,79.072906,-49.647846,84.256073,0.00,0.00,0.00,0.00,0.00,0.00,0.00,0.00,0.00,0.00,0.00,0.00
167.77777,66.993159,-26.477206,152.773041,91.308625,0.119095,76.966599,72.957091,-48.051484,86.544022,0.00,0.00,0.00,0.00,0.00,0.00,0.00,0.00,0.00,0.00,0.00,0.00
167.902999,58.633261,-24.694915,152.738327,63.98343,4.806524,80.660179,66.651382,-46.587477,88.177032,0.00,0.00,0.00,0.00,0.00,0.00,0.00,0.00,0.00,0.00,0.00,0.00
168.027912,50.002737,-26.400959,151.488586,41.619177,6.132064,85.552422,60.279116,-46.608083,88.222168,0.00,0.00,0.00,0.00,0.00,0.00,0.00,0.00,0.00,0.00,0.00,0.00
168.153032,39.700942,-32.207049,150.263733,28.287338,1.286443,85.463936,52.950862,-49.141828,87.445328,0.00,0.00,0.00,0.00,0.00,0.00,0.00,0.00,0.00,0.00,0.00,0.00
168.278173,29.571612,-39.964349,150.71463,23.652927,-5.515152,81.395042,44.235253,-53.497703,87.354172,0.00,0.00,0.00,0.00,0.00,0.00,0.00,0.00,0.00,0.00,0.00,0.00
168.402808,20.755796,-45.941086,153.439789,21.811396,-14.365818,79.011246,34.366171,-60.12768,91.534874,0.00,0.00,0.00,0.00,0.00,0.00,0.00,0.00,0.00,0.00,0.00,0.00
168.527802,12.251124,-49.784195,155.054047,18.156009,-22.523363,78.895256,24.251656,-67.181302,95.098587,0.00,0.00,0.00,0.00,0.00,0.00,0.00,0.00,0.00,0.00,0.00,0.00
168.652642,2.562138,-52.55196,154.934555,9.07334,-29.914444,78.032181,13.822478,-72.085563,97.565666,0.00,0.00,0.00,0.00,0.00,0.00,0.00,0.00,0.00,0.00,0.00,0.00
168.777549,-8.251918,-54.245398,153.817932,-4.580717,-34.712681,74.724342,3.585277,-76.348609,97.351112,0.00,0.00,0.00,0.00,0.00,0.00,0.00,0.00,0.00,0.00,0.00,0.00
168.902766,-20.054082,-54.925925,154.031647,-20.684697,-38.848443,72.75341,-8.828857,-80.360313,97.797668,0.00,0.00,0.00,0.00,0.00,0.00,0.00,0.00,0.00,0.00,0.00,0.00
169.027729,-30.198663,-55.464941,155.517029,-37.338457,-44.976632,77.385368,-21.731526,-83.538333,98.329788,0.00,0.00,0.00,0.00,0.00,0.00,0.00,0.00,0.00,0.00,0.00,0.00
169.152894,-37.676272,-57.130728,157.032318,-48.46007,-50.210482,83.372253,-35.182168,-84.546073,98.403397,0.00,0.00,0.00,0.00,0.00,0.00,0.00,0.00,0.00,0.00,0.00,0.00
169.277769,-45.27392,-59.568077,156.893402,-52.416416,-50.565155,83.372215,-48.791862,-83.644326,97.712181,0.00,0.00,0.00,0.00,0.00,0.00,0.00,0.00,0.00,0.00,0.00,0.00
169.402625,-53.272368,-62.404356,155.581497,-49.218587,-48.658904,81.314049,-61.903955,-82.267216,97.08828,0.00,0.00,0.00,0.00,0.00,0.00,0.00,0.00,0.00,0.00,0.00,0.00
169.527638,-62.80332,-67.023044,155.102615,-39.673288,-46.911427,80.328766,-77.75141,-81.516933,99.509354,0.00,0.00,0.00,0.00,0.00,0.00,0.00,0.00,0.00,0.00,0.00,0.00
169.652678,-73.910605,-72.360674,155.896072,-27.188204,-53.564516,84.8209,-96.008401,-80.845832,106.271614,0.00,0.00,0.00,0.00,0.00,0.00,0.00,0.00,0.00,0.00,0.00,0.00
169.776923,-83.410791,-76.842279,155.214172,-23.584983,-65.835482,90.124466,-111.539683,-80.418932,114.364388,0.00,0.00,0.00,0.00,0.00,0.00,0.00,0.00,0.00,0.00,0.00,0.00
169.901097,-89.895332,-79.399428,154.739548,-26.525476,-75.206503,92.61393,-125.963912,-79.15448,121.151138,0.00,0.00,0.00,0.00,0.00,0.00,0.00,0.00,0.00,0.00,0.00,0.00
170.025991,-94.186943,-80.699258,154.488953,-29.456068,-82.17401,93.834335,-138.681089,-78.875392,129.667252,0.00,0.00,0.00,0.00,0.00,0.00,0.00,0.00,0.00,0.00,0.00,0.00
170.145415,-96.674721,-80.94659,153.914169,-30.592361,-85.556551,94.650406,-146.588592,-78.620713,135.209473,0.00,0.00,0.00,0.00,0.00,0.00,0.00,0.00,0.00,0.00,0.00,0.00
170.269824,-97.346071,-80.626074,154.142975,-30.747928,-86.209374,94.792892,-147.887917,-79.352404,134.465958,0.00,0.00,0.00,0.00,0.00,0.00,0.00,0.00,0.00,0.00,0.00,0.00
170.398168,-97.406681,-80.482871,154.084702,-31.174889,-87.346699,94.713264,-147.142474,-78.773651,132.568665,0.00,0.00,0.00,0.00,0.00,0.00,0.00,0.00,0.00,0.00,0.00,0.00
170.523424,-95.721689,-78.221701,154.28653,-30.455273,-93.072813,95.405556,-136.408722,-72.517056,120.462486,0.00,0.00,0.00,0.00,0.00,0.00,0.00,0.00,0.00,0.00,0.00,0.00
170.64824,-90.6136,-73.607062,153.768784,-32.547881,-113.290855,97.971657,-112.342537,-69.633989,98.239204,0.00,0.00,0.00,0.00,0.00,0.00,0.00,0.00,0.00,0.00,0.00,0.00
170.773874,-83.432151,-70.160893,153.753845,-33.328946,-89.420955,91.908157,-87.477525,-74.837919,83.884361,0.00,0.00,0.00,0.00,0.00,0.00,0.00,0.00,0.00,0.00,0.00,0.00
170.899194,-76.105639,-68.65207,154.485916,-30.743874,-92.190615,90.893486,-76.141081,-78.911435,84.334145,0.00,0.00,0.00,0.00,0.00,0.00,0.00,0.00,0.00,0.00,0.00,0.00
171.024159,-66.583511,-68.052512,155.589539,-27.900723,-91.822334,88.507812,-76.850212,-77.180379,84.129623,0.00,0.00,0.00,0.00,0.00,0.00,0.00,0.00,0.00,0.00,0.00,0.00
171.149451,-54.076512,-67.192831,155.587799,-23.999517,-89.194951,85.516945,-82.107531,-74.697308,80.804855,0.00,0.00,0.00,0.00,0.00,0.00,0.00,0.00,0.00,0.00,0.00,0.00
171.274481,-39.434923,-67.143661,154.972885,-18.839409,-86.312237,84.505646,-85.307027,-78.546853,80.791344,0.00,0.00,0.00,0.00,0.00,0.00,0.00,0.00,0.00,0.00,0.00,0.00
171.39933,-26.661678,-68.310223,154.781418,-13.259812,-84.791202,83.671738,-76.715841,-79.801259,83.078476,0.00,0.00,0.00,0.00,0.00,0.00,0.00,0.00,0.00,0.00,0.00,0.00
171.524592,-17.196981,-68.880055,154.27533,-10.574621,-83.00596,83.593819,-63.839988,-73.937434,83.729942,0.00,0.00,0.00,0.00,0.00,0.00,0.00,0.00,0.00,0.00,0.00,0.00
171.64949,-11.20728,-67.54844,153.131836,-9.497104,-80.356372,84.619019,-53.234542,-59.684788,84.156456,0.00,0.00,0.00,0.00,0.00,0.00,0.00,0.00,0.00,0.00,0.00,0.00
171.774656,-7.476384,-68.426021,153.114136,-6.404616,-77.304549,88.335022,-44.411778,-44.715926,82.287994,0.00,0.00,0.00,0.00,0.00,0.00,0.00,0.00,0.00,0.00,0.00,0.00
171.89957,-5.870087,-74.324371,156.92485,-2.794535,-75.847107,92.822784,-36.229123,-36.060653,82.499123,0.00,0.00,0.00,0.00,0.00,0.00,0.00,0.00,0.00,0.00,0.00,0.00
172.024831,-3.459194,-77.383296,156.939056,3.98227,-75.544174,95.008148,-25.587358,-36.135091,83.141907,0.00,0.00,0.00,0.00,0.00,0.00,0.00,0.00,0.00,0.00,0.00,0.00
172.149756,-0.310765,-79.67984,154.825165,9.830684,-75.864938,92.949066,-12.621857,-34.750134,83.111702,0.00,0.00,0.00,0.00,0.00,0.00,0.00,0.00,0.00,0.00,0.00,0.00
172.274764,2.848179,-79.117595,154.83847,10.499658,-74.353267,93.592247,0.594289,-34.714662,87.298393,0.00,0.00,0.00,0.00,0.00,0.00,0.00,0.00,0.00,0.00,0.00,0.00
172.399663,6.375013,-75.654969,155.19101,11.29176,-72.122213,91.797951,10.803475,-32.95854,89.314438,0.00,0.00,0.00,0.00,0.00,0.00,0.00,0.00,0.00,0.00,0.00,0.00
172.525291,13.754941,-67.649204,155.214661,14.549134,-68.319008,90.404099,15.496239,-32.040548,89.480141,0.00,0.00,0.00,0.00,0.00,0.00,0.00,0.00,0.00,0.00,0.00,0.00
172.650894,24.820425,-51.107823,154.159988,21.270204,-60.875669,89.098755,17.535279,-27.347159,89.723793,0.00,0.00,0.00,0.00,0.00,0.00,0.00,0.00,0.00,0.00,0.00,0.00
172.773869,31.031423,-33.084015,153.524734,29.339859,-51.308834,88.843315,18.161421,-15.614404,88.152512,0.00,0.00,0.00,0.00,0.00,0.00,0.00,0.00,0.00,0.00,0.00,0.00
172.899697,34.470599,-21.009885,154.623672,36.819218,-42.803323,90.000267,16.783501,-2.89568,84.466614,0.00,0.00,0.00,0.00,0.00,0.00,0.00,0.00,0.00,0.00,0.00,0.00
173.024574,39.246013,-13.45743,155.34404,44.207132,-36.709665,91.255768,12.997389,3.883405,82.217751,0.00,0.00,0.00,0.00,0.00,0.00,0.00,0.00,0.00,0.00,0.00,0.00
173.149491,45.735109,-8.726274,154.177017,53.664493,-31.801343,89.798531,11.282865,3.464185,81.607216,0.00,0.00,0.00,0.00,0.00,0.00,0.00,0.00,0.00,0.00,0.00,0.00
173.2743,53.875178,-5.813641,152.458817,64.595695,-26.446401,85.647552,13.088481,1.622114,81.456841,0.00,0.00,0.00,0.00,0.00,0.00,0.00,0.00,0.00,0.00,0.00,0.00
173.39909,62.424377,-2.30293,153.263596,74.172251,-19.312609,85.16996,20.416021,-0.414342,83.789619,0.00,0.00,0.00,0.00,0.00,0.00,0.00,0.00,0.00,0.00,0.00,0.00
173.523973,68.729345,3.191967,154.132553,82.087361,-11.398597,86.835587,30.179911,3.343073,84.751595,0.00,0.00,0.00,0.00,0.00,0.00,0.00,0.00,0.00,0.00,0.00,0.00
173.648852,72.83193,11.289997,152.912384,87.576567,-2.070892,86.128128,40.749472,12.930358,84.198105,0.00,0.00,0.00,0.00,0.00,0.00,0.00,0.00,0.00,0.00,0.00,0.00
173.773709,76.009731,22.577438,150.661118,91.731343,9.657932,84.064659,48.606876,22.152534,82.769218,0.00,0.00,0.00,0.00,0.00,0.00,0.00,0.00,0.00,0.00,0.00,0.00
173.898229,76.739228,36.110337,149.074249,93.730259,24.039908,84.208046,52.499823,29.667349,78.26931,0.00,0.00,0.00,0.00,0.00,0.00,0.00,0.00,0.00,0.00,0.00,0.00
174.022644,75.908952,46.751906,149.919647,93.950094,39.252074,86.519966,53.410712,35.835816,78.142288,0.00,0.00,0.00,0.00,0.00,0.00,0.00,0.00,0.00,0.00,0.00,0.00
1,124.496205,2,127.594138,3,129.704695,4,133.03811,5,137.564453,1,140.757157,2,143.97822,3,146.560986,4,150.060581,5,153.656224,1,157.238435,2,160.361809,3,162.653228,4,166.208377,5,170.095274,stop
