63.112968,73.869238,44.489415,161.855698,59.36487,42.640866,96.616898,91.5464,35.448102,88.934258,0.00,0.00,0.00,0.00,0.00,0.00,0.00,0.00,0.00,0.00,0.00,0.00
63.237619,70.02736,29.475004,162.577515,52.163545,32.934423,95.405594,81.914455,19.66297,88.100639,0.00,0.00,0.00,0.00,0.00,0.00,0.00,0.00,0.00,0.00,0.00,0.00
63.363169,63.918294,17.432398,165.36557,45.565486,23.476699,97.837868,70.035664,4.619875,94.015594,0.00,0.00,0.00,0.00,0.00,0.00,0.00,0.00,0.00,0.00,0.00,0.00
63.488377,55.544161,7.529925,166.133667,38.257677,13.913747,96.968163,55.616196,-7.636892,103.690186,0.00,0.00,0.00,0.00,0.00,0.00,0.00,0.00,0.00,0.00,0.00,0.00
63.613677,44.779815,-2.646785,163.665939,29.330597,2.94537,91.616623,45.186324,-19.946406,103.019165,0.00,0.00,0.00,0.00,0.00,0.00,0.00,0.00,0.00,0.00,0.00,0.00
63.739322,31.634065,-13.091474,162.213562,18.398907,-10.439249,88.414619,37.047418,-30.321742,99.771881,0.00,0.00,0.00,0.00,0.00,0.00,0.00,0.00,0.00,0.00,0.00,0.00
63.86469,20.858382,-24.479303,164.591629,7.05391,-26.009048,91.783119,31.135574,-39.162235,100.967026,0.00,0.00,0.00,0.00,0.00,0.00,0.00,0.00,0.00,0.00,0.00,0.00
63.976399,15.159101,-35.237311,167.11525,-1.38461,-38.870536,97.477783,26.36596,-48.160849,103.432976,0.00,0.00,0.00,0.00,0.00,0.00,0.00,0.00,0.00,0.00,0.00,0.00
64.101653,9.686238,-47.909254,166.170456,-9.290954,-52.744874,98.006569,20.037337,-60.18617,102.932274,0.00,0.00,0.00,0.00,0.00,0.00,0.00,0.00,0.00,0.00,0.00,0.00
64.22715,4.416906,-62.556669,163.074066,-15.519877,-66.79942,93.452271,13.579499,-73.475179,100.741341,0.00,0.00,0.00,0.00,0.00,0.00,0.00,0.00,0.00,0.00,0.00,0.00
64.352222,0.226634,-78.282838,162.86795,-20.492174,-79.522552,90.955673,5.744302,-89.029309,98.99131,0.00,0.00,0.00,0.00,0.00,0.00,0.00,0.00,0.00,0.00,0.00,0.00
64.477999,-5.448325,-91.143952,165.6194,-25.730455,-90.42103,92.483536,-3.167486,-104.143629,106.143341,0.00,0.00,0.00,0.00,0.00,0.00,0.00,0.00,0.00,0.00,0.00,0.00
64.603236,-12.482274,-100.76108,167.991302,-32.10682,-100.997068,92.140701,-9.736523,-118.622305,107.024956,0.00,0.00,0.00,0.00,0.00,0.00,0.00,0.00,0.00,0.00,0.00,0.00
64.729116,-20.665427,-111.324927,165.905075,-38.771482,-113.223135,87.332825,-16.632386,-130.578666,105.168739,0.00,0.00,0.00,0.00,0.00,0.00,0.00,0.00,0.00,0.00,0.00,0.00
64.854744,-30.502639,-123.376148,163.295364,-42.907478,-121.397196,84.938988,-21.434566,-140.611555,99.987045,0.00,0.00,0.00,0.00,0.00,0.00,0.00,0.00,0.00,0.00,0.00,0.00
64.979858,-38.916837,-136.033474,164.351883,-43.616785,-121.177827,84.610954,-25.782921,-147.438344,106.82663,0.00,0.00,0.00,0.00,0.00,0.00,0.00,0.00,0.00,0.00,0.00,0.00
65.104909,-42.504796,-148.441832,166.718079,-44.883783,-121.463679,83.711113,-27.770252,-156.816973,109.989609,0.00,0.00,0.00,0.00,0.00,0.00,0.00,0.00,0.00,0.00,0.00,0.00
65.230696,-43.47647,-161.010344,166.421265,-59.439697,-175.440643,103.825447,-29.857182,-167.591402,111.558327,0.00,0.00,0.00,0.00,0.00,0.00,0.00,0.00,0.00,0.00,0.00,0.00
65.356232,-42.658311,-174.114012,163.502487,-61.36969,-190.414241,101.603188,-31.411576,-179.19139,110.930565,0.00,0.00,0.00,0.00,0.00,0.00,0.00,0.00,0.00,0.00,0.00,0.00
65.481799,-39.964404,-187.248821,162.53746,-61.748806,-203.586737,101.734245,-32.92617,-192.648013,110.171463,0.00,0.00,0.00,0.00,0.00,0.00,0.00,0.00,0.00,0.00,0.00,0.00
65.607821,-39.635343,-198.440342,164.85939,-63.007863,-215.675842,108.097633,-35.142662,-205.166821,117.532158,0.00,0.00,0.00,0.00,0.00,0.00,0.00,0.00,0.00,0.00,0.00,0.00
65.731508,-42.170233,-207.414349,165.987091,-67.03785,-230.987771,115.850975,-36.249828,-214.146516,123.363091,0.00,0.00,0.00,0.00,0.00,0.00,0.00,0.00,0.00,0.00,0.00,0.00
65.855889,-46.490446,-216.15935,164.929245,-69.396222,-247.477899,122.950073,-36.183318,-219.065493,124.052902,0.00,0.00,0.00,0.00,0.00,0.00,0.00,0.00,0.00,0.00,0.00,0.00
65.981358,-53.256682,-224.428985,164.203171,-70.550326,-262.53512,127.520981,-36.954221,-219.898365,124.659386,0.00,0.00,0.00,0.00,0.00,0.00,0.00,0.00,0.00,0.00,0.00,0.00
66.106626,-58.93117,-232.922171,164.394455,-72.199817,-272.937575,128.828888,-39.053847,-219.300374,126.913498,0.00,0.00,0.00,0.00,0.00,0.00,0.00,0.00,0.00,0.00,0.00,0.00
66.232181,-59.793247,-239.774466,163.766022,-73.326287,-279.302203,126.875343,-39.467412,-220.986333,127.509712,0.00,0.00,0.00,0.00,0.00,0.00,0.00,0.00,0.00,0.00,0.00,0.00
66.357263,-56.403203,-244.351348,163.371857,-73.165129,-279.996618,125.220993,-40.259874,-218.65351,128.759155,0.00,0.00,0.00,0.00,0.00,0.00,0.00,0.00,0.00,0.00,0.00,0.00
66.482399,-51.247577,-247.2311,163.100479,-69.273173,-275.050445,125.053787,-30.984501,-238.007311,107.88739,0.00,0.00,0.00,0.00,0.00,0.00,0.00,0.00,0.00,0.00,0.00,0.00
66.607327,-43.152525,-248.35868,163.025803,-56.733862,-270.058346,119.26236,-27.062003,-239.170914,108.177246,0.00,0.00,0.00,0.00,0.00,0.00,0.00,0.00,0.00,0.00,0.00,0.00
66.732375,-31.985508,-246.199002,162.600418,-40.140804,-264.862355,110.017395,-20.302022,-237.857088,106.145142,0.00,0.00,0.00,0.00,0.00,0.00,0.00,0.00,0.00,0.00,0.00,0.00
66.858329,-18.525457,-240.686078,161.649872,-23.064626,-258.436776,104.896225,-10.440382,-235.757349,104.145454,0.00,0.00,0.00,0.00,0.00,0.00,0.00,0.00,0.00,0.00,0.00,0.00
66.984288,-5.007772,-234.578061,161.626053,-7.660328,-254.717448,103.928146,1.252968,-232.695947,102.560028,0.00,0.00,0.00,0.00,0.00,0.00,0.00,0.00,0.00,0.00,0.00,0.00
67.109559,4.888882,-231.668168,164.033173,6.006013,-253.162367,104.247215,12.297297,-230.42701,103.794983,0.00,0.00,0.00,0.00,0.00,0.00,0.00,0.00,0.00,0.00,0.00,0.00
67.23466,15.182137,-232.194093,164.847733,18.592952,-253.643401,102.303757,22.831676,-230.378668,104.072762,0.00,0.00,0.00,0.00,0.00,0.00,0.00,0.00,0.00,0.00,0.00,0.00
67.36044,27.34408,-235.518507,162.85672,31.845672,-255.985327,97.883095,34.224466,-232.116654,101.108971,0.00,0.00,0.00,0.00,0.00,0.00,0.00,0.00,0.00,0.00,0.00,0.00
67.485632,41.215824,-241.376357,160.029907,47.352933,-258.104432,93.495819,47.055522,-233.251934,99.231842,0.00,0.00,0.00,0.00,0.00,0.00,0.00,0.00,0.00,0.00,0.00,0.00
67.611378,55.713009,-244.797082,161.550659,66.110045,-256.388894,94.209549,58.839413,-231.59372,100.55677,0.00,0.00,0.00,0.00,0.00,0.00,0.00,0.00,0.00,0.00,0.00,0.00
67.736412,67.059694,-242.521374,163.989548,82.10725,-251.930321,98.482002,68.564983,-227.33035,101.945328,0.00,0.00,0.00,0.00,0.00,0.00,0.00,0.00,0.00,0.00,0.00,0.00
67.861995,77.205716,-236.383679,163.24585,96.288385,-245.67153,97.704803,77.815124,-221.86184,100.389412,0.00,0.00,0.00,0.00,0.00,0.00,0.00,0.00,0.00,0.00,0.00,0.00
67.987085,87.158363,-225.875055,160.526657,109.454387,-236.895962,95.188217,87.885401,-214.742363,97.173004,0.00,0.00,0.00,0.00,0.00,0.00,0.00,0.00,0.00,0.00,0.00,0.00
68.112849,95.77711,-213.094297,159.867188,122.338184,-226.249725,94.660995,99.405835,-205.395014,93.154686,0.00,0.00,0.00,0.00,0.00,0.00,0.00,0.00,0.00,0.00,0.00,0.00
68.23846,103.821102,-204.562998,161.998947,126.739038,-215.120349,106.090042,108.377861,-196.403235,99.539207,0.00,0.00,0.00,0.00,0.00,0.00,0.00,0.00,0.00,0.00,0.00,0.00
68.364197,111.898141,-199.718162,164.607162,139.29388,-204.463369,109.920326,113.517756,-188.209035,102.808022,0.00,0.00,0.00,0.00,0.00,0.00,0.00,0.00,0.00,0.00,0.00,0.00
68.47615,119.995744,-195.524433,164.429047,153.330503,-194.48253,112.005302,116.138419,-182.07418,102.525223,0.00,0.00,0.00,0.00,0.00,0.00,0.00,0.00,0.00,0.00,0.00,0.00
68.601189,131.064035,-190.357043,163.090057,168.712754,-181.971219,116.857933,120.152604,-176.792375,101.678558,0.00,0.00,0.00,0.00,0.00,0.00,0.00,0.00,0.00,0.00,0.00,0.00
68.726506,144.292022,-184.177063,162.041855,183.605534,-168.052819,121.899506,126.162676,-171.24182,101.136589,0.00,0.00,0.00,0.00,0.00,0.00,0.00,0.00,0.00,0.00,0.00,0.00
68.852045,155.851901,-177.20551,162.302734,194.478085,-157.201078,125.286331,133.152954,-167.972724,104.324974,0.00,0.00,0.00,0.00,0.00,0.00,0.00,0.00,0.00,0.00,0.00,0.00
68.977714,162.143395,-172.148208,161.937454,200.986372,-152.036116,125.460014,137.152017,-166.319272,106.16993,0.00,0.00,0.00,0.00,0.00,0.00,0.00,0.00,0.00,0.00,0.00,0.00
69.102483,165.015013,-169.017655,161.691315,205.966449,-151.220894,123.795044,138.281215,-165.767811,106.593872,0.00,0.00,0.00,0.00,0.00,0.00,0.00,0.00,0.00,0.00,0.00,0.00
69.227769,164.341514,-166.832408,161.045868,205.185595,-151.378575,123.070435,138.115273,-167.084506,105.679535,0.00,0.00,0.00,0.00,0.00,0.00,0.00,0.00,0.00,0.00,0.00,0.00
69.352526,156.705706,-165.998254,161.411804,196.381522,-152.020153,119.816673,128.83197,-176.117114,107.525925,0.00,0.00,0.00,0.00,0.00,0.00,0.00,0.00,0.00,0.00,0.00,0.00
69.476783,143.012466,-171.18896,162.364655,176.725175,-153.178376,112.360229,125.193923,-175.698367,115.453384,0.00,0.00,0.00,0.00,0.00,0.00,0.00,0.00,0.00,0.00,0.00,0.00
69.601384,129.936351,-183.146196,162.751251,149.949027,-160.659896,105.841255,116.56856,-186.386269,126.116684,0.00,0.00,0.00,0.00,0.00,0.00,0.00,0.00,0.00,0.00,0.00,0.00
69.727085,118.740457,-198.833549,162.152557,124.97477,-176.158326,105.43158,107.799955,-202.407297,125.857613,0.00,0.00,0.00,0.00,0.00,0.00,0.00,0.00,0.00,0.00,0.00,0.00
69.853079,111.821785,-212.856762,162.386185,109.736001,-191.564589,106.029449,101.375801,-216.388893,118.485664,0.00,0.00,0.00,0.00,0.00,0.00,0.00,0.00,0.00,0.00,0.00,0.00
69.979564,106.343697,-222.265933,164.481522,99.921718,-202.063062,108.073166,96.435886,-227.299516,116.910339,0.00,0.00,0.00,0.00,0.00,0.00,0.00,0.00,0.00,0.00,0.00,0.00
70.105312,100.324659,-229.059045,164.632767,89.739439,-207.601492,108.632339,89.67483,-236.208638,115.917122,0.00,0.00,0.00,0.00,0.00,0.00,0.00,0.00,0.00,0.00,0.00,0.00
70.230736,92.180342,-233.286128,163.487076,75.708429,-212.913893,109.188423,83.945369,-243.806058,114.564583,0.00,0.00,0.00,0.00,0.00,0.00,0.00,0.00,0.00,0.00,0.00,0.00
70.355748,81.131082,-234.437076,161.54718,56.554978,-222.540499,111.05957,78.478293,-251.187413,112.368225,0.00,0.00,0.00,0.00,0.00,0.00,0.00,0.00,0.00,0.00,0.00,0.00
70.481397,68.127229,-234.732923,161.999252,39.92454,-236.870011,111.61908,72.138095,-257.098466,112.988403,0.00,0.00,0.00,0.00,0.00,0.00,0.00,0.00,0.00,0.00,0.00,0.00
70.607011,58.193447,-236.775169,163.575058,25.806462,-252.505812,121.761261,65.544775,-260.370918,115.19165,0.00,0.00,0.00,0.00,0.00,0.00,0.00,0.00,0.00,0.00,0.00,0.00
70.732026,50.356357,-240.368165,164.62825,16.521382,-262.065861,129.065018,59.412776,-262.969716,116.25032,0.00,0.00,0.00,0.00,0.00,0.00,0.00,0.00,0.00,0.00,0.00,0.00
70.857783,43.319683,-244.515389,164.200012,9.181792,-268.708344,132.474319,53.131149,-265.276364,114.590073,0.00,0.00,0.00,0.00,0.00,0.00,0.00,0.00,0.00,0.00,0.00,0.00
70.983127,37.440636,-248.462049,163.009811,4.690055,-274.291708,132.807846,45.947307,-268.111569,112.318359,0.00,0.00,0.00,0.00,0.00,0.00,0.00,0.00,0.00,0.00,0.00,0.00
71.108326,30.662892,-250.19167,163.034393,0.374231,-279.232508,129.866043,38.07647,-270.620135,111.873688,0.00,0.00,0.00,0.00,0.00,0.00,0.00,0.00,0.00,0.00,0.00,0.00
71.233968,23.554954,-247.340535,164.364334,0.458284,-278.437795,130.353958,32.50627,-270.944216,114.586243,0.00,0.00,0.00,0.00,0.00,0.00,0.00,0.00,0.00,0.00,0.00,0.00
71.359307,18.861178,-241.660542,163.713318,-0.132168,-271.935593,129.794144,26.900734,-270.230823,114.44088,0.00,0.00,0.00,0.00,0.00,0.00,0.00,0.00,0.00,0.00,0.00,0.00
71.484074,17.004735,-235.950871,164.436386,-2.270454,-259.757511,121.295227,20.449,-267.009006,112.772392,0.00,0.00,0.00,0.00,0.00,0.00,0.00,0.00,0.00,0.00,0.00,0.00
71.609424,15.887454,-231.988745,164.613815,-4.347919,-245.363472,107.278893,13.658554,-262.923459,109.580254,0.00,0.00,0.00,0.00,0.00,0.00,0.00,0.00,0.00,0.00,0.00,0.00
71.733952,16.532486,-228.214357,163.276154,1.458382,-231.958385,101.271591,7.598384,-259.11786,109.371613,0.00,0.00,0.00,0.00,0.00,0.00,0.00,0.00,0.00,0.00,0.00,0.00
71.858023,19.732394,-228.456056,160.873657,14.950533,-222.44328,99.062759,5.106257,-251.760915,104.837509,0.00,0.00,0.00,0.00,0.00,0.00,0.00,0.00,0.00,0.00,0.00,0.00
71.983048,22.195834,-231.398186,161.185715,32.754219,-221.476575,99.146896,3.316333,-246.21139,102.813995,0.00,0.00,0.00,0.00,0.00,0.00,0.00,0.00,0.00,0.00,0.00,0.00
72.108477,26.235946,-233.085141,162.173706,47.895599,-228.066249,98.369118,3.556699,-242.892743,103.373268,0.00,0.00,0.00,0.00,0.00,0.00,0.00,0.00,0.00,0.00,0.00,0.00
72.234168,34.868851,-233.823355,163.304276,57.881639,-234.002429,96.918045,6.90088,-242.71149,105.919556,0.00,0.00,0.00,0.00,0.00,0.00,0.00,0.00,0.00,0.00,0.00,0.00
72.359598,48.140451,-233.84178,161.629745,67.817859,-236.225731,92.399124,15.179013,-236.835635,106.337822,0.00,0.00,0.00,0.00,0.00,0.00,0.00,0.00,0.00,0.00,0.00,0.00
72.484868,64.795793,-231.866612,158.976929,79.166408,-237.29085,89.462868,28.644572,-232.100444,104.828117,0.00,0.00,0.00,0.00,0.00,0.00,0.00,0.00,0.00,0.00,0.00,0.00
72.610738,79.033818,-227.934376,159.676376,89.858263,-237.521091,90.719864,41.501041,-230.481166,106.208336,0.00,0.00,0.00,0.00,0.00,0.00,0.00,0.00,0.00,0.00,0.00,0.00
72.735688,87.798858,-222.724407,162.241364,99.413387,-232.738131,93.973015,51.698978,-227.700345,108.668747,0.00,0.00,0.00,0.00,0.00,0.00,0.00,0.00,0.00,0.00,0.00,0.00
72.860813,93.804073,-216.027438,162.724716,107.13088,-221.500413,94.983665,60.682444,-222.050361,108.621475,0.00,0.00,0.00,0.00,0.00,0.00,0.00,0.00,0.00,0.00,0.00,0.00
72.985781,97.596276,-205.513799,160.852066,111.977386,-207.039398,96.187569,68.687312,-213.973154,105.773697,0.00,0.00,0.00,0.00,0.00,0.00,0.00,0.00,0.00,0.00,0.00,0.00
73.111256,100.296147,-192.628669,158.755875,117.521994,-194.200407,97.227287,72.932015,-211.266057,103.623627,0.00,0.00,0.00,0.00,0.00,0.00,0.00,0.00,0.00,0.00,0.00,0.00
73.238396,103.443414,-181.357344,161.137909,125.774102,-184.96756,97.111008,78.664608,-202.734709,104.535042,0.00,0.00,0.00,0.00,0.00,0.00,0.00,0.00,0.00,0.00,0.00,0.00
73.361156,108.93138,-171.267399,164.261795,133.421697,-176.800444,96.264839,105.581341,-164.471804,111.409523,0.00,0.00,0.00,0.00,0.00,0.00,0.00,0.00,0.00,0.00,0.00,0.00
73.486898,115.759921,-160.038015,163.151932,137.407134,-164.804774,96.509499,110.365801,-151.609531,113.302704,0.00,0.00,0.00,0.00,0.00,0.00,0.00,0.00,0.00,0.00,0.00,0.00
73.612358,123.950347,-147.295281,161.048752,140.948562,-147.636376,94.639198,114.391972,-139.121214,108.129143,0.00,0.00,0.00,0.00,0.00,0.00,0.00,0.00,0.00,0.00,0.00,0.00
73.737851,131.297537,-133.963432,162.324371,143.342807,-127.635849,97.294113,116.731724,-129.033636,104.858337,0.00,0.00,0.00,0.00,0.00,0.00,0.00,0.00,0.00,0.00,0.00,0.00
73.863589,134.225078,-120.995488,164.497345,148.376412,-110.294178,99.730675,115.742663,-116.63473,104.19809,0.00,0.00,0.00,0.00,0.00,0.00,0.00,0.00,0.00,0.00,0.00,0.00
73.988338,134.951832,-108.234965,164.006287,152.880532,-93.315349,102.552727,116.905699,-106.807153,103.033592,0.00,0.00,0.00,0.00,0.00,0.00,0.00,0.00,0.00,0.00,0.00,0.00
74.114134,135.056764,-95.938981,162.42897,158.055259,-77.579659,102.458664,117.502298,-96.633356,99.577126,0.00,0.00,0.00,0.00,0.00,0.00,0.00,0.00,0.00,0.00,0.00,0.00
74.226105,134.075451,-83.931505,161.72258,162.022958,-65.396677,103.350792,118.43898,-86.139729,97.003624,0.00,0.00,0.00,0.00,0.00,0.00,0.00,0.00,0.00,0.00,0.00,0.00
74.351378,135.524306,-71.347516,163.282745,167.597266,-52.169244,106.942368,120.897351,-80.833277,97.827431,0.00,0.00,0.00,0.00,0.00,0.00,0.00,0.00,0.00,0.00,0.00,0.00
74.476987,140.248285,-61.536688,164.50856,176.006642,-39.105864,112.695061,124.102376,-69.939564,99.287071,0.00,0.00,0.00,0.00,0.00,0.00,0.00,0.00,0.00,0.00,0.00,0.00
74.60207,147.616276,-53.117128,162.481232,187.2536,-25.680324,116.891968,130.338235,-61.72936,98.182312,0.00,0.00,0.00,0.00,0.00,0.00,0.00,0.00,0.00,0.00,0.00,0.00
74.727445,155.548612,-45.96617,162.197571,196.221214,-15.074662,118.863991,135.784025,-56.989932,98.463585,0.00,0.00,0.00,0.00,0.00,0.00,0.00,0.00,0.00,0.00,0.00,0.00
74.852333,159.895808,-39.674117,162.462006,201.201596,-9.408587,119.322845,139.222802,-53.87907,100.450394,0.00,0.00,0.00,0.00,0.00,0.00,0.00,0.00,0.00,0.00,0.00,0.00
74.977785,161.174848,-35.443794,162.38887,204.128938,-8.980232,118.578529,140.67384,-51.592963,100.635956,0.00,0.00,0.00,0.00,0.00,0.00,0.00,0.00,0.00,0.00,0.00,0.00
75.102939,158.695012,-31.629526,161.879837,201.784523,-9.17381,119.958519,139.694495,-51.566294,100.552773,0.00,0.00,0.00,0.00,0.00,0.00,0.00,0.00,0.00,0.00,0.00,0.00
75.22789,148.65138,-28.664432,161.477005,189.299072,-10.498562,117.110428,135.082444,-59.193513,102.876106,0.00,0.00,0.00,0.00,0.00,0.00,0.00,0.00,0.00,0.00,0.00,0.00
75.352102,135.517482,-30.25639,161.179977,168.924022,-10.881118,106.5896,123.151267,-32.920127,109.602425,0.00,0.00,0.00,0.00,0.00,0.00,0.00,0.00,0.00,0.00,0.00,0.00
75.47828,121.931575,-33.351467,160.405151,144.909504,-12.622495,98.560143,112.063682,-34.295511,106.663177,0.00,0.00,0.00,0.00,0.00,0.00,0.00,0.00,0.00,0.00,0.00,0.00
75.603874,108.348639,-37.169867,160.368866,124.240024,-15.016258,96.195518,99.012391,-37.0576,103.781525,0.00,0.00,0.00,0.00,0.00,0.00,0.00,0.00,0.00,0.00,0.00,0.00
75.729747,97.130912,-39.47123,161.584442,108.261619,-15.369084,95.605362,87.174612,-39.52419,103.708351,0.00,0.00,0.00,0.00,0.00,0.00,0.00,0.00,0.00,0.00,0.00,0.00
75.855092,86.790293,-38.983707,163.196945,96.306885,-13.583441,95.292435,76.769495,-39.340919,105.004822,0.00,0.00,0.00,0.00,0.00,0.00,0.00,0.00,0.00,0.00,0.00,0.00
75.980376,75.464751,-35.9805,162.195755,84.463431,-9.046132,93.271034,66.033447,-38.021334,104.477669,0.00,0.00,0.00,0.00,0.00,0.00,0.00,0.00,0.00,0.00,0.00,0.00
76.105753,62.405074,-30.480577,158.781021,68.66751,-4.225373,89.368935,54.570845,-37.847312,102.332794,0.00,0.00,0.00,0.00,0.00,0.00,0.00,0.00,0.00,0.00,0.00,0.00
76.231206,48.231653,-26.649394,158.061432,47.622207,-3.662878,87.966331,45.029453,-39.462215,102.529465,0.00,0.00,0.00,0.00,0.00,0.00,0.00,0.00,0.00,0.00,0.00,0.00
76.356521,36.71891,-28.525533,160.059998,26.900266,-8.114491,95.812973,37.545864,-42.684784,104.432381,0.00,0.00,0.00,0.00,0.00,0.00,0.00,0.00,0.00,0.00,0.00,0.00
76.481878,26.660602,-33.583514,159.557678,9.839736,-15.355949,98.708,30.477531,-47.500194,103.108192,0.00,0.00,0.00,0.00,0.00,0.00,0.00,0.00,0.00,0.00,0.00,0.00
76.606952,16.108284,-41.390827,157.817505,-3.158615,-24.951689,96.581871,22.028132,-54.674624,99.892395,0.00,0.00,0.00,0.00,0.00,0.00,0.00,0.00,0.00,0.00,0.00,0.00
76.732596,5.033887,-51.820787,156.958176,-13.704509,-35.068347,93.839676,11.263353,-64.133638,97.922188,0.00,0.00,0.00,0.00,0.00,0.00,0.00,0.00,0.00,0.00,0.00,0.00
76.858076,-5.185919,-59.932891,158.738754,-23.540168,-43.819946,94.416,-0.876193,-73.498503,100.066162,0.00,0.00,0.00,0.00,0.00,0.00,0.00,0.00,0.00,0.00,0.00,0.00
76.982966,-14.138908,-64.570146,162.340912,-34.950309,-50.844848,98.618736,-10.14477,-82.120451,98.891136,0.00,0.00,0.00,0.00,0.00,0.00,0.00,0.00,0.00,0.00,0.00,0.00
77.108712,-24.270305,-67.360462,162.846664,-53.397937,-55.664907,104.134819,-18.463378,-88.043373,97.862434,0.00,0.00,0.00,0.00,0.00,0.00,0.00,0.00,0.00,0.00,0.00,0.00
77.233751,-36.886942,-68.56871,161.237991,-75.361293,-59.55944,110.653282,-26.620261,-91.265491,96.435097,0.00,0.00,0.00,0.00,0.00,0.00,0.00,0.00,0.00,0.00,0.00,0.00
77.35958,-53.14444,-69.406644,159.218124,-100.076511,-67.686384,117.337799,-36.136786,-95.501247,93.108032,0.00,0.00,0.00,0.00,0.00,0.00,0.00,0.00,0.00,0.00,0.00,0.00
77.484919,-71.409553,-71.349412,158.785706,-121.726168,-75.466514,121.690712,-47.749715,-97.845556,92.976913,0.00,0.00,0.00,0.00,0.00,0.00,0.00,0.00,0.00,0.00,0.00,0.00
77.609774,-85.503121,-74.060729,156.832092,-135.408862,-80.388131,124.076393,-56.342185,-99.421416,93.741699,0.00,0.00,0.00,0.00,0.00,0.00,0.00,0.00,0.00,0.00,0.00,0.00
77.734637,-94.396012,-76.749684,154.35257,-144.270096,-81.309271,123.263695,-60.7084,-101.459958,90.556892,0.00,0.00,0.00,0.00,0.00,0.00,0.00,0.00,0.00,0.00,0.00,0.00
77.859609,-99.655759,-79.362176,152.550873,-149.758522,-80.17229,122.185074,-62.413254,-102.248763,86.100349,0.00,0.00,0.00,0.00,0.00,0.00,0.00,0.00,0.00,0.00,0.00,0.00
77.984965,-101.76826,-82.656241,151.923767,-148.739383,-79.88801,120.926201,-62.326515,-103.088492,83.546555,0.00,0.00,0.00,0.00,0.00,0.00,0.00,0.00,0.00,0.00,0.00,0.00
78.110417,-98.188517,-87.844726,154.571716,-141.110968,-79.306466,116.687904,-48.852465,-99.665351,90.015007,0.00,0.00,0.00,0.00,0.00,0.00,0.00,0.00,0.00,0.00,0.00,0.00
78.23539,-90.394186,-89.682769,160.09404,-124.835428,-80.562209,103.702232,-39.98347,-95.921531,95.052513,0.00,0.00,0.00,0.00,0.00,0.00,0.00,0.00,0.00,0.00,0.00,0.00
78.361358,-83.670544,-89.967242,163.361984,-103.608117,-84.512945,91.328476,-38.083839,-93.236294,95.053825,0.00,0.00,0.00,0.00,0.00,0.00,0.00,0.00,0.00,0.00,0.00,0.00
78.48639,-78.833838,-91.751871,164.859146,-85.207042,-92.348152,91.656845,-37.544423,-90.654569,94.056488,0.00,0.00,0.00,0.00,0.00,0.00,0.00,0.00,0.00,0.00,0.00,0.00
78.612307,-75.104726,-96.146619,165.007507,-75.141064,-101.119043,95.642517,-37.310104,-94.778318,93.033073,0.00,0.00,0.00,0.00,0.00,0.00,0.00,0.00,0.00,0.00,0.00,0.00
78.737429,-70.139956,-103.791284,164.406372,-70.70658,-109.102122,97.224922,-36.316166,-104.690819,91.303612,0.00,0.00,0.00,0.00,0.00,0.00,0.00,0.00,0.00,0.00,0.00,0.00
78.8626,-62.638047,-114.696952,161.98909,-68.71617,-117.757464,95.106804,-31.95302,-114.097914,87.938492,0.00,0.00,0.00,0.00,0.00,0.00,0.00,0.00,0.00,0.00,0.00,0.00
78.987877,-53.989842,-126.908635,161.340851,-66.787988,-127.145039,93.650497,-26.603164,-121.107652,84.634438,0.00,0.00,0.00,0.00,0.00,0.00,0.00,0.00,0.00,0.00,0.00,0.00
79.113273,-48.537514,-136.063824,163.932419,-64.149229,-135.51362,97.118912,-21.479522,-129.554989,85.875336,0.00,0.00,0.00,0.00,0.00,0.00,0.00,0.00,0.00,0.00,0.00,0.00
79.238229,-45.995932,-143.871397,165.66243,-63.864068,-142.486636,97.523567,-19.108393,-142.973057,87.689499,0.00,0.00,0.00,0.00,0.00,0.00,0.00,0.00,0.00,0.00,0.00,0.00
79.363994,-46.82713,-152.899106,165.118912,-65.705737,-151.450574,95.160545,-19.694203,-158.585944,88.108383,0.00,0.00,0.00,0.00,0.00,0.00,0.00,0.00,0.00,0.00,0.00,0.00
79.489612,-51.061908,-163.914421,163.357147,-68.655766,-165.380607,94.224716,-20.410714,-172.419953,88.21769,0.00,0.00,0.00,0.00,0.00,0.00,0.00,0.00,0.00,0.00,0.00,0.00
79.600868,-56.133498,-175.174531,163.375687,-71.281794,-183.088105,95.316109,-21.987632,-180.572328,88.879265,0.00,0.00,0.00,0.00,0.00,0.00,0.00,0.00,0.00,0.00,0.00,0.00
79.72671,-59.233104,-186.734365,164.703995,-73.245166,-207.713368,101.983002,-22.085033,-187.560811,91.598145,0.00,0.00,0.00,0.00,0.00,0.00,0.00,0.00,0.00,0.00,0.00,0.00
79.851917,-59.876019,-196.829684,165.272141,-72.650025,-225.581561,110.98069,-25.873859,-195.458963,91.300346,0.00,0.00,0.00,0.00,0.00,0.00,0.00,0.00,0.00,0.00,0.00,0.00
79.977578,-59.007238,-206.822828,164.431915,-72.326311,-240.418043,117.609695,-26.316932,-206.222373,90.458916,0.00,0.00,0.00,0.00,0.00,0.00,0.00,0.00,0.00,0.00,0.00,0.00
80.102353,-56.395944,-216.220528,162.732513,-71.898468,-252.467288,121.653366,-25.372197,-214.680255,87.342888,0.00,0.00,0.00,0.00,0.00,0.00,0.00,0.00,0.00,0.00,0.00,0.00
80.227642,-54.532835,-224.967,164.188034,-71.426219,-261.299307,124.789406,-28.44161,-222.702888,86.227463,0.00,0.00,0.00,0.00,0.00,0.00,0.00,0.00,0.00,0.00,0.00,0.00
80.352716,-55.23534,-232.326225,165.310287,-71.769419,-269.320835,126.6866,-27.568374,-230.552324,87.647141,0.00,0.00,0.00,0.00,0.00,0.00,0.00,0.00,0.00,0.00,0.00,0.00
80.47795,-57.226708,-238.794438,164.955719,-73.074635,-276.148667,126.126694,-30.286162,-236.080295,87.360214,0.00,0.00,0.00,0.00,0.00,0.00,0.00,0.00,0.00,0.00,0.00,0.00
80.603265,-59.591375,-244.368683,164.070038,-73.813575,-278.944553,123.488403,-32.528032,-232.901465,86.969086,0.00,0.00,0.00,0.00,0.00,0.00,0.00,0.00,0.00,0.00,0.00,0.00
80.728711,-59.344492,-248.355728,163.694336,-74.422346,-277.160922,122.909248,-42.619306,-247.81364,112.383881,0.00,0.00,0.00,0.00,0.00,0.00,0.00,0.00,0.00,0.00,0.00,0.00
80.854038,-57.304389,-250.812742,163.807098,-66.846877,-271.923632,118.313011,-43.524458,-247.369688,112.439255,0.00,0.00,0.00,0.00,0.00,0.00,0.00,0.00,0.00,0.00,0.00,0.00
80.978761,-53.057841,-251.581822,164.009598,-57.42202,-266.474819,109.494545,-40.116561,-245.241985,108.145157,0.00,0.00,0.00,0.00,0.00,0.00,0.00,0.00,0.00,0.00,0.00,0.00
81.103634,-46.780668,-250.128914,164.255402,-48.95272,-262.915967,104.118797,-34.748154,-242.806624,104.770401,0.00,0.00,0.00,0.00,0.00,0.00,0.00,0.00,0.00,0.00,0.00,0.00
81.235778,-36.508713,-247.207022,163.499954,-38.075032,-261.219002,102.308098,-26.096974,-240.38165,102.900612,0.00,0.00,0.00,0.00,0.00,0.00,0.00,0.00,0.00,0.00,0.00,0.00
81.363872,-24.123232,-242.564423,161.563278,-23.82704,-261.114372,102.128998,-15.300842,-238.093035,100.163139,0.00,0.00,0.00,0.00,0.00,0.00,0.00,0.00,0.00,0.00,0.00,0.00
81.489651,-10.382706,-237.448524,161.068054,-7.88617,-261.61137,101.802528,-3.625282,-235.670836,97.943146,0.00,0.00,0.00,0.00,0.00,0.00,0.00,0.00,0.00,0.00,0.00,0.00
81.614537,0.6934,-235.030433,163.183029,5.263114,-261.483856,103.209534,7.977509,-233.744721,101.423943,0.00,0.00,0.00,0.00,0.00,0.00,0.00,0.00,0.00,0.00,0.00,0.00
81.726057,9.845994,-234.827909,164.664978,15.029918,-261.14868,102.445343,17.93995,-232.710505,103.898598,0.00,0.00,0.00,0.00,0.00,0.00,0.00,0.00,0.00,0.00,0.00,0.00
81.851468,21.098891,-236.33088,163.818634,27.137321,-261.729152,98.270226,29.381522,-232.588298,102.770828,0.00,0.00,0.00,0.00,0.00,0.00,0.00,0.00,0.00,0.00,0.00,0.00
81.97747,34.922799,-239.933774,161.611496,42.739282,-261.869521,94.641479,42.534235,-232.507561,99.548187,0.00,0.00,0.00,0.00,0.00,0.00,0.00,0.00,0.00,0.00,0.00,0.00
82.102853,51.102782,-243.402645,161.725662,62.089471,-260.319628,93.380325,56.489464,-230.991302,99.037582,0.00,0.00,0.00,0.00,0.00,0.00,0.00,0.00,0.00,0.00,0.00,0.00
82.228439,65.047111,-242.347508,164.128403,81.112362,-254.946446,99.215988,67.560997,-227.616648,102.047646,0.00,0.00,0.00,0.00,0.00,0.00,0.00,0.00,0.00,0.00,0.00,0.00
82.353756,76.194923,-237.784311,165.224045,96.87323,-248.026971,104.543076,76.921737,-222.567883,102.020096,0.00,0.00,0.00,0.00,0.00,0.00,0.00,0.00,0.00,0.00,0.00,0.00
82.479234,87.315163,-230.758161,162.980942,110.758258,-239.338967,103.471565,86.753869,-216.097462,98.379692,0.00,0.00,0.00,0.00,0.00,0.00,0.00,0.00,0.00,0.00,0.00,0.00
82.604297,98.25712,-220.372539,160.382751,121.031382,-227.911449,100.36161,97.453516,-207.623858,94.09182,0.00,0.00,0.00,0.00,0.00,0.00,0.00,0.00,0.00,0.00,0.00,0.00
82.729897,107.900422,-209.080709,160.846329,133.358948,-216.824847,102.142677,109.293359,-197.268021,93.045288,0.00,0.00,0.00,0.00,0.00,0.00,0.00,0.00,0.00,0.00,0.00,0.00
82.854806,115.921519,-202.255851,164.106583,146.41129,-204.776261,108.364418,117.973676,-192.095481,105.531754,0.00,0.00,0.00,0.00,0.00,0.00,0.00,0.00,0.00,0.00,0.00,0.00
82.980145,124.387218,-196.849092,165.231949,161.433982,-190.642123,115.793571,121.174566,-185.718559,107.472313,0.00,0.00,0.00,0.00,0.00,0.00,0.00,0.00,0.00,0.00,0.00,0.00
83.105935,134.342589,-191.404153,163.949615,175.576719,-176.421657,122.843292,124.002643,-182.418278,108.599106,0.00,0.00,0.00,0.00,0.00,0.00,0.00,0.00,0.00,0.00,0.00,0.00
83.231436,145.882191,-185.490169,162.40831,189.968347,-163.374325,126.700592,128.161007,-179.799489,107.768288,0.00,0.00,0.00,0.00,0.00,0.00,0.00,0.00,0.00,0.00,0.00,0.00
83.356364,157.044397,-178.490381,163.482239,200.551885,-155.365492,126.447968,133.372922,-177.600263,109.058937,0.00,0.00,0.00,0.00,0.00,0.00,0.00,0.00,0.00,0.00,0.00,0.00
83.4817,163.511041,-172.190384,162.547653,206.175251,-151.611596,125.225021,136.742173,-177.538317,110.922203,0.00,0.00,0.00,0.00,0.00,0.00,0.00,0.00,0.00,0.00,0.00,0.00
83.60683,164.745473,-167.001416,160.790771,200.675877,-151.147727,125.241325,136.580421,-177.761235,111.922539,0.00,0.00,0.00,0.00,0.00,0.00,0.00,0.00,0.00,0.00,0.00,0.00
83.731453,157.701529,-165.602066,160.566147,188.995812,-150.222561,116.766647,134.582637,-181.933196,114.103058,0.00,0.00,0.00,0.00,0.00,0.00,0.00,0.00,0.00,0.00,0.00,0.00
83.855405,145.439706,-171.916227,161.632477,167.369518,-153.639795,105.896088,131.678515,-183.529957,109.649048,0.00,0.00,0.00,0.00,0.00,0.00,0.00,0.00,0.00,0.00,0.00,0.00
83.981453,134.620905,-183.564368,162.092728,142.763901,-168.073172,104.14357,127.207845,-192.435589,108.205986,0.00,0.00,0.00,0.00,0.00,0.00,0.00,0.00,0.00,0.00,0.00,0.00
84.107085,125.487672,-197.138587,161.984131,127.356021,-182.624008,104.510834,121.548398,-203.946102,105.578804,0.00,0.00,0.00,0.00,0.00,0.00,0.00,0.00,0.00,0.00,0.00,0.00
84.233326,118.587955,-209.186068,163.277252,116.835537,-192.247166,104.449585,114.035289,-213.109324,106.014107,0.00,0.00,0.00,0.00,0.00,0.00,0.00,0.00,0.00,0.00,0.00,0.00
84.359817,111.996208,-216.966766,164.48056,108.292446,-199.451757,103.235603,106.36929,-220.911915,108.23159,0.00,0.00,0.00,0.00,0.00,0.00,0.00,0.00,0.00,0.00,0.00,0.00
84.485222,103.921741,-220.847771,163.886597,99.866276,-205.069954,100.863312,98.44352,-227.489356,107.264343,0.00,0.00,0.00,0.00,0.00,0.00,0.00,0.00,0.00,0.00,0.00,0.00
84.611818,94.284623,-220.123983,162.655609,88.945564,-208.5495,97.762383,88.930166,-232.974954,107.829758,0.00,0.00,0.00,0.00,0.00,0.00,0.00,0.00,0.00,0.00,0.00,0.00
84.736688,84.095652,-217.151203,162.487228,76.709918,-211.497461,95.058952,76.677721,-238.714561,110.574577,0.00,0.00,0.00,0.00,0.00,0.00,0.00,0.00,0.00,0.00,0.00,0.00
84.862106,76.289634,-217.4784,164.324432,67.043781,-212.42638,98.968956,61.983796,-244.100627,116.007706,0.00,0.00,0.00,0.00,0.00,0.00,0.00,0.00,0.00,0.00,0.00,0.00
84.9874,69.390138,-221.150892,164.76001,61.070083,-210.308263,99.942741,44.70689,-249.745234,121.441971,0.00,0.00,0.00,0.00,0.00,0.00,0.00,0.00,0.00,0.00,0.00,0.00
85.113115,61.849473,-227.273665,163.875641,57.883396,-208.871279,97.441025,26.267741,-254.735923,125.89109,0.00,0.00,0.00,0.00,0.00,0.00,0.00,0.00,0.00,0.00,0.00,0.00
85.238419,52.915472,-236.693136,162.801056,56.15608,-212.287378,96.064362,9.979108,-259.808941,130.453278,0.00,0.00,0.00,0.00,0.00,0.00,0.00,0.00,0.00,0.00,0.00,0.00
85.363753,42.125312,-244.610591,162.714035,54.682524,-214.526067,96.931656,-0.365585,-266.481245,132.346832,0.00,0.00,0.00,0.00,0.00,0.00,0.00,0.00,0.00,0.00,0.00,0.00
85.488736,34.135237,-248.210032,161.660553,55.44379,-215.381,99.489471,-5.402396,-274.358309,132.950409,0.00,0.00,0.00,0.00,0.00,0.00,0.00,0.00,0.00,0.00,0.00,0.00
85.613877,29.725829,-248.655489,160.188339,57.859642,-215.160132,101.343094,-6.153112,-278.555662,132.005005,0.00,0.00,0.00,0.00,0.00,0.00,0.00,0.00,0.00,0.00,0.00,0.00
85.739098,29.755188,-243.805662,159.676544,73.011244,-217.683118,105.630371,-4.818754,-273.258743,132.51918,0.00,0.00,0.00,0.00,0.00,0.00,0.00,0.00,0.00,0.00,0.00,0.00
85.86406,37.590619,-235.927219,161.161835,56.189421,-216.662159,99.999748,3.183218,-260.726758,129.790039,0.00,0.00,0.00,0.00,0.00,0.00,0.00,0.00,0.00,0.00,0.00,0.00
85.988626,50.063979,-229.474304,161.684113,63.946119,-216.935786,101.771317,17.054496,-246.406114,118.891777,0.00,0.00,0.00,0.00,0.00,0.00,0.00,0.00,0.00,0.00,0.00,0.00
86.113086,63.668073,-223.824363,160.740326,77.405082,-215.793804,100.398079,34.514243,-234.177986,106.387833,0.00,0.00,0.00,0.00,0.00,0.00,0.00,0.00,0.00,0.00,0.00,0.00
86.237752,77.26001,-217.745798,159.744812,92.114857,-212.498998,97.058189,54.551101,-223.317538,102.69445,0.00,0.00,0.00,0.00,0.00,0.00,0.00,0.00,0.00,0.00,0.00,0.00
86.363145,88.323465,-212.20474,161.111893,101.670902,-209.404452,99.141502,70.757784,-213.631845,102.736687,0.00,0.00,0.00,0.00,0.00,0.00,0.00,0.00,0.00,0.00,0.00,0.00
86.488313,97.500065,-207.473103,162.586899,108.815174,-204.814619,100.791565,82.551433,-205.320799,104.04023,0.00,0.00,0.00,0.00,0.00,0.00,0.00,0.00,0.00,0.00,0.00,0.00
86.614297,104.613658,-200.832437,162.576202,114.586866,-197.299588,100.236641,89.191748,-196.63899,103.890518,0.00,0.00,0.00,0.00,0.00,0.00,0.00,0.00,0.00,0.00,0.00,0.00
86.725833,108.190435,-191.97392,161.54129,119.288966,-189.668515,99.913284,94.008701,-186.364962,101.865158,0.00,0.00,0.00,0.00,0.00,0.00,0.00,0.00,0.00,0.00,0.00,0.00
86.851073,109.591042,-179.328466,159.982773,126.601479,-180.604092,97.49826,99.535586,-172.040221,99.081757,0.00,0.00,0.00,0.00,0.00,0.00,0.00,0.00,0.00,0.00,0.00,0.00
86.976235,111.214406,-166.391534,161.942871,135.003876,-173.078189,95.362808,103.343005,-154.987695,101.177261,0.00,0.00,0.00,0.00,0.00,0.00,0.00,0.00,0.00,0.00,0.00,0.00
87.101533,114.843051,-154.975872,164.189331,139.896916,-164.825639,94.416283,107.228832,-139.571545,105.723724,0.00,0.00,0.00,0.00,0.00,0.00,0.00,0.00,0.00,0.00,0.00,0.00
87.227402,119.566465,-143.211514,163.545914,141.436131,-153.705307,91.428741,111.506893,-134.931523,108.538437,0.00,0.00,0.00,0.00,0.00,0.00,0.00,0.00,0.00,0.00,0.00,0.00
87.352926,125.326407,-130.109549,161.251785,143.00462,-139.474528,88.217758,114.835336,-119.873994,104.440331,0.00,0.00,0.00,0.00,0.00,0.00,0.00,0.00,0.00,0.00,0.00,0.00
87.478289,131.085184,-116.674103,161.674088,146.510119,-120.856575,88.08345,114.220285,-99.972419,97.907433,0.00,0.00,0.00,0.00,0.00,0.00,0.00,0.00,0.00,0.00,0.00,0.00
87.603627,132.886738,-104.208702,163.971573,148.896395,-102.020419,94.212799,108.23212,-82.149513,95.224304,0.00,0.00,0.00,0.00,0.00,0.00,0.00,0.00,0.00,0.00,0.00,0.00
87.729679,132.591419,-91.645474,164.387268,151.550457,-85.892167,98.007881,105.936095,-68.973979,95.156845,0.00,0.00,0.00,0.00,0.00,0.00,0.00,0.00,0.00,0.00,0.00,0.00
87.855499,131.894647,-78.196329,161.876862,155.392164,-71.551393,97.718864,103.666076,-54.629846,93.621155,0.00,0.00,0.00,0.00,0.00,0.00,0.00,0.00,0.00,0.00,0.00,0.00
87.980558,131.402318,-64.801192,160.900375,158.549296,-57.269905,99.083672,106.402407,-40.473207,95.524673,0.00,0.00,0.00,0.00,0.00,0.00,0.00,0.00,0.00,0.00,0.00,0.00
88.105999,134.194158,-53.262963,162.041336,162.805595,-43.179478,105.631676,111.576301,-25.012947,97.365562,0.00,0.00,0.00,0.00,0.00,0.00,0.00,0.00,0.00,0.00,0.00,0.00
88.23142,139.588273,-44.814985,162.594223,171.600766,-32.176088,113.028564,118.28423,-15.02002,100.737534,0.00,0.00,0.00,0.00,0.00,0.00,0.00,0.00,0.00,0.00,0.00,0.00
88.356696,146.045415,-38.145001,161.459457,182.728304,-22.305949,117.805649,120.095105,-1.183175,100.837578,0.00,0.00,0.00,0.00,0.00,0.00,0.00,0.00,0.00,0.00,0.00,0.00
88.481929,153.708753,-32.433845,161.138657,193.106415,-12.547474,120.851158,118.962028,11.670408,99.686401,0.00,0.00,0.00,0.00,0.00,0.00,0.00,0.00,0.00,0.00,0.00,0.00
88.607447,159.170853,-28.870452,161.599045,199.275661,-7.012616,121.944199,122.419655,18.794535,95.623772,0.00,0.00,0.00,0.00,0.00,0.00,0.00,0.00,0.00,0.00,0.00,0.00
88.73285,161.9629,-26.457324,161.422104,202.764656,-6.476881,121.743156,126.605433,20.580371,93.621628,0.00,0.00,0.00,0.00,0.00,0.00,0.00,0.00,0.00,0.00,0.00,0.00
88.858486,161.67032,-24.542139,161.295502,201.520393,-6.323742,121.423172,127.33112,22.188167,95.314568,0.00,0.00,0.00,0.00,0.00,0.00,0.00,0.00,0.00,0.00,0.00,0.00
88.983322,155.527216,-21.650614,160.781082,188.90352,-7.316503,117.849091,119.909747,18.075059,97.067902,0.00,0.00,0.00,0.00,0.00,0.00,0.00,0.00,0.00,0.00,0.00,0.00
89.107477,143.181206,-22.242228,161.429672,169.478331,-8.909389,105.908096,116.026179,3.308958,100.605026,0.00,0.00,0.00,0.00,0.00,0.00,0.00,0.00,0.00,0.00,0.00,0.00
89.231932,129.92939,-25.653157,161.088699,146.730664,-13.537372,99.090721,116.469713,-14.379777,105.463837,0.00,0.00,0.00,0.00,0.00,0.00,0.00,0.00,0.00,0.00,0.00,0.00
89.357601,115.423785,-30.561224,159.988098,125.094445,-19.058239,98.998779,112.017351,-33.040354,105.689064,0.00,0.00,0.00,0.00,0.00,0.00,0.00,0.00,0.00,0.00,0.00,0.00
89.484146,100.732367,-37.261792,159.541275,107.588351,-20.92294,99.329201,94.98509,-40.889736,102.200058,0.00,0.00,0.00,0.00,0.00,0.00,0.00,0.00,0.00,0.00,0.00,0.00
89.610296,90.214853,-42.41914,162.078232,95.056499,-19.260067,97.9422,82.512031,-44.877124,104.22126,0.00,0.00,0.00,0.00,0.00,0.00,0.00,0.00,0.00,0.00,0.00,0.00
89.735458,80.859683,-44.603695,164.056305,86.675149,-15.956422,93.875305,71.813422,-47.028408,106.025986,0.00,0.00,0.00,0.00,0.00,0.00,0.00,0.00,0.00,0.00,0.00,0.00
89.86105,70.824806,-44.911983,163.650406,76.851503,-14.513878,90.872452,61.266228,-48.28875,104.307709,0.00,0.00,0.00,0.00,0.00,0.00,0.00,0.00,0.00,0.00,0.00,0.00
89.986108,58.385073,-41.904756,161.938614,61.424605,-13.658416,87.860283,50.31268,-49.36236,102.096466,0.00,0.00,0.00,0.00,0.00,0.00,0.00,0.00,0.00,0.00,0.00,0.00
90.111564,44.200088,-39.025209,161.904144,42.375374,-14.389815,84.886421,39.616219,-51.872218,101.393196,0.00,0.00,0.00,0.00,0.00,0.00,0.00,0.00,0.00,0.00,0.00,0.00
90.236717,31.515503,-39.887454,163.213928,21.855492,-19.55097,89.945114,30.985334,-55.850376,102.942085,0.00,0.00,0.00,0.00,0.00,0.00,0.00,0.00,0.00,0.00,0.00,0.00
90.362062,20.59721,-43.609804,162.715073,3.93916,-24.626208,93.112045,23.11648,-60.665556,101.714516,0.00,0.00,0.00,0.00,0.00,0.00,0.00,0.00,0.00,0.00,0.00,0.00
90.487617,9.139463,-49.846895,160.056351,-10.285299,-30.366333,91.36171,15.177379,-66.377173,98.67514,0.00,0.00,0.00,0.00,0.00,0.00,0.00,0.00,0.00,0.00,0.00,0.00
90.612763,-2.309916,-58.018142,158.271744,-21.480004,-36.595816,88.51696,4.650149,-73.7089,96.919075,0.00,0.00,0.00,0.00,0.00,0.00,0.00,0.00,0.00,0.00,0.00,0.00
90.738134,-14.079147,-67.01925,159.341248,-29.459914,-41.431921,86.531738,-11.55716,-81.904584,97.166618,0.00,0.00,0.00,0.00,0.00,0.00,0.00,0.00,0.00,0.00,0.00,0.00
90.863664,-25.875589,-72.354946,162.221497,-33.785902,-44.610528,90.093384,-29.842846,-86.306064,101.767693,0.00,0.00,0.00,0.00,0.00,0.00,0.00,0.00,0.00,0.00,0.00,0.00
90.98883,-36.756935,-74.165169,163.930008,-38.06669,-45.578031,91.041405,-47.589421,-87.970758,106.353882,0.00,0.00,0.00,0.00,0.00,0.00,0.00,0.00,0.00,0.00,0.00,0.00
91.114252,-46.275577,-73.567406,163.29953,-45.446465,-47.043541,88.974449,-62.238665,-87.920187,110.462967,0.00,0.00,0.00,0.00,0.00,0.00,0.00,0.00,0.00,0.00,0.00,0.00
91.225965,-53.432242,-72.070596,163.621979,-54.148702,-48.788075,88.667404,-74.390914,-87.373769,113.233246,0.00,0.00,0.00,0.00,0.00,0.00,0.00,0.00,0.00,0.00,0.00,0.00
91.351388,-61.914077,-73.07986,164.692856,-61.061682,-50.275153,92.619896,-90.65218,-86.424454,117.894684,0.00,0.00,0.00,0.00,0.00,0.00,0.00,0.00,0.00,0.00,0.00,0.00
91.47703,-71.82369,-76.350073,163.517517,-63.026848,-51.190267,93.330231,-110.03016,-84.691258,121.877266,0.00,0.00,0.00,0.00,0.00,0.00,0.00,0.00,0.00,0.00,0.00,0.00
91.601867,-83.950405,-80.67809,160.650467,-70.242701,-57.299517,91.196732,-131.036115,-82.816121,122.608231,0.00,0.00,0.00,0.00,0.00,0.00,0.00,0.00,0.00,0.00,0.00,0.00
91.727011,-95.648076,-83.88964,159.167191,-76.08513,-61.547752,92.166283,-144.779966,-82.167878,121.791962,0.00,0.00,0.00,0.00,0.00,0.00,0.00,0.00,0.00,0.00,0.00,0.00
91.851766,-103.060002,-85.594383,156.43689,-77.904936,-62.262525,92.4263,-149.9437,-80.751518,120.604301,0.00,0.00,0.00,0.00,0.00,0.00,0.00,0.00,0.00,0.00,0.00,0.00
91.977128,-106.095388,-87.314027,154.706146,-76.447417,-63.501934,92.813087,-148.982214,-80.653216,120.787071,0.00,0.00,0.00,0.00,0.00,0.00,0.00,0.00,0.00,0.00,0.00,0.00
92.102372,-104.330326,-89.5649,155.818924,-74.870845,-62.778253,94.039955,-141.225313,-80.812403,121.982491,0.00,0.00,0.00,0.00,0.00,0.00,0.00,0.00,0.00,0.00,0.00,0.00
92.227628,-97.861695,-91.414404,158.965836,-78.176749,-61.643816,94.375031,-127.39426,-82.749043,118.788681,0.00,0.00,0.00,0.00,0.00,0.00,0.00,0.00,0.00,0.00,0.00,0.00
92.353512,-88.360337,-91.043459,161.418106,-82.165873,-62.033925,93.7668,-110.47625,-88.20006,111.097145,0.00,0.00,0.00,0.00,0.00,0.00,0.00,0.00,0.00,0.00,0.00,0.00
92.478818,-78.509912,-87.865395,161.709625,-81.992812,-60.35389,91.961693,-90.372682,-94.931384,103.085899,0.00,0.00,0.00,0.00,0.00,0.00,0.00,0.00,0.00,0.00,0.00,0.00
92.604123,-71.230399,-85.295804,162.348206,-78.168329,-64.269131,89.252541,-72.180872,-99.520945,100.172684,0.00,0.00,0.00,0.00,0.00,0.00,0.00,0.00,0.00,0.00,0.00,0.00
92.729438,-64.146005,-86.826475,164.625488,-78.155006,-75.308008,90.086243,-61.168163,-102.033999,102.884018,0.00,0.00,0.00,0.00,0.00,0.00,0.00,0.00,0.00,0.00,0.00,0.00
92.854697,-57.986945,-90.52842,165.413635,-77.920193,-84.960615,91.965881,-53.681544,-105.154159,103.249931,0.00,0.00,0.00,0.00,0.00,0.00,0.00,0.00,0.00,0.00,0.00,0.00
92.979901,-53.121939,-97.185074,165.849716,-80.054152,-96.364316,94.386055,-46.491041,-110.201402,99.873802,0.00,0.00,0.00,0.00,0.00,0.00,0.00,0.00,0.00,0.00,0.00,0.00
93.104931,-47.875858,-107.772549,164.557648,-79.55511,-107.38282,95.358803,-39.841315,-117.460836,97.75473,0.00,0.00,0.00,0.00,0.00,0.00,0.00,0.00,0.00,0.00,0.00,0.00
93.230506,-42.721573,-119.343089,163.308304,-77.376143,-113.533274,94.322342,-34.148463,-127.142999,96.7901,0.00,0.00,0.00,0.00,0.00,0.00,0.00,0.00,0.00,0.00,0.00,0.00
93.355771,-40.256801,-128.18294,165.153519,-73.014654,-122.782423,95.29129,-31.135237,-138.108569,99.358116,0.00,0.00,0.00,0.00,0.00,0.00,0.00,0.00,0.00,0.00,0.00,0.00
93.480914,-40.084986,-136.909633,166.635727,-68.83726,-133.219674,95.951004,-31.372537,-148.61023,102.54203,0.00,0.00,0.00,0.00,0.00,0.00,0.00,0.00,0.00,0.00,0.00,0.00
93.606279,-42.400616,-145.957971,166.058563,-66.861698,-143.019043,94.618774,-34.836196,-158.688612,105.596924,0.00,0.00,0.00,0.00,0.00,0.00,0.00,0.00,0.00,0.00,0.00,0.00
93.732111,-47.047989,-155.884948,164.322281,-67.905105,-153.842219,92.003502,-37.835388,-169.254236,106.080391,0.00,0.00,0.00,0.00,0.00,0.00,0.00,0.00,0.00,0.00,0.00,0.00
93.857267,-53.111401,-166.579724,163.833954,-70.541909,-163.860352,89.239899,-38.925715,-180.565872,105.618301,0.00,0.00,0.00,0.00,0.00,0.00,0.00,0.00,0.00,0.00,0.00,0.00
93.982484,-57.611558,-177.189205,164.912491,-70.687142,-172.2103,88.051735,-39.836215,-189.411415,107.092644,0.00,0.00,0.00,0.00,0.00,0.00,0.00,0.00,0.00,0.00,0.00,0.00
94.108069,-58.509484,-187.61658,165.913818,-71.425315,-211.910005,111.393646,-40.030875,-197.974877,106.437889,0.00,0.00,0.00,0.00,0.00,0.00,0.00,0.00,0.00,0.00,0.00,0.00
94.233566,-57.54334,-198.518484,164.856537,-70.238294,-224.431455,114.367554,-40.088775,-207.431407,104.35376,0.00,0.00,0.00,0.00,0.00,0.00,0.00,0.00,0.00,0.00,0.00,0.00
94.358845,-54.645476,-209.11628,163.27298,-70.675063,-237.184607,118.887817,-39.542647,-217.937332,102.718987,0.00,0.00,0.00,0.00,0.00,0.00,0.00,0.00,0.00,0.00,0.00,0.00
94.483244,-52.305386,-218.862069,164.594894,-70.810391,-248.883299,123.948227,-38.940117,-228.677733,104.431763,0.00,0.00,0.00,0.00,0.00,0.00,0.00,0.00,0.00,0.00,0.00,0.00
94.609012,-53.33744,-226.925683,165.532669,-70.884818,-259.13588,127.775978,-38.991729,-237.36974,107.157005,0.00,0.00,0.00,0.00,0.00,0.00,0.00,0.00,0.00,0.00,0.00,0.00
94.733994,-56.442935,-234.299067,164.826172,-71.749817,-269.588188,128.482086,-39.535245,-242.064948,107.263969,0.00,0.00,0.00,0.00,0.00,0.00,0.00,0.00,0.00,0.00,0.00,0.00
94.859722,-58.956187,-241.424154,164.03212,-73.062606,-277.889934,126.279175,-39.38357,-247.319706,108.668472,0.00,0.00,0.00,0.00,0.00,0.00,0.00,0.00,0.00,0.00,0.00,0.00
94.984865,-59.430921,-247.006432,163.91597,-73.640959,-280.394575,122.974792,-39.743296,-248.282384,109.27224,0.00,0.00,0.00,0.00,0.00,0.00,0.00,0.00,0.00,0.00,0.00,0.00
95.110335,-58.060153,-250.61417,163.689133,-72.360686,-277.272794,123.274399,-38.926022,-247.888282,108.170334,0.00,0.00,0.00,0.00,0.00,0.00,0.00,0.00,0.00,0.00,0.00,0.00
95.235106,-54.173928,-252.391585,163.909134,-64.800756,-273.013204,117.452065,-36.605963,-247.228944,107.797516,0.00,0.00,0.00,0.00,0.00,0.00,0.00,0.00,0.00,0.00,0.00,0.00
95.360045,-47.195382,-252.296534,163.732117,-53.87856,-269.750387,109.22998,-31.906116,-245.724244,106.087044,0.00,0.00,0.00,0.00,0.00,0.00,0.00,0.00,0.00,0.00,0.00,0.00
95.485177,-36.508903,-250.233062,162.797928,-40.305643,-267.663503,109.791542,-24.588916,-243.120582,103.375816,0.00,0.00,0.00,0.00,0.00,0.00,0.00,0.00,0.00,0.00,0.00,0.00
95.610988,-22.820891,-245.125621,161.093597,-24.323549,-265.983681,109.054276,-14.592892,-239.676962,100.783585,0.00,0.00,0.00,0.00,0.00,0.00,0.00,0.00,0.00,0.00,0.00,0.00
95.736091,-9.559387,-239.60944,160.727936,-8.178165,-264.489476,107.985542,-2.717743,-235.825974,100.497375,0.00,0.00,0.00,0.00,0.00,0.00,0.00,0.00,0.00,0.00,0.00,0.00
95.860965,1.06629,-237.531877,163.057404,4.87555,-264.214793,103.213455,8.801247,-233.515936,103.230026,0.00,0.00,0.00,0.00,0.00,0.00,0.00,0.00,0.00,0.00,0.00,0.00
95.986186,11.264215,-238.351354,164.398453,13.264855,-265.17068,94.06395,19.284809,-233.352605,105.366707,0.00,0.00,0.00,0.00,0.00,0.00,0.00,0.00,0.00,0.00,0.00,0.00
96.111738,23.052682,-241.154404,162.827393,22.297081,-266.146803,86.853775,30.81496,-233.525922,103.812576,0.00,0.00,0.00,0.00,0.00,0.00,0.00,0.00,0.00,0.00,0.00,0.00
96.237005,37.144389,-245.58874,160.35405,36.577258,-266.779668,81.425964,43.536907,-233.78459,102.477097,0.00,0.00,0.00,0.00,0.00,0.00,0.00,0.00,0.00,0.00,0.00,0.00
96.362612,51.693896,-248.733086,161.967377,47.199683,-266.824465,81.065765,56.188904,-233.167776,104.582642,0.00,0.00,0.00,0.00,0.00,0.00,0.00,0.00,0.00,0.00,0.00,0.00
96.487852,63.904854,-247.115991,164.712067,60.707392,-268.848116,83.294899,66.821198,-230.618253,106.211891,0.00,0.00,0.00,0.00,0.00,0.00,0.00,0.00,0.00,0.00,0.00,0.00
96.613409,74.806091,-242.100556,164.730347,76.053754,-269.636655,84.738899,77.336034,-226.386232,104.37944,0.00,0.00,0.00,0.00,0.00,0.00,0.00,0.00,0.00,0.00,0.00,0.00
96.738504,85.951362,-233.039523,162.780457,108.053394,-246.411595,97.35125,88.451674,-220.116397,99.31356,0.00,0.00,0.00,0.00,0.00,0.00,0.00,0.00,0.00,0.00,0.00,0.00
96.863938,96.510815,-220.151756,160.681274,118.633233,-234.41521,95.525223,99.664941,-210.941181,94.554207,0.00,0.00,0.00,0.00,0.00,0.00,0.00,0.00,0.00,0.00,0.00,0.00
96.989004,105.604852,-209.122443,161.470993,129.379681,-221.691083,96.895973,110.67137,-201.148852,98.267563,0.00,0.00,0.00,0.00,0.00,0.00,0.00,0.00,0.00,0.00,0.00,0.00
97.114072,113.819919,-202.66113,164.120834,140.465243,-210.029637,100.690544,116.535543,-192.500644,103.584267,0.00,0.00,0.00,0.00,0.00,0.00,0.00,0.00,0.00,0.00,0.00,0.00
97.239576,122.979282,-197.9339,164.285355,154.210154,-197.091054,102.038124,118.566655,-186.874868,103.796829,0.00,0.00,0.00,0.00,0.00,0.00,0.00,0.00,0.00,0.00,0.00,0.00
97.364934,133.591995,-193.130972,162.968994,169.199128,-182.707979,107.323349,120.631098,-184.800672,101.874474,0.00,0.00,0.00,0.00,0.00,0.00,0.00,0.00,0.00,0.00,0.00,0.00
97.476537,144.726697,-188.719471,160.886902,183.542117,-169.790072,114.988182,125.126827,-183.244122,99.650391,0.00,0.00,0.00,0.00,0.00,0.00,0.00,0.00,0.00,0.00,0.00,0.00
97.601654,156.699677,-182.543799,160.646393,197.985464,-158.460183,121.457649,133.362032,-181.642415,99.654236,0.00,0.00,0.00,0.00,0.00,0.00,0.00,0.00,0.00,0.00,0.00,0.00
97.726719,163.074852,-177.801228,161.934204,205.347757,-153.685608,123.224854,140.929741,-182.807782,102.964714,0.00,0.00,0.00,0.00,0.00,0.00,0.00,0.00,0.00,0.00,0.00,0.00
97.851753,166.006484,-173.863266,160.745438,204.898708,-153.495978,122.764374,143.821519,-183.651774,103.921425,0.00,0.00,0.00,0.00,0.00,0.00,0.00,0.00,0.00,0.00,0.00,0.00
97.976507,163.364059,-170.889655,159.610031,197.873649,-153.920956,120.459236,143.885507,-185.339534,104.551437,0.00,0.00,0.00,0.00,0.00,0.00,0.00,0.00,0.00,0.00,0.00,0.00
98.100894,152.716084,-174.33834,158.736603,184.895513,-155.833895,109.274223,139.222682,-188.16607,104.067268,0.00,0.00,0.00,0.00,0.00,0.00,0.00,0.00,0.00,0.00,0.00,0.00
98.226002,142.908874,-185.062325,159.726944,168.786513,-162.644866,97.974838,135.468855,-194.150726,104.432846,0.00,0.00,0.00,0.00,0.00,0.00,0.00,0.00,0.00,0.00,0.00,0.00
98.363664,133.908601,-197.274689,159.842728,149.363739,-176.579141,94.804596,129.278056,-205.329029,103.370369,0.00,0.00,0.00,0.00,0.00,0.00,0.00,0.00,0.00,0.00,0.00,0.00
98.476211,126.676066,-208.942984,158.86235,136.403088,-188.15769,94.434288,123.636967,-216.23063,100.038979,0.00,0.00,0.00,0.00,0.00,0.00,0.00,0.00,0.00,0.00,0.00,0.00
98.602212,119.831105,-220.468798,159.525375,124.974635,-198.189043,94.743439,115.901955,-226.06637,99.00544,0.00,0.00,0.00,0.00,0.00,0.00,0.00,0.00,0.00,0.00,0.00,0.00
98.728285,113.278567,-226.918147,161.606644,115.937197,-204.069178,94.529778,107.487904,-232.663204,102.884293,0.00,0.00,0.00,0.00,0.00,0.00,0.00,0.00,0.00,0.00,0.00,0.00
98.853977,105.827008,-230.517705,162.515823,106.772754,-208.309805,94.572777,99.391162,-237.799109,104.792427,0.00,0.00,0.00,0.00,0.00,0.00,0.00,0.00,0.00,0.00,0.00,0.00
98.979493,97.151983,-231.947017,162.669144,96.175662,-212.302292,94.05751,90.625299,-241.843738,105.715034,0.00,0.00,0.00,0.00,0.00,0.00,0.00,0.00,0.00,0.00,0.00,0.00
99.104624,86.489507,-231.135058,161.674881,84.007803,-216.723857,89.805382,80.572235,-245.737841,106.096062,0.00,0.00,0.00,0.00,0.00,0.00,0.00,0.00,0.00,0.00,0.00,0.00
99.230768,74.236684,-229.636136,161.947968,70.546706,-220.521403,86.051521,69.973372,-249.640547,105.948494,0.00,0.00,0.00,0.00,0.00,0.00,0.00,0.00,0.00,0.00,0.00,0.00
99.355731,64.131261,-229.832775,163.669479,58.062424,-221.48519,90.067749,58.206056,-252.442538,109.05703,0.00,0.00,0.00,0.00,0.00,0.00,0.00,0.00,0.00,0.00,0.00,0.00
99.481312,56.231506,-231.858114,164.68512,49.055585,-219.628437,93.223663,43.846648,-256.220517,113.515182,0.00,0.00,0.00,0.00,0.00,0.00,0.00,0.00,0.00,0.00,0.00,0.00
99.606372,48.565342,-235.032009,163.920349,42.642671,-217.914213,92.624367,27.838365,-260.3378,120.237793,0.00,0.00,0.00,0.00,0.00,0.00,0.00,0.00,0.00,0.00,0.00,0.00
99.731986,40.285962,-239.701494,162.921844,37.63281,-218.348489,92.136993,12.933381,-264.350609,127.105949,0.00,0.00,0.00,0.00,0.00,0.00,0.00,0.00,0.00,0.00,0.00,0.00
99.857141,31.330038,-245.191945,160.964035,32.234448,-219.801405,90.240143,1.272585,-269.769926,131.345901,0.00,0.00,0.00,0.00,0.00,0.00,0.00,0.00,0.00,0.00,0.00,0.00
99.982493,21.673656,-248.443635,161.852509,29.532915,-220.609818,89.91407,-4.264866,-276.377873,131.604401,0.00,0.00,0.00,0.00,0.00,0.00,0.00,0.00,0.00,0.00,0.00,0.00
100.108083,13.78772,-247.464733,161.773132,33.211192,-218.500383,89.610687,-4.606556,-278.228585,130.94725,0.00,0.00,0.00,0.00,0.00,0.00,0.00,0.00,0.00,0.00,0.00,0.00
100.23276,8.604957,-241.18894,160.866974,33.30422,-221.544113,89.09613,-4.223649,-267.554498,130.252914,0.00,0.00,0.00,0.00,0.00,0.00,0.00,0.00,0.00,0.00,0.00,0.00
100.357384,10.749327,-232.092466,160.856201,22.487305,-219.034628,99.919304,-4.93731,-251.503597,125.942459,0.00,0.00,0.00,0.00,0.00,0.00,0.00,0.00,0.00,0.00,0.00,0.00
100.481603,20.072282,-224.32016,160.322815,29.356216,-219.242613,100.957634,4.204207,-235.549025,121.999336,0.00,0.00,0.00,0.00,0.00,0.00,0.00,0.00,0.00,0.00,0.00,0.00
100.605973,33.564817,-220.089502,159.375992,42.023952,-219.233832,100.588432,18.819927,-225.828229,118.609749,0.00,0.00,0.00,0.00,0.00,0.00,0.00,0.00,0.00,0.00,0.00,0.00
100.73094,50.282537,-217.586398,157.742828,59.652899,-220.982025,96.730667,36.555467,-219.291582,116.832794,0.00,0.00,0.00,0.00,0.00,0.00,0.00,0.00,0.00,0.00,0.00,0.00
100.856575,70.129769,-214.908941,154.557388,78.553814,-223.486343,91.555565,56.963529,-213.214756,113.356018,0.00,0.00,0.00,0.00,0.00,0.00,0.00,0.00,0.00,0.00,0.00,0.00
100.982015,86.13319,-210.673072,152.760101,95.182582,-225.553014,88.405022,74.936169,-206.053367,112.726212,0.00,0.00,0.00,0.00,0.00,0.00,0.00,0.00,0.00,0.00,0.00,0.00
101.107612,94.14138,-206.02698,156.233948,104.797471,-224.951519,91.400726,86.400041,-198.092382,113.433014,0.00,0.00,0.00,0.00,0.00,0.00,0.00,0.00,0.00,0.00,0.00,0.00
101.233468,99.483907,-200.753549,158.760162,112.564205,-220.665328,92.92495,93.276302,-191.192279,112.77758,0.00,0.00,0.00,0.00,0.00,0.00,0.00,0.00,0.00,0.00,0.00,0.00
101.359,103.438887,-192.788822,159.363281,118.998796,-212.232341,92.594925,96.760386,-182.441494,110.509781,0.00,0.00,0.00,0.00,0.00,0.00,0.00,0.00,0.00,0.00,0.00,0.00
101.484897,105.606744,-182.18738,158.700378,124.921381,-199.55847,93.287666,102.380343,-170.291933,107.119514,0.00,0.00,0.00,0.00,0.00,0.00,0.00,0.00,0.00,0.00,0.00,0.00
101.610445,106.612115,-171.109436,160.392151,131.468257,-186.61929,94.138092,104.683504,-162.244272,108.956863,0.00,0.00,0.00,0.00,0.00,0.00,0.00,0.00,0.00,0.00,0.00,0.00
101.733511,109.892301,-160.929489,163.803146,134.547523,-176.555599,97.557884,110.358973,-152.805977,108.342659,0.00,0.00,0.00,0.00,0.00,0.00,0.00,0.00,0.00,0.00,0.00,0.00
101.8591,115.919869,-150.970781,165.437393,136.730074,-162.13733,98.091095,117.698672,-138.888042,110.405182,0.00,0.00,0.00,0.00,0.00,0.00,0.00,0.00,0.00,0.00,0.00,0.00
101.984604,123.242465,-140.851546,163.51033,143.236326,-148.2605,95.598808,121.182592,-127.309522,107.937302,0.00,0.00,0.00,0.00,0.00,0.00,0.00,0.00,0.00,0.00,0.00,0.00
102.110541,130.89444,-130.062255,163.538666,150.386954,-138.681748,94.065872,121.877155,-115.246946,105.207268,0.00,0.00,0.00,0.00,0.00,0.00,0.00,0.00,0.00,0.00,0.00,0.00
102.235838,135.193451,-119.360439,165.35762,154.217661,-129.297476,94.654892,120.840588,-106.544948,105.231224,0.00,0.00,0.00,0.00,0.00,0.00,0.00,0.00,0.00,0.00,0.00,0.00
102.361582,136.580192,-107.895103,164.779541,160.076647,-98.534611,97.149261,120.353342,-97.022328,101.688385,0.00,0.00,0.00,0.00,0.00,0.00,0.00,0.00,0.00,0.00,0.00,0.00
102.48708,135.798527,-95.29591,162.715118,162.004037,-83.828321,98.05085,120.61237,-86.100442,98.810692,0.00,0.00,0.00,0.00,0.00,0.00,0.00,0.00,0.00,0.00,0.00,0.00
102.612482,133.612344,-82.603806,161.163071,164.012436,-69.632052,99.396423,121.152087,-73.068444,94.845818,0.00,0.00,0.00,0.00,0.00,0.00,0.00,0.00,0.00,0.00,0.00,0.00
102.737939,133.114021,-71.401345,162.768967,164.815133,-57.35982,102.406395,123.515688,-61.586685,95.208809,0.00,0.00,0.00,0.00,0.00,0.00,0.00,0.00,0.00,0.00,0.00,0.00
102.863205,136.206799,-62.756773,163.849014,170.526207,-45.360755,107.595802,127.816941,-54.376142,101.821045,0.00,0.00,0.00,0.00,0.00,0.00,0.00,0.00,0.00,0.00,0.00,0.00
102.988462,141.916958,-55.031102,163.375076,179.928007,-32.975612,112.757858,128.792798,-47.861454,102.698227,0.00,0.00,0.00,0.00,0.00,0.00,0.00,0.00,0.00,0.00,0.00,0.00
103.113943,149.951719,-48.099902,161.862091,188.614852,-19.873805,118.175797,130.120501,-45.008645,100.401779,0.00,0.00,0.00,0.00,0.00,0.00,0.00,0.00,0.00,0.00,0.00,0.00
103.239101,157.632871,-40.380499,161.772736,196.338575,-10.160339,121.983925,133.443989,-43.628481,98.740997,0.00,0.00,0.00,0.00,0.00,0.00,0.00,0.00,0.00,0.00,0.00,0.00
103.364183,161.858177,-35.333286,161.898499,202.040478,-6.301149,122.382713,137.416255,-41.202309,99.571297,0.00,0.00,0.00,0.00,0.00,0.00,0.00,0.00,0.00,0.00,0.00,0.00
103.489497,163.456851,-31.840732,161.770813,202.07178,-6.634438,122.535828,138.19805,-37.363645,101.187218,0.00,0.00,0.00,0.00,0.00,0.00,0.00,0.00,0.00,0.00,0.00,0.00
103.601107,160.014986,-29.122685,161.891006,198.958514,-6.980035,122.74408,136.663206,-36.055984,102.149872,0.00,0.00,0.00,0.00,0.00,0.00,0.00,0.00,0.00,0.00,0.00,0.00
103.739067,147.895168,-29.4948,162.459229,180.371939,-7.633902,113.653694,129.786997,-36.613113,99.652306,0.00,0.00,0.00,0.00,0.00,0.00,0.00,0.00,0.00,0.00,0.00,0.00
103.864589,135.209948,-33.172471,161.955505,155.911012,-12.016732,103.383949,121.393662,-38.323292,98.943436,0.00,0.00,0.00,0.00,0.00,0.00,0.00,0.00,0.00,0.00,0.00,0.00
103.976324,123.133745,-37.294128,160.885208,133.979327,-19.296413,100.491142,111.751486,-41.269059,98.439552,0.00,0.00,0.00,0.00,0.00,0.00,0.00,0.00,0.00,0.00,0.00,0.00
104.102628,109.974618,-42.356788,161.463943,114.597645,-23.972739,101.436195,100.328106,-46.362968,98.508965,0.00,0.00,0.00,0.00,0.00,0.00,0.00,0.00,0.00,0.00,0.00,0.00
104.22835,99.37777,-45.474158,163.764877,99.868323,-23.203029,101.956306,89.144227,-50.198152,101.120354,0.00,0.00,0.00,0.00,0.00,0.00,0.00,0.00,0.00,0.00,0.00,0.00
104.354049,88.975272,-46.757672,165.153534,89.957596,-21.536694,98.693024,77.98292,-51.733828,103.985664,0.00,0.00,0.00,0.00,0.00,0.00,0.00,0.00,0.00,0.00,0.00,0.00
104.479358,77.167032,-46.428908,163.578491,79.870155,-19.480357,95.091835,66.005661,-52.507274,102.650917,0.00,0.00,0.00,0.00,0.00,0.00,0.00,0.00,0.00,0.00,0.00,0.00
104.604256,62.682276,-43.545999,160.506805,65.21515,-18.135263,91.847885,55.082617,-53.601646,100.005806,0.00,0.00,0.00,0.00,0.00,0.00,0.00,0.00,0.00,0.00,0.00,0.00
104.72966,48.373424,-40.981734,161.170074,44.628632,-19.782019,90.805016,45.069534,-55.532144,99.774628,0.00,0.00,0.00,0.00,0.00,0.00,0.00,0.00,0.00,0.00,0.00,0.00
104.855078,36.158376,-42.985594,163.890808,23.194043,-26.450428,97.611824,35.357857,-57.909314,101.936829,0.00,0.00,0.00,0.00,0.00,0.00,0.00,0.00,0.00,0.00,0.00,0.00
104.980769,25.453661,-47.335709,164.173737,7.345407,-29.860984,97.797897,25.332631,-62.321675,102.183464,0.00,0.00,0.00,0.00,0.00,0.00,0.00,0.00,0.00,0.00,0.00,0.00
105.105721,14.015841,-53.237279,162.205765,-7.381321,-35.17307,97.059654,16.047171,-70.157517,98.502281,0.00,0.00,0.00,0.00,0.00,0.00,0.00,0.00,0.00,0.00,0.00,0.00
105.231217,2.632426,-60.931795,161.750824,-16.815272,-39.4483,94.704781,4.542317,-77.887756,98.33345,0.00,0.00,0.00,0.00,0.00,0.00,0.00,0.00,0.00,0.00,0.00,0.00
105.356616,-8.972421,-67.423508,163.566849,-22.60765,-42.826109,93.316833,-10.946533,-82.98004,100.616455,0.00,0.00,0.00,0.00,0.00,0.00,0.00,0.00,0.00,0.00,0.00,0.00
105.48191,-20.923283,-70.162602,165.153763,-30.22013,-44.862736,92.217728,-27.381602,-84.040602,106.623039,0.00,0.00,0.00,0.00,0.00,0.00,0.00,0.00,0.00,0.00,0.00,0.00
105.607212,-33.152812,-69.258233,164.132812,-41.25262,-46.589307,90.214813,-42.815118,-84.606208,108.868256,0.00,0.00,0.00,0.00,0.00,0.00,0.00,0.00,0.00,0.00,0.00,0.00
105.732666,-45.253491,-64.875626,162.487122,-52.781809,-46.264148,87.285461,-56.61846,-84.44574,109.072754,0.00,0.00,0.00,0.00,0.00,0.00,0.00,0.00,0.00,0.00,0.00,0.00
105.858581,-55.16807,-61.891559,162.840652,-59.059262,-47.18291,92.994858,-72.598166,-83.800035,112.730095,0.00,0.00,0.00,0.00,0.00,0.00,0.00,0.00,0.00,0.00,0.00,0.00
105.983468,-63.632317,-62.252228,163.264389,-59.611998,-46.051048,94.346893,-91.835222,-82.8673,118.326859,0.00,0.00,0.00,0.00,0.00,0.00,0.00,0.00,0.00,0.00,0.00,0.00
106.108722,-73.191726,-64.227512,161.249664,-53.694946,-44.684242,92.733116,-112.165311,-80.576777,122.542511,0.00,0.00,0.00,0.00,0.00,0.00,0.00,0.00,0.00,0.00,0.00,0.00
106.234083,-84.387666,-67.092251,157.493011,-44.298734,-50.229323,94.810524,-130.773725,-78.809182,125.952591,0.00,0.00,0.00,0.00,0.00,0.00,0.00,0.00,0.00,0.00,0.00,0.00
106.358703,-94.058249,-69.320621,154.763657,-38.187407,-62.030204,96.680176,-143.491074,-79.162756,127.880051,0.00,0.00,0.00,0.00,0.00,0.00,0.00,0.00,0.00,0.00,0.00,0.00
106.483474,-98.730394,-69.53449,152.521637,-37.224917,-70.051899,96.398254,-149.73967,-79.855077,128.254272,0.00,0.00,0.00,0.00,0.00,0.00,0.00,0.00,0.00,0.00,0.00,0.00
106.609095,-97.895248,-67.094457,151.207108,-39.87171,-73.161448,97.337646,-150.599485,-80.679174,128.236465,0.00,0.00,0.00,0.00,0.00,0.00,0.00,0.00,0.00,0.00,0.00,0.00
106.733883,-92.779891,-65.032128,152.104538,-42.160244,-72.446252,97.652847,-146.286056,-78.717935,127.148041,0.00,0.00,0.00,0.00,0.00,0.00,0.00,0.00,0.00,0.00,0.00,0.00
106.859729,-82.608254,-64.285383,154.993149,-43.689649,-71.781752,97.815308,-129.224685,-72.383282,117.822456,0.00,0.00,0.00,0.00,0.00,0.00,0.00,0.00,0.00,0.00,0.00,0.00
106.984465,-67.780963,-64.240582,157.163101,-41.727675,-73.630363,97.954079,-102.753827,-67.368245,100.82296,0.00,0.00,0.00,0.00,0.00,0.00,0.00,0.00,0.00,0.00,0.00,0.00
107.109135,-51.50535,-64.56716,157.140656,-33.917071,-75.934444,96.960365,-69.254739,-65.662354,96.060738,0.00,0.00,0.00,0.00,0.00,0.00,0.00,0.00,0.00,0.00,0.00,0.00
107.234929,-32.862466,-64.948395,155.385803,-22.622995,-78.042208,92.917282,-44.137644,-66.692136,100.487831,0.00,0.00,0.00,0.00,0.00,0.00,0.00,0.00,0.00,0.00,0.00,0.00
107.360628,-16.233307,-65.212107,155.942184,-11.222047,-76.310026,92.09008,-29.859685,-61.946576,101.249268,0.00,0.00,0.00,0.00,0.00,0.00,0.00,0.00,0.00,0.00,0.00,0.00
107.486095,-4.739247,-63.362811,159.380096,-1.743319,-70.88206,95.482101,-22.020227,-53.562643,102.297188,0.00,0.00,0.00,0.00,0.00,0.00,0.00,0.00,0.00,0.00,0.00,0.00
107.611222,2.657955,-58.016236,161.289536,7.460833,-63.994235,96.512459,-16.231415,-45.413937,100.324921,0.00,0.00,0.00,0.00,0.00,0.00,0.00,0.00,0.00,0.00,0.00,0.00
107.736414,9.069646,-48.545366,160.654419,17.698293,-54.632747,95.898491,-8.286599,-35.961407,96.030548,0.00,0.00,0.00,0.00,0.00,0.00,0.00,0.00,0.00,0.00,0.00,0.00
107.862032,15.763283,-35.05925,159.435822,28.835391,-43.753656,95.513306,1.785672,-23.940244,93.185097,0.00,0.00,0.00,0.00,0.00,0.00,0.00,0.00,0.00,0.00,0.00,0.00
107.987324,23.016099,-22.44473,161.621429,38.594885,-33.666851,97.957115,14.657151,-10.305769,96.299538,0.00,0.00,0.00,0.00,0.00,0.00,0.00,0.00,0.00,0.00,0.00,0.00
108.112761,32.793526,-13.330342,164.728973,47.523592,-26.857697,97.186363,28.560166,0.862528,103.083466,0.00,0.00,0.00,0.00,0.00,0.00,0.00,0.00,0.00,0.00,0.00,0.00
108.23807,44.905211,-4.955408,163.471863,57.351532,-20.053577,92.926956,42.777521,9.171308,105.03833,0.00,0.00,0.00,0.00,0.00,0.00,0.00,0.00,0.00,0.00,0.00,0.00
108.363665,59.169151,4.507188,159.884262,70.072317,-8.958305,89.353416,54.812377,19.664839,100.825027,0.00,0.00,0.00,0.00,0.00,0.00,0.00,0.00,0.00,0.00,0.00,0.00
108.488805,72.744116,14.962751,159.52478,83.579621,6.754508,88.751564,63.377239,30.326517,99.377625,0.00,0.00,0.00,0.00,0.00,0.00,0.00,0.00,0.00,0.00,0.00,0.00
108.613918,81.112047,27.216229,162.989944,95.492718,24.114392,94.262444,69.246597,41.639454,101.234116,0.00,0.00,0.00,0.00,0.00,0.00,0.00,0.00,0.00,0.00,0.00,0.00
1,66.008974,2,68.824131,3,70.885496,4,74.699263,5,77.776531,1,80.297292,2,83.245137,3,85.308379,4,88.454232,1,94.678723,2,97.587401,3,99.815647,4,103.168998,5,106.427887,
