time,PosX,PosY,PosZ,LeftX,LeftY,LeftZ,RightX,RightY,RightZ,VelLinearX,VelLinearY,VelLinearZ,VelLinearMag
134.406865,114.373308,41.037725,155.133408,100.851897,40.643616,97.502335,123.019993,38.115466,90.606392,0.0,0.0,0.0,0.0
134.533139,113.803028,28.756155,154.621078,101.394666,27.818337,98.732391,124.415716,23.828962,91.97924,-4.516210779733111,-97.26127310452253,-4.057288119486286,97.36606906782
134.658282,112.695911,15.959496,153.262024,101.730946,12.683418,99.600311,127.091852,10.063166,91.061081,-8.846815243361016,-102.2562908033141,-10.86000815067501,102.63827331362363
134.783725,111.409556,1.860139,155.956024,102.082682,-4.026354,104.803177,130.029181,-2.412,92.884216,-10.254498058880154,-112.396522723477,21.475889447798856,112.86333793915834
134.908756,111.24969,-12.031912,158.857742,103.247697,-21.276266,107.919106,131.960066,-14.757875,96.714661,-1.2786109044955642,-111.10885300444868,23.207988418870727,111.11620971671631
135.02007,112.056028,-24.682931,159.560654,105.036937,-35.824166,108.590042,133.637109,-26.6152,97.954575,7.243814794186241,-113.65164309970706,6.314677399069675,113.88225863599502
135.145607,113.939944,-39.453715,157.419632,107.020603,-50.276791,105.377045,135.167684,-42.357209,94.590126,15.006858535729487,-117.66080119804526,-17.054908114737874,118.61395340210748
135.271111,116.479953,-55.53909,158.4086,107.406752,-63.250245,104.639183,134.108164,-60.875387,94.341263,20.238470486999947,-128.16623374556036,7.879971953086536,129.75430305070728
135.396574,116.240084,-70.75912,161.191849,105.433652,-76.932727,107.424782,132.120138,-80.544429,99.090149,-1.911870431920214,-121.31090441006863,22.183823119167126,121.32596909704557
135.522163,113.269851,-85.262066,161.589386,101.003804,-91.163465,109.358612,129.619961,-99.836155,102.383232,-23.650423205850334,-115.47942893086005,3.1653807260185114,117.87638026344965
135.647521,109.72604,-99.815146,159.222107,97.574151,-106.524479,104.738258,128.374547,-117.006306,101.501129,-28.269524083024983,-116.09215207644777,-18.88414780069792,119.48453358331281
135.772472,105.970664,-114.384085,159.636383,97.445328,-122.785469,103.748177,128.611141,-129.742067,101.126656,-30.05478947747958,-116.59721810951609,3.315507679010668,120.40847827878933
135.897896,104.41501,-128.504763,162.041473,97.115164,-139.367767,107.983109,128.083384,-141.317655,102.466225,-12.403160479652108,-112.58354063017386,19.175676106644808,113.26469887264086
136.023423,104.795674,-142.650839,161.789459,95.384951,-155.342771,110.210922,127.816792,-156.408028,102.580902,3.03252686672982,-112.69349223672516,-2.0076477570561875,112.7342867618644
136.149472,106.355337,-157.339678,158.951233,91.69014,-168.482641,107.260689,125.340288,-174.612009,98.516373,12.373465874382704,-116.53276900253563,-22.516846623139493,117.18783601186108
136.273411,107.912052,-172.785595,159.70726,86.429849,-176.128872,107.131386,118.615146,-191.832258,97.812042,12.560332098854335,-124.62515430977433,6.099992738362786,125.25650094573363
136.399059,105.243866,-185.149865,162.703491,83.284,-180.099722,108.679756,109.772385,-205.109143,102.124786,-21.235403667391008,-98.40403349039842,23.84622914809949,100.66924145982475
136.523998,100.570791,-194.725058,162.517731,77.856178,-184.116339,109.523514,101.121737,-215.754965,104.226753,-37.40285259206134,-76.63894380456921,-1.4868055611138111,85.27896041523599
136.648199,94.544344,-203.207176,159.998962,72.110177,-191.682723,104.3741,94.030908,-224.459367,100.88031,-48.52172687820578,-68.29347589794011,-20.279780356035822,83.77563386489967
136.773142,86.313675,-209.994804,159.456848,68.40215,-203.25056,100.0196,87.703371,-229.012708,99.484993,-65.87539117837632,-54.32579656323192,-4.338890534083464,85.38652900272831
136.898139,78.782039,-215.970263,161.91127,64.769082,-212.620705,103.137955,81.958879,-232.355841,101.410423,-60.25453410882871,-47.80481931567156,19.635847260337474,76.91495063039439
137.023452,70.4664,-220.94124,161.814774,55.222783,-218.260553,105.735909,73.277351,-239.576702,100.463364,-66.35894919122227,-39.66848611077689,-0.770039820289975,77.31169981370294
137.149147,61.577989,-226.034003,159.462112,44.280144,-224.990455,106.903549,61.274783,-247.612803,98.469337,-70.7141175066587,-40.516830422846716,-18.717228211144995,81.4990795178648
137.274548,53.168042,-233.59263,159.151031,34.082381,-232.813318,106.894073,49.542121,-253.115114,97.816437,-67.06443329797435,-60.275651709311354,-2.4806899466509424,90.17090663046845
137.39972,45.528392,-240.837149,160.819107,21.361363,-239.509433,110.623383,41.132092,-257.057566,100.015198,-61.03321829163461,-57.87651391685406,13.326271051034729,84.11150098650079
137.524668,38.096254,-244.746095,161.515549,3.950913,-243.713641,119.442177,35.059927,-259.343934,101.382133,-59.48184844895987,-31.284582386275286,5.573854723565409,67.20725697414436
137.649353,29.462224,-246.849915,159.959656,-16.692892,-249.139961,129.090958,29.125974,-260.954941,99.271187,-69.24674178930937,-16.873080162008435,-12.478590046918265,71.27280044020192
137.774772,18.829995,-247.095792,157.466965,-36.820497,-255.198878,135.437088,21.813017,-262.374361,97.662613,-84.77367065594623,-1.9604445897346923,-19.874907310691103,84.79633588470824
137.901492,5.880292,-247.002576,157.776169,-51.204249,-263.392669,137.318695,13.843132,-263.353372,96.978104,-102.19146938133126,0.7356060606060647,2.4400568181824283,102.19411690793147
138.027741,-6.266281,-247.385567,160.978592,-60.840509,-269.764743,137.000366,8.476662,-259.628612,99.247498,-96.21124127715757,-3.0336161078503583,25.365927650911665,96.2590555469003
138.153632,-13.716486,-249.198329,162.13208,-66.010042,-272.513436,135.803177,5.063026,-257.175346,101.029846,-59.17980634040758,-14.399456672836449,9.16259303683384,60.90643505378589
138.278631,-14.404522,-252.700701,163.267776,-65.139889,-269.026565,129.56192,6.022137,-257.297602,101.857544,-5.504332034656168,-28.01920015360073,9.085640685125265,28.55474125947005
138.40497,-3.917406,-255.906282,164.264099,-54.61325,-260.425294,109.24469,13.147141,-254.614232,102.429245,83.00774899278824,-25.372853988079346,7.886108010986137,86.79900985812067
138.530169,9.084891,-250.002629,162.588058,-37.853327,-249.002685,88.298607,22.928107,-247.709482,101.416222,103.85304195719654,47.154154585895725,-13.387015870732796,114.05686572264632
138.655103,16.662712,-241.452404,160.171249,-21.884696,-246.238341,81.985092,29.441667,-238.770988,98.230721,60.65459362543611,68.43793522980356,-19.34468599420555,91.44796720750867
138.780886,25.294936,-233.732397,159.533722,-4.227509,-255.626637,80.654434,36.494378,-228.821503,97.291939,68.62790679184893,61.375599246314955,-5.068467121947427,92.06928789490533
138.90602,34.631127,-226.671534,158.9767,20.436775,-263.288875,83.014664,45.541245,-220.085076,97.88031,74.60954656607952,56.426414883243794,-4.451404094810407,93.5442394558422
139.031255,43.724389,-222.30976,158.550903,36.654139,-261.337323,87.452461,56.103742,-214.577619,99.337982,72.60958997086924,34.828714017653716,-3.399984030024141,80.53068903133304
139.156274,52.982549,-220.631816,157.79924,56.424807,-254.640606,90.376862,66.71342,-210.846584,100.4814,74.05402378837888,13.42151193018586,-6.012390116701896,75.26045058157642
139.281865,61.896148,-221.582903,157.129257,72.149286,-243.960107,90.99971,76.695275,-206.174838,100.735107,70.97323056587645,-7.572891369603662,-5.334641813505157,71.37610342861872
139.40705,71.343047,-223.223939,157.948425,85.892299,-237.394,94.061218,85.975159,-199.805923,104.893158,75.46350601111102,-13.108886847467154,6.543659384112084,76.59362671834182
139.533159,80.436641,-221.076315,160.120895,96.874348,-235.11975,97.795059,94.015588,-195.525952,110.079025,72.10900094362022,17.029902703215257,17.226922741436113,74.09268252106952
139.658577,88.387487,-216.391194,160.450455,105.505571,-234.115321,99.544052,102.081606,-191.74017,110.624527,63.394775869494296,37.356049370904664,2.6276929946261682,73.5824165962554
139.770377,95.819906,-210.751243,159.492538,110.894611,-235.206766,98.574104,112.488657,-186.719202,108.38604,66.47959749553488,50.44678890877123,-8.568130590340884,83.45307300737613
139.895475,104.861969,-202.879448,159.035843,109.162695,-238.047021,94.787483,129.329959,-178.360991,111.364746,72.2798366080944,62.92502677900098,-3.6506978528830656,95.83284288400722
140.0209,113.301416,-195.64597,160.864716,100.329667,-235.85232,91.502777,145.393219,-171.871249,120.692429,67.28680087701439,57.67174008371207,14.581407215466495,88.6202187796116
140.146063,119.659118,-191.764631,161.42868,95.069103,-230.401057,90.791748,157.769686,-167.546464,128.942307,50.79537882601644,31.01027460192245,4.505836389348996,59.513087980419535
140.270689,122.909888,-190.124007,159.781616,95.286588,-226.675069,87.337265,165.071781,-164.274112,131.662827,26.084203938181624,13.164379824434059,-13.216054434868457,29.217915587026674
140.395772,125.137647,-188.599098,159.502762,98.86924,-224.429309,85.027878,171.2511,-161.030029,133.837463,17.810245996659777,12.191177058434299,-2.229351710464632,21.583087372561657
140.521075,128.497397,-184.183791,160.159561,107.021904,-218.699061,87.646965,178.941815,-156.264799,134.770355,26.813005275212415,35.23704141161744,5.241686152765649,44.27850877494195
140.646566,133.539197,-179.036579,159.220459,111.958965,-212.171369,88.410309,186.345721,-152.639753,132.796432,40.17658636874005,41.01658286251267,-7.483421121832718,57.41531295710402
140.771648,137.173624,-175.263481,159.342163,113.209413,-203.044711,89.883461,188.978571,-150.085404,130.886673,29.05635503110138,30.164995762781373,0.972993716122239,41.883155767707244
140.897097,136.972291,-174.020136,160.099487,110.741811,-199.318623,90.067062,190.40766,-148.737553,130.210327,-1.6048992020659525,9.911159116453481,6.036907428516701,10.040257789541606
141.022602,133.826659,-174.72731,160.195053,107.178339,-199.717364,90.517426,189.373226,-150.748045,131.253479,-25.063798255048855,-5.634628102465705,0.7614517349905415,25.689356099810798
141.148043,128.075136,-180.346531,160.36145,101.872555,-202.02647,91.560921,182.890337,-160.316349,124.406693,-45.850423705170144,-44.795728669256725,1.3264961216826703,64.10084758373556
141.273536,118.351279,-190.286582,160.903748,94.958169,-203.766427,94.109894,166.723594,-176.455981,100.633789,-77.48525415759865,-79.20801160223716,4.321340632545172,110.80556716089582
141.399446,109.723787,-196.770087,160.570663,90.37016,-205.870136,95.883301,144.855731,-188.564451,83.892586,-68.5211023747096,-51.49316972440427,-2.6454213326979503,85.7128228383113
141.525166,103.218138,-200.985815,159.461136,85.323902,-209.34738,97.129021,128.933812,-201.455645,83.660767,-51.7471285396114,-33.532675787464,-8.82538180082704,61.66202767962013
141.649992,100.877729,-205.287553,158.737091,80.4551,-210.893044,98.707146,120.851443,-215.168053,85.223099,-18.749371124607723,-34.46187492990669,-5.8004342044134045,39.23212639219044
141.771158,99.993026,-210.439124,159.77356,77.036399,-211.124124,101.836967,116.259032,-227.264742,86.637321,-7.301578000428181,-42.51663833087901,8.554124094216773,43.13904932025169
141.897971,97.157905,-216.369536,160.315369,70.536981,-211.906364,106.39563,112.528397,-237.239624,84.699051,-22.35670633137008,-46.765016204963906,4.272503607674348,51.834246002403276
142.024382,91.818982,-220.976315,159.250702,60.139545,-216.12132,112.492157,109.465599,-244.359381,81.029266,-42.23463939056256,-36.442864940553775,-8.422265467404705,55.78393289762118
142.148405,84.715174,-223.99719,157.917191,47.818906,-224.373034,118.207977,105.987624,-247.875953,80.13562,-57.27815002056348,-24.357377260670486,-10.75212662167543,62.24201391983395
142.273002,76.414349,-227.197684,159.022522,36.503288,-234.396349,123.531654,102.448493,-249.714699,82.507149,-66.62138735282859,-25.686766134017407,8.871248906474934,71.40181515367333
142.397986,68.701701,-230.853001,160.26947,25.004086,-244.983765,129.543747,100.064366,-252.990517,84.841148,-61.70908276258771,-29.246279523776213,9.976861038211961,68.28876746129448
142.523069,61.737954,-235.886787,159.508133,18.362657,-254.913482,135.278397,95.466281,-258.142765,83.827141,-55.673009121947736,-40.243566271998745,-6.086654461438329,68.69518593745293
142.648669,58.052721,-242.323123,158.623932,12.163836,-263.491324,135.216827,88.025194,-263.24168,81.504547,-29.34102707005907,-51.244713375788145,-7.039816878979698,59.050118700072225
142.773798,53.938007,-248.539353,159.761292,6.001707,-270.451545,135.29747,80.655734,-264.135593,82.095482,-32.88377594323001,-49.67857171399631,9.089499636376217,59.57602880208807
142.898597,49.231034,-252.101744,160.771774,1.922343,-273.374175,133.930435,76.2746,-262.863706,84.110954,-37.716432022693716,-28.545028405677197,8.096875776248442,47.30061195379394
143.023959,46.561957,-255.473924,160.098007,5.899328,-270.221137,123.859955,76.057076,-260.515764,85.391495,-21.29095738740684,-26.899538935244607,-5.374571241684259,34.30583130316353
143.15008,52.395685,-256.77706,159.165771,16.874485,-264.246661,98.573387,78.423215,-250.518311,88.026833,46.2550090785789,-10.33242679648807,-7.39160013003307,47.39498821989727
143.275477,59.669168,-249.337679,159.895279,31.709373,-254.022935,85.379822,81.080635,-236.886039,87.538765,58.00364442530872,59.32662663381458,5.817587342600105,82.9703042923532
143.401329,64.235856,-239.17725,160.513168,38.470636,-258.307774,85.056374,85.132538,-223.334428,88.481987,36.28617741473854,80.73315481676333,4.909647840320181,88.51287453269924
143.526999,70.972145,-228.666842,158.036194,51.652603,-263.085365,87.07695,89.16382,-207.098121,88.49894,53.60299992043278,83.63498050450556,-19.710145619481995,99.33826837860092
143.651966,77.770532,-218.952655,157.522232,67.430693,-257.272081,87.219635,89.637195,-193.01268,89.635849,54.40145798490891,77.7340177806954,-4.1127817743884405,94.87937684878247
143.776802,84.013333,-211.318122,157.566971,84.0869,-246.826018,87.826805,89.596381,-183.564638,88.675232,50.00801852029216,61.15650132973675,0.35838219744294086,78.99949095544842
143.902813,88.741628,-205.433064,158.376373,98.516918,-232.959093,90.318886,91.298102,-182.774448,87.71154,37.52287498710271,46.7027323011462,6.4232646356268175,59.90919254747357
144.027825,94.080934,-200.27412,159.13739,108.7453,-221.753765,90.999901,90.708484,-185.501233,86.524284,42.71034780661115,41.26759031133066,6.087551595047044,59.39013234423313
144.153145,99.300094,-196.084295,158.317062,118.113284,-211.010249,89.542564,86.104087,-185.050209,84.911911,41.64666453878476,33.43301149058744,-6.545866581552003,53.40609445124989
144.278263,103.878103,-191.491037,159.669617,125.77954,-200.068504,87.360947,81.139425,-183.904086,85.500206,36.58953148227638,36.71140843043728,10.810235138028391,51.83166332502629
144.403786,107.459237,-184.532074,161.170837,128.578379,-185.293141,89.818581,80.505891,-179.242783,89.606819,28.52970371964005,55.439744110646934,11.959720529306772,62.34989351542194
144.529117,108.982365,-175.417725,158.386368,128.936719,-167.782315,90.710632,80.48744,-168.581666,91.939018,12.152843271016698,72.7222235520244,-22.21692159162238,73.73068152350491
144.654306,108.006028,-164.510975,156.367416,126.216732,-152.643478,91.873512,83.294186,-156.126592,92.416908,-7.798904057067121,87.12227112607292,-16.127231625784813,87.47064096401887
144.779657,107.221529,-152.683745,157.696289,124.418929,-143.294081,92.372696,89.139526,-141.859525,92.128212,-6.258418361241863,94.35289706504533,10.601215786073267,94.56022940407541
144.904959,108.550946,-141.263499,159.888184,126.299732,-135.394125,96.892677,96.094712,-126.229795,93.556412,10.60970295765383,91.14176948492079,17.49289716045955,91.7572228311869
145.030733,111.110841,-130.160257,160.097534,132.931157,-127.672365,98.50563,103.339467,-109.643801,96.30307,20.353133397998445,88.27931050932133,1.664493456517158,90.5951803525877
145.155904,115.502461,-119.696479,158.353775,140.239999,-118.407215,95.449936,110.091612,-93.591829,97.816528,35.08496376956478,83.59586485687944,-13.931014372339106,90.65993218551029
145.281472,120.729978,-109.32751,158.284836,144.260164,-107.853382,94.183868,119.020314,-78.936863,101.162361,41.630964895509706,82.5765242736901,-0.5490172655452967,92.47713014175176
145.40684,124.460076,-98.903856,160.202972,145.428389,-99.039107,97.513641,128.784397,-65.960659,108.312431,29.753190606858062,83.14445472530176,15.300044668498147,88.30771598708564
145.532012,127.383285,-88.286738,160.615356,145.908875,-92.549651,99.428856,141.139936,-50.704373,116.147682,23.353537532351655,84.82023136163254,3.294538714728018,87.97647051067592
145.656996,130.585548,-76.593311,158.192917,146.394928,-89.682195,94.675331,155.738626,-36.06399,122.034492,25.621383537096023,93.55939160213738,-19.3819928950931,97.00420120446881
145.782395,133.857026,-63.380377,159.035324,142.885839,-88.923718,91.817497,168.094113,-26.1795,128.542923,26.088549350470018,105.36714008882313,6.7178127417276245,108.54882135569041
145.907519,137.191376,-52.598019,161.272949,137.410417,-86.462104,94.160988,179.527509,-17.094254,131.39183,26.64836482209658,86.17338000703333,17.883259806272306,90.19970493038282
146.032779,140.210831,-46.604246,162.415985,135.202813,-83.406164,97.083435,186.766183,-13.189302,133.043991,24.10550055883832,47.850654638353255,9.125307360689925,53.57947654196626
146.158128,141.063549,-43.461327,162.606781,136.619818,-80.010989,98.758987,188.083999,-13.581031,127.39489,6.802750719989646,25.073347214576966,1.5221182458576141,25.97980288418398
146.283663,139.8883,-42.36627,162.01088,142.132116,-75.903806,99.378891,181.386074,-14.691156,122.239395,-9.361922969690905,8.723121041941509,-4.746891305214459,12.796032291409276
146.408617,135.118864,-41.322085,160.67749,149.707026,-66.878095,97.767601,158.946005,-24.702339,108.315643,-38.16953438865416,8.356555212317959,-10.671046945275492,39.07358916791713
146.52027,127.509952,-41.893053,161.384583,152.952394,-55.828724,96.89344,129.442166,-32.931855,90.23082,-68.14785093099839,-5.113772133305038,6.332951197011015,68.33944872432718
146.64554,118.444516,-43.147236,162.163971,150.791406,-40.656312,98.226852,97.330153,-38.192966,89.916245,-72.36717490221102,-10.01183842899332,6.221665203161242,73.05645017420069
146.770792,108.564322,-44.503773,160.154755,136.523578,-24.807446,101.538559,75.752128,-45.252322,97.002403,-78.88252482994965,-10.830461789034281,-16.041388560663183,79.62255726935273
146.896026,98.404111,-47.27902,156.471542,115.08794,-16.336582,104.132172,68.60183,-50.31562,94.664177,-81.12981299007866,-22.160491559798984,-29.410647268312253,84.10192591122428
147.020804,89.16022,-48.328677,154.759003,94.511423,-16.793245,105.847336,75.578555,-47.930581,88.309425,-74.08269887320355,-8.412196060203426,-13.724687044191295,74.55877758448737
147.146166,80.824548,-46.911617,153.929825,80.206026,-19.968445,105.94957,77.233699,-44.938089,84.957756,-66.49281281409279,11.303744356344426,-6.614269076754061,67.44678489300709
147.271173,72.672416,-43.515456,153.022049,69.636069,-19.706571,103.620613,67.152999,-49.46607,85.216835,-65.21340404936758,27.167766605067776,-7.261801339124258,70.64612947652198
147.396881,65.668976,-38.966475,153.37265,54.508477,-12.42624,101.12674,56.814131,-56.985274,86.951805,-55.71196741655128,36.186885480636775,2.7890110414609635,66.43277801064465
147.522904,58.743385,-36.463829,157.083817,37.041479,-14.493025,105.130646,50.566562,-58.796441,91.145256,-54.954976472547095,19.858644850542643,29.448330860239107,58.4329976502848
147.648449,50.359104,-36.913686,158.488892,23.789235,-26.656476,109.651443,46.054103,-54.71568,90.912178,-66.78307379824594,-3.5832331036683547,11.1918037357132,66.87913355761413
147.773438,40.819254,-40.758579,157.778641,11.608366,-36.707788,108.791557,36.325356,-56.595046,89.141029,-76.32551664546521,-30.761851042891927,-5.6825080607093685,82.29140885160649
147.899194,31.466252,-47.291656,160.349823,1.99077,-43.153634,105.657784,25.375406,-63.356104,90.242233,-74.37420083336248,-51.950419860684484,20.44579980279338,90.72137495266888
148.024656,20.861104,-53.00284,162.293396,-8.593151,-44.907069,107.007072,12.312068,-72.780732,94.367691,-84.52876568203996,-45.52122555036623,15.491328051521837,96.00674040574721
148.150274,9.390092,-57.043826,162.378815,-21.286786,-45.057762,111.969887,-2.056494,-84.774671,96.959793,-91.3166265980969,-32.16884522918619,0.6799901288031948,96.81715187215329
148.275286,-1.96517,-59.891755,160.077927,-36.694712,-46.853486,113.252701,-10.944826,-97.128695,96.482941,-90.83337599590575,-22.7812450004803,-18.40533708763998,93.64660868705015
148.400462,-12.810708,-60.679206,159.456451,-49.471526,-53.603073,112.398338,-11.326699,-102.391358,93.222267,-86.64231162522448,-6.290750623122099,-4.964817536907631,86.87038452294786
148.525711,-23.931551,-63.406904,161.051422,-57.167061,-59.884159,112.730492,-7.919022,-101.864846,88.843559,-88.78987456985924,-21.778201821971198,12.734401073062926,91.42172554010259
148.65075,-33.92023,-67.848392,159.721695,-66.79985,-62.588034,114.398697,-7.528034,-101.148818,83.124886,-79.88450803350196,-35.520821503694656,-10.63449803661363,87.42575927066333
148.775915,-40.204915,-74.703911,157.604034,-74.526596,-63.656389,116.734505,-18.073448,-106.0413,78.868134,-50.211201214393114,-54.77185315383268,-16.918954979425827,74.30424365604756
148.901476,-45.918463,-81.266632,158.631561,-82.396244,-65.901655,121.118637,-37.893289,-111.493885,83.420738,-45.504161323976305,-52.26719283853865,8.183488503595493,69.29998661630063
149.026216,-52.736289,-83.554435,159.434036,-94.395971,-69.839681,127.491821,-54.503249,-115.391394,92.24176,-54.656293089625194,-18.34057239057196,6.433181016514104,57.65142643432876
149.151485,-59.947628,-83.476342,158.201736,-110.595392,-69.359308,131.49733,-61.493064,-116.279143,98.941269,-57.566828185742935,0.6234024379534736,-9.837230280436115,57.57020356023152
149.276654,-68.931107,-81.416959,158.867401,-123.082896,-72.172953,133.016403,-57.602022,-114.884555,98.302299,-71.7707978812647,16.452819787647122,5.31812988839083,73.63248405071054
149.402139,-77.980639,-79.905538,159.778732,-134.132238,-74.583454,132.447296,-47.438054,-111.283839,92.248329,-72.11644419651887,12.044634816910603,7.262469617882672,73.11535236475548
149.527443,-84.852526,-81.284498,159.243301,-140.295676,-76.770767,129.416245,-37.616648,-103.356676,89.788315,-54.84172093468691,-11.004916044180503,-4.273055927983058,55.93498486830526
149.652425,-87.866273,-83.334769,158.051208,-143.054646,-78.771517,128.99765,-33.172785,-97.251577,90.690392,-24.113448336562737,-16.404530252357794,-9.538117488919273,29.16448188260169
149.77801,-86.456727,-87.484001,158.382492,-139.687224,-84.172822,127.441612,-31.785117,-96.065146,90.118011,11.223840426802527,-33.0392323924034,2.6379265039615265,34.893630808581165
149.903743,-78.544892,-95.027107,159.806091,-119.516227,-92.637223,111.322769,-31.835002,-100.008287,89.226654,62.92568379025554,-59.99304876206079,11.322397461287272,86.9414031416461
150.029107,-64.959479,-101.312221,159.980362,-85.471669,-98.452123,87.756439,-31.182502,-106.163561,89.973709,108.36773714940456,-50.13491911552794,1.3901199706453067,119.40300067252484
150.154865,-52.972779,-105.691185,159.487442,-60.78474,-111.309646,87.912529,-27.757051,-111.668023,91.525467,95.31560616422738,-34.820560123414346,-3.919591596558976,101.47677658342529
150.280104,-44.393974,-111.746813,159.719925,-51.136388,-125.324346,97.437874,-24.302057,-118.795235,92.525482,68.49946901524646,-48.35257387874636,1.8563147262435358,83.84598175267753
150.405655,-37.560187,-119.43212,160.041504,-50.673906,-134.93054,103.208435,-23.134578,-127.058674,93.594254,54.430366942516734,-61.21263072376884,2.5613416061999517,81.91245940405835
150.530586,-33.315126,-127.775163,158.845551,-53.675741,-143.545766,99.848244,-21.334527,-134.43422,91.714935,33.97924454298673,-66.78120722638707,-9.572908245351176,74.92875748553251
150.656046,-34.212298,-136.645916,157.550598,-57.191786,-157.193893,99.392906,-18.500957,-139.891507,89.152153,-7.151060098836041,-70.70582655826333,-10.321640363462077,71.06652918093285
150.781337,-37.460571,-146.57015,158.561661,-59.85696,-175.338618,106.100967,-16.999398,-146.313183,90.180023,-25.925828670853406,-79.2094723483704,8.069717697200472,83.344400543634
150.906379,-38.631822,-156.930369,160.219452,-60.957197,-193.739258,115.144203,-16.936234,-156.287951,94.168709,-9.36686073479465,-82.85391308521714,13.257873354555098,83.38170658818248
151.031887,-38.760077,-167.897834,159.983856,-62.424525,-210.977076,123.38607,-16.40115,-169.152236,95.087456,-1.0218870510244569,-87.38458903016387,-1.8771393058605046,87.39056386770649
151.156768,-37.405324,-178.733709,157.811401,-63.664799,-225.1617,128.875168,-15.26278,-182.693316,92.647873,10.848351630753553,-86.76960466364838,-17.396201183528525,87.44513152022989
151.282424,-34.915207,-189.64397,157.774384,-64.682809,-237.003514,131.846863,-14.355993,-194.415489,91.80304,19.816936716115045,-86.82642293245581,-0.2945899917233871,89.05918650008093
151.407271,-34.261095,-200.470953,159.481949,-65.642524,-247.428821,134.363464,-14.511136,-203.632527,93.948105,5.239308914110206,-86.72201174236109,13.677260967422193,86.88013396939309
151.532231,-34.116637,-209.875054,159.856766,-68.905541,-258.453404,134.445007,-12.600016,-211.173842,95.267906,1.1560339308579937,-75.25689020487319,2.999495838668737,75.2657686983773
151.657225,-33.866729,-217.707884,159.081894,-69.088295,-266.637744,131.800934,-8.727538,-215.551667,93.511864,1.9993599692782655,-62.665647951094066,-6.1992735651302775,62.69753482727381
151.783156,-32.545663,-225.219409,160.248474,-66.104958,-266.873391,124.268631,-7.124145,-217.198474,93.67318,10.490395534063982,-59.64794212704733,9.263644376683795,60.56339982574209
151.908764,-24.151039,-231.489397,160.84581,-55.582691,-256.105935,101.662575,-4.554235,-218.612269,93.952576,66.8319215336604,-49.91710719062478,4.755556970893686,83.41596565503312
152.020121,-13.016703,-231.657221,159.208298,-43.190887,-244.518063,85.825607,1.344354,-219.782214,93.116592,99.98775110680232,-1.5070808301229268,-14.705065689628977,99.99910831614636
152.145574,-4.76489,-227.806769,157.819534,-31.771564,-242.706151,80.372398,8.366599,-220.36976,92.321198,65.77613130015686,30.692386790266696,-11.06999434050816,72.5845855240547
152.271084,4.783734,-223.953211,157.224304,-18.443303,-248.692295,81.542847,15.066431,-218.883039,89.939796,76.07859134730825,30.703194964546714,-4.742490638196606,82.04046710265423
152.396924,14.469184,-219.949539,157.037659,-2.777863,-253.38648,84.83474,21.212784,-217.740277,88.987289,76.9663858868338,31.815575333754595,-1.4831929434200775,83.28298379800536
152.52192,24.22024,-218.523296,157.09848,13.190139,-254.749014,86.315269,27.257114,-217.551922,89.037361,78.01094435023064,11.410309129893825,0.48658357067436675,78.84099563586523
152.647163,34.762298,-219.077198,156.906235,29.481214,-253.900408,85.83004,33.995051,-217.402205,87.887299,84.1728320145558,-4.4226184297722835,-1.5349760066428264,84.28893879463658
152.772247,45.062414,-221.763285,155.477768,45.593975,-252.685093,83.225983,42.589283,-216.431706,87.433456,82.34559176234431,-21.474265293724763,-11.420061718526444,85.09959196492036
152.897883,55.326809,-224.342658,155.861191,60.969548,-251.022588,82.739388,51.793842,-214.837056,88.521164,81.69947308095476,-20.530524690373067,3.0518561558784887,84.2395770749573
153.023147,65.47374,-223.300873,158.083206,73.154399,-248.415344,85.818138,60.824321,-213.283603,93.22731,81.00436677737457,8.316715097714516,17.738655958617215,81.4301859694547
153.148235,75.43419,-220.41364,156.557083,85.726226,-244.928865,86.740944,69.235241,-209.761661,94.955063,79.62754221028061,23.081614543360587,-12.200394921974295,82.90540638811376
153.27347,83.952223,-216.443455,154.201538,96.861708,-241.778349,85.946274,78.572527,-204.983898,92.605049,68.01639318081816,31.70188046472531,-18.808999081725876,75.04158158199611
153.398984,92.543842,-211.372157,155.805176,103.490203,-238.18527,86.027405,90.261562,-199.64175,93.057892,68.45147951622394,40.40424175788854,12.77656675749212,79.48652590212966
153.524281,101.944414,-206.586731,157.653229,111.162055,-234.789775,87.49218,104.577453,-193.53615,96.457832,75.02631347917998,38.19266223453408,14.749379474370352,84.18804643675603
153.649424,110.24822,-204.338702,157.215561,122.888882,-231.20463,85.723755,116.169219,-188.518852,98.693886,66.35453840805677,17.963681548307317,-3.4973430395625216,68.743135090824
153.774792,118.472361,-204.596562,157.195328,134.663199,-226.660436,85.665619,127.565457,-182.207122,101.38018,65.60000159531371,-2.056824708059745,-0.16138887116347062,65.63223855076745
153.89999,125.625341,-202.765704,159.055969,140.864485,-222.836803,88.728073,143.009942,-173.22215,113.127014,57.13334078818617,14.62370005910506,14.861587245801383,58.9751747181616
154.024473,131.750382,-197.745289,159.097809,142.835805,-220.07625,88.833168,161.792924,-163.107326,125.458,49.20383506181647,40.33012539864938,0.3361101515870308,63.62025148850972
154.149348,137.45016,-190.098706,157.191818,141.002796,-218.307924,86.330414,180.832522,-154.736124,130.303711,45.64386786786686,61.23389789789662,-15.263191191190831,76.37377118952105
154.274767,142.478688,-183.775396,157.708389,133.853555,-215.487611,87.167603,189.996395,-151.681192,129.504898,40.09382948357303,50.41748060501446,4.118761910077619,64.41612774154342
154.400035,144.34349,-180.373039,158.672791,123.937581,-209.467741,88.605759,191.371532,-151.794311,126.960464,14.886499345402783,27.16062362295116,7.6987099658327445,30.972686973336526
154.526185,142.956038,-179.834798,158.709625,116.217443,-206.356829,88.292358,190.964003,-153.998999,123.752449,-10.998430439952795,4.2666745937377595,0.29198573127229666,11.797032857092816
154.651738,137.675084,-185.031033,159.433029,111.066152,-205.134014,89.260162,182.701361,-164.101285,118.042145,-42.06155169530124,-41.386784863763886,5.761742053157127,59.00881368385552
154.777688,124.287286,-194.7737,158.722275,104.18851,-204.468367,91.480614,163.827972,-179.489917,94.894234,-106.29454545453086,-77.3534497816486,-5.643144104802785,131.46135016234757
154.903045,109.410938,-199.252199,158.19165,93.926477,-204.205951,92.037987,143.696431,-186.534392,79.778549,-118.67185717592474,-35.72595866206692,-4.2329108067365375,123.93286008120202
155.028135,100.876554,-203.267913,158.31926,82.73716,-207.859802,94.636223,137.588704,-194.032554,80.580902,-68.22594931649206,-32.10259812934685,1.0201454952434572,75.40130613451525
155.15319,96.571379,-208.545343,157.030792,73.901676,-213.921753,96.85891,138.731343,-206.054399,80.710068,-34.42625244892162,-42.200871616487724,-10.303210587341486,54.46173356466136
155.278394,94.959384,-214.134907,157.610245,69.521871,-222.964952,99.566025,135.284819,-220.917164,80.589905,-12.874948084726029,-44.64365355739553,4.628070988147479,46.46310462223919
155.4037,92.394376,-220.218582,158.792282,61.836969,-231.711182,107.276855,125.459917,-234.686841,83.131165,-20.469953553701437,-48.55054825786675,9.43320351778891,52.689417672148764
155.528783,87.920339,-225.760087,159.513229,50.211814,-238.134712,118.29541,115.583025,-242.990341,86.424797,-35.76854568565959,-44.30262305828299,5.763748870748964,56.93954048208876
155.653854,81.59934,-231.275591,158.764999,36.793394,-246.501678,126.282455,108.916124,-246.728395,88.326126,-50.539285685734036,-44.09898377721756,-5.98244197295983,67.0741363552863
155.778949,73.076318,-235.852085,157.722733,23.097857,-256.741211,131.909088,106.027582,-246.906532,86.972221,-68.13239537950287,-36.584148047479225,-8.331795835164082,77.3331959025927
155.904534,62.539083,-240.954165,159.042542,11.799863,-266.302687,134.340759,104.063263,-243.087158,86.368721,-83.90520364693174,-40.62650794282727,10.509288529680951,93.22336802895342
156.029555,54.989524,-244.893742,160.274155,5.873362,-272.053448,134.376068,99.348163,-238.149006,88.180779,-60.386327097059535,-31.511322097893867,9.85124899017167,68.11366911736792
156.154923,51.704871,-246.835514,160.146912,4.32722,-272.825397,131.360443,96.767375,-236.556586,88.784111,-26.200090932293527,-15.488577627463545,-1.0149559696255215,30.435847315006917
156.279794,53.861402,-247.514233,160.874908,12.488549,-267.514293,116.661263,95.444646,-235.688765,88.918282,17.270070712973993,-5.435361292853665,5.829984544048999,18.105206290318094
156.405303,64.231752,-246.754521,161.35144,31.677151,-255.647176,91.847404,96.302677,-232.029593,89.338341,82.62634552104238,6.053047988590588,3.7967954489320688,82.84776619870243
156.531936,80.901658,-237.114338,161.200653,56.262907,-244.151314,81.998405,102.001457,-222.623254,89.138206,131.6395094485658,76.12694163448819,-1.190740170413797,152.06666857164925
156.65702,90.953867,-221.680486,160.318451,77.693672,-239.99782,80.9562,105.503628,-207.608724,89.145721,80.36366761537094,123.3878993316621,-7.052876467014732,147.25112146966555
156.782421,96.850698,-207.499666,158.584015,93.074693,-237.417135,80.267105,105.354811,-188.78498,87.155266,47.02379566350736,113.0837872106187,-13.831117774179376,122.47114063525244
156.90745,102.094696,-197.209917,158.763046,106.502222,-233.25772,82.31427,101.809377,-171.438373,89.076248,41.94225339720784,82.29889865550399,1.43191579553537,92.37024055367891
157.032652,108.616515,-189.091535,159.244293,120.268569,-221.862991,85.030609,100.461784,-160.011477,92.704041,52.09037395568701,64.84227089024053,3.8437644766057257,83.17407741025235
157.157835,114.853263,-183.213758,157.901978,130.463498,-207.722375,82.824043,100.547593,-155.922082,93.329613,49.821045988675415,46.95347611097611,-10.722821788901554,68.45995575743322
157.282847,119.465735,-177.49458,158.097122,136.611507,-193.530047,78.97068,100.051096,-155.992094,93.66362,36.89623396154022,45.74903209291976,1.5610021437942119,58.7733444512367
157.408155,121.245796,-168.701992,159.937363,138.974316,-175.738121,83.131706,97.366285,-151.000666,95.562599,14.205485683277596,70.16781051489723,14.685742330897805,71.59132249059468
157.533657,121.289115,-157.800238,158.866043,139.311285,-160.238701,84.669144,95.653908,-141.561099,96.560219,0.34516581409055463,86.86518143136348,-8.53627830632114,86.86586720077635
157.644864,119.505072,-147.526754,157.662903,139.709736,-149.518905,83.533142,96.846818,-130.77688,95.624748,-16.042542286006082,92.38163065274051,-10.81892326921786,93.76421942861604
157.770083,116.878272,-135.70471,158.546799,138.673767,-140.953092,83.027985,100.226047,-117.38811,97.688438,-20.977647162174062,94.41094402607611,7.058800980682516,96.71343253320887
157.895677,116.702165,-124.703299,160.385513,138.203562,-133.424001,86.586586,105.792284,-103.813749,102.028862,-1.4021927799098084,87.59503638708395,14.640142045001456,87.60625859062007
158.021079,118.046503,-114.032911,159.548096,141.068916,-125.244815,86.553818,113.323677,-89.063875,104.944565,10.720227747565621,85.08945630852556,-6.677860002234024,85.76210618822368
158.146448,121.530491,-104.165547,158.007172,144.514473,-116.582593,83.147339,121.939923,-77.702433,105.647125,27.789868308751142,78.70657020475157,-12.291108647272551,83.46856278871236
158.271737,126.378424,-95.010309,158.401184,146.08684,-106.891424,82.711258,130.75973,-67.275965,106.909683,38.69400346398836,73.0729593180512,3.1448251642201175,82.6854478585483
158.397107,130.051673,-85.478054,160.638443,145.845845,-97.929795,86.718246,140.06016,-55.544717,114.722252,29.299266172129602,76.03298237217612,17.845250059822344,81.48289026926415
158.521841,133.883537,-76.106739,160.650223,146.099255,-90.764383,88.55188,153.995428,-40.974252,122.094917,30.720284765984573,75.1303974858562,0.09444097038511459,81.16842072189117
158.646931,137.186217,-66.178714,158.87999,145.238942,-86.212569,87.870407,168.703304,-27.235466,127.42804,26.402430250219886,79.36705571988163,-14.151674794148347,83.64339697047532
158.771858,140.181434,-55.407647,159.549835,141.451779,-82.970618,88.710625,179.624856,-17.33332,130.18898,23.97573783089057,86.21888783048351,5.361891344544698,89.49040520223996
158.897483,143.092774,-47.124047,160.158585,137.974966,-79.843867,91.369431,186.929182,-13.138663,130.385498,23.17484577114697,65.9391044776197,4.845771144279069,69.89305384533498
159.022859,145.129573,-41.888501,160.41748,138.642727,-77.637627,92.956642,189.426566,-11.617912,128.87439,16.24552545941588,41.75875765696216,2.0649486345073114,44.807487527258495
159.148446,145.962733,-39.342631,160.274918,144.768668,-75.281918,94.10244,187.238901,-10.839467,128.923065,6.634126143629672,20.27176379720898,-1.1351652639206504,21.3296984774615
159.273267,145.561999,-39.224892,159.285065,152.938663,-68.262927,95.244774,171.798869,-17.87798,119.925621,-3.2104693921696588,0.9432627522612614,-7.930180017785734,3.346170697657504
159.398634,142.150279,-39.522138,157.492065,156.505999,-58.129077,93.964287,146.664941,-27.069813,101.693771,-27.213860106730156,-2.3710067242579127,-14.302009300695165,27.31695178447177
159.523639,136.001683,-40.438114,156.433884,157.635653,-50.27743,93.054291,122.933746,-37.210626,96.78038,-49.18680052797264,-7.327514899403102,-8.46510939562303,49.72960708450796
159.649147,127.957133,-43.268485,156.288071,154.94079,-39.509348,94.075394,106.357882,-46.768886,99.023972,-64.09591420467417,-22.551319437805404,-1.1617825158556279,67.94739307816668
159.773877,119.584099,-47.597841,154.899811,139.154331,-29.289093,97.583076,98.272714,-54.934547,99.616417,-67.1292712258481,-34.70982121382201,-11.130121061492883,75.57189122953697
159.898871,111.367129,-51.745078,153.256149,118.406235,-26.712448,100.140251,95.965894,-59.630237,97.542274,-65.7389154679344,-33.17948861544949,-13.149927196503889,73.63751402432707
160.024219,103.114438,-54.304939,152.964737,101.125835,-29.918814,102.728378,91.034465,-62.942928,95.390999,-65.83823435556776,-20.422033059965283,-2.3248236908450086,68.93281176160579
160.149529,93.376282,-54.911312,153.848724,89.378072,-32.491004,103.305183,81.938704,-65.855891,97.066429,-77.71252094804072,-4.838983321362552,7.05440108530762,77.86303148275242
160.274766,83.396369,-53.705812,155.41658,78.922516,-32.17529,103.470001,72.515165,-67.014086,98.668495,-79.68821514408775,9.62574957879872,12.519111764095475,80.26746967361161
160.400826,74.071313,-50.935968,156.137711,65.335346,-30.128914,101.421448,64.057206,-67.366991,98.571098,-73.97315564017407,21.972425828971126,5.7205378391243205,77.16744943416916
160.526386,64.567593,-47.215788,156.930405,49.530801,-30.309208,101.577583,57.210594,-67.653194,97.63607,-75.69066581713487,29.628703408727183,6.313268556864973,81.28306685604026
160.652296,53.637035,-45.273774,159.632324,35.093337,-34.492454,104.242027,50.741107,-66.476197,98.729118,-86.81246922404577,15.42382654276808,21.459129536970092,88.17198669644056
160.777485,42.088181,-46.358772,160.565475,19.449761,-39.864299,107.147171,42.395273,-68.693509,100.563835,-92.25134796187722,-8.66687967792655,7.453937646278318,92.6575739167339
160.902506,30.545286,-50.441506,158.661514,2.794611,-46.102839,107.631538,32.147991,-73.020387,98.532738,-92.32764895499372,-32.65638572720422,-15.229129506245796,97.93280497525076
161.027446,18.91429,-58.008002,158.010788,-11.892238,-52.999533,107.375847,19.977965,-78.547766,96.160736,-93.09265247318014,-60.56103729789845,-5.208307987833931,111.05800818981825
161.153058,7.872375,-65.973282,158.190826,-27.126462,-57.853722,109.271858,8.280952,-83.857442,96.405701,-87.90493742636781,-63.41177594497865,1.4332866286661388,108.38971977281707
161.278314,-2.045988,-69.604748,160.03241,-41.42454,-58.527312,114.968803,0.631896,-86.984396,98.209389,-79.18473366544849,-28.992351663790874,14.70256115475429,84.32543211075132
161.403586,-12.021947,-70.335081,159.465714,-57.892843,-60.506722,119.117752,-5.119753,-92.695646,96.889435,-79.63438757264487,-5.8299779679419865,-4.523724375758576,79.84750670607633
161.528473,-23.391325,-70.934412,158.026581,-75.820231,-62.833645,123.46566,-10.874803,-98.61976,95.141151,-91.03732173885112,-4.7989862836002715,-11.523481227029121,91.1637220539688
161.653838,-37.167446,-72.126131,157.51738,-94.641239,-65.014432,129.513809,-20.521434,-101.209824,94.172325,-109.88809476327683,-9.50599449607028,-4.061747696724953,110.2984918394727
161.775624,-53.280437,-74.847496,158.701157,-112.238284,-67.550879,134.62117,-32.631273,-101.736584,93.641624,-132.30577406271541,-22.34546663820406,9.720140246006343,134.17949817171547
161.901846,-66.056434,-78.13257,161.475159,-124.715654,-72.549992,136.14917,-41.372761,-100.928225,97.812805,-101.21846429306072,-26.02616025732173,21.977167213320314,104.51094933826504
162.027564,-74.689326,-80.788607,163.275452,-134.379214,-77.239638,135.500015,-43.641393,-102.45321,101.195869,-68.66870297013611,-21.12694284032411,14.320089406448732,71.84523979623913
162.153224,-79.973273,-82.956822,163.102676,-138.919798,-79.369351,133.304123,-41.628046,-103.337929,101.322937,-42.04955435302215,-17.25461562947885,-1.3749482731181244,45.45202725741527
162.278151,-81.45306,-84.835774,162.448257,-138.562984,-82.325407,129.783752,-39.052688,-103.387357,100.674614,-11.845213604743766,-15.040399593360851,-5.238411232158924,19.144782716708384
162.403716,-78.735492,-89.099951,162.363907,-129.618964,-89.142672,125.263443,-37.397772,-104.608297,98.822502,21.64271891052536,-33.95991717437333,-0.6717636283996673,40.2701285859669
162.529251,-69.792231,-96.938248,162.614868,-105.097711,-94.627618,104.806206,-37.183737,-107.045537,97.200348,71.2411757677226,-62.439136495805386,1.9991317162545854,94.73093946071347
162.655828,-56.484535,-103.146778,161.677643,-76.070538,-95.658829,84.215179,-36.330657,-109.659844,94.975578,105.13518253709027,-49.04943236131939,-7.404386262905743,116.01402252346455
162.781225,-45.01757,-108.171692,160.966782,-59.994091,-102.343456,80.634209,-32.339099,-112.878496,93.049469,91.44528975972865,-40.07204319082832,-5.668883625605374,99.83992019592334
162.90618,-36.958343,-114.490749,161.106018,-56.780996,-115.183646,85.038635,-27.959492,-117.41844,92.025757,64.49703493257576,-50.57066143811776,1.114289144091962,81.95888794622965
163.032018,-32.706419,-121.690824,160.527603,-55.430611,-127.913394,90.004478,-26.120359,-125.108061,91.59156,33.78887140609694,-57.217017117251785,-4.596505030277535,66.4490397123513
163.156992,-31.830269,-129.924658,158.854828,-53.143046,-138.284797,90.481232,-26.454143,-134.780009,89.634361,7.010658216908587,-65.8843759501929,-13.38498407668702,66.25632289057901
163.282714,-34.80949,-139.057901,158.18866,-53.89921,-152.233214,90.680717,-24.511836,-144.396239,88.546272,-23.696894736005532,-72.64633874739724,-5.2987384865021205,76.4135678628535
163.407773,-38.384103,-149.614806,160.258942,-57.612044,-173.643436,98.892319,-20.8462,-153.696852,90.585022,-28.583412629240616,-84.4153959331242,16.554442303233714,89.1233445741325
163.533445,-40.193285,-160.28023,161.952164,-60.432211,-194.949444,113.328568,-17.743352,-162.894371,93.445801,-14.396062766565942,-84.86714622190517,13.473343306384105,86.07949309231054
163.658421,-39.978392,-171.393793,160.958725,-61.76274,-211.861442,125.073013,-15.283821,-174.907753,93.553391,1.7194741390346715,-88.92557771091782,-7.9490382153372945,88.94220012196287
163.783624,-37.205933,-180.975107,159.258194,-60.425903,-224.795889,125.931404,-13.718125,-188.41059,91.814507,22.143710613963073,-76.52623339696406,-13.582190522591285,79.66560310247803
163.9087,-34.450597,-191.376593,159.802338,-61.772957,-236.752249,128.977219,-12.385945,-200.092394,93.636337,22.02929418913176,-83.16132591383973,4.3505068918094425,86.0296223996083
164.033749,-33.869745,-202.287885,160.962433,-65.837523,-249.467748,134.315903,-10.753493,-210.288299,96.024635,4.64499516189691,-87.256131596421,9.27712336764073,87.37968002474021
164.145126,-33.279809,-211.635576,159.746216,-68.680449,-260.855061,132.189545,-7.195069,-217.707855,96.629715,5.296748879930127,-83.92837839050809,-10.919821866273567,84.09535211863582
164.270627,-32.093246,-221.420874,158.605225,-67.472693,-269.69903,126.627983,-2.887648,-219.646544,95.56221,9.454609923427983,-77.96988071809093,-9.091489310843295,78.54102079803592
164.395979,-26.186508,-229.195195,160.693192,-61.198288,-264.065779,107.006714,-1.355505,-217.8743,95.751564,47.12121067074336,-62.019919905535815,16.656830365687618,77.89017242351987
164.521678,-17.096101,-231.705496,160.638611,-50.014843,-244.467149,81.404182,1.820332,-217.826852,96.272003,72.31884899641359,-19.970731668510105,-0.4342198426400707,75.02563590894584
164.646805,-9.279427,-229.332583,159.725876,-40.384982,-232.958451,77.245514,8.528356,-218.735755,96.888748,62.46992255868438,18.964036538877803,-7.294468819679656,65.28495926579043
164.771927,-0.821537,-226.61579,159.209274,-29.345003,-241.34902,76.660301,18.155649,-216.416759,95.399872,67.59714518629569,21.71315196368261,-4.128786304566638,70.99883805764085
164.898029,9.75174,-222.663235,159.382599,-14.689444,-254.746874,81.030663,25.818219,-215.30079,92.122375,83.84702066580819,31.34411032338839,1.3744825617357481,89.51411132607645
165.023483,21.0726,-219.440485,159.633408,1.489833,-260.091936,83.316017,31.219822,-217.976058,90.600952,90.23913147449143,25.6886986465177,1.9992108661343806,93.8243576446018
165.149001,31.839249,-219.378059,159.133636,21.068478,-259.464387,82.804474,37.654597,-221.012719,90.443733,85.77772909064862,0.49734699405653443,-3.981675934925739,85.7791709098497
165.274231,42.927679,-222.027674,157.187943,40.68443,-255.867641,80.206261,51.405006,-218.952244,90.310501,88.5445180867291,-21.15798929969051,-15.536956000959803,91.03731210013241
165.399759,54.450957,-225.675878,157.112,57.023766,-253.116779,78.882233,68.829114,-212.84269,92.765099,91.79846727423167,-29.062870435280903,-0.6049885284557512,96.28919478236439
165.524818,65.375787,-226.777162,158.755463,70.249765,-252.790474,81.125351,84.307229,-206.316509,97.998283,87.35740730373756,-8.80611551347606,13.141501211425915,87.80013827590355
165.650139,74.43594,-225.283864,160.832428,79.95101,-252.05964,84.609695,95.639819,-200.667026,103.962502,72.29556897887072,11.915784266006371,16.57316012480146,73.27097111853138
165.775526,82.63533,-222.230705,160.326508,87.708985,-251.282403,86.174576,110.005018,-192.628556,109.056,65.39266431128297,24.349884756789486,-4.034868048521234,69.77906156861863
165.900554,90.90397,-216.554264,159.748749,90.433371,-249.455658,85.84343,127.23303,-183.730568,118.353531,66.1343059154823,45.401358095791664,-4.621036887737548,80.21863708556077
166.025708,100.835369,-208.224656,158.6427,90.158714,-244.834336,83.282478,145.705774,-174.541783,128.434906,79.3534285759886,66.55486840212357,-8.837504194831428,103.56890042280314
166.151047,112.520265,-198.502233,157.098526,90.572176,-235.887059,81.279152,162.756467,-166.82355,135.196335,93.22633817088294,77.56901682636907,-12.319980213660857,121.27696607419462
166.276266,122.703037,-190.564236,158.731171,92.580891,-224.928008,84.790268,174.70316,-160.938339,134.80777,81.31970387881272,63.392911618850285,13.0383168688471,103.10943449778566
166.400781,129.123851,-185.771747,159.130142,92.634637,-219.751684,88.111099,182.373413,-156.479357,133.915985,51.56659037063715,38.48925029112876,3.2042002971530312,64.34699395019354
166.525896,132.17712,-183.924906,158.978485,89.985001,-217.274295,89.752289,186.668285,-155.98269,132.194229,24.403700595453383,14.761147744076268,-1.2121408304360595,28.52073080190933
166.651565,134.03615,-182.557936,158.477051,86.764717,-215.595632,90.717705,188.380364,-156.803168,130.768661,14.793067502723423,10.877543387786996,-3.9901168943808947,18.361802642804992
166.776863,134.441295,-182.233968,157.742706,84.906025,-214.761176,91.446663,186.717553,-158.562278,123.921432,3.2334514517394366,2.585579977334375,-5.8607878816906025,4.140100495150848
166.90278,133.368521,-183.218764,157.842941,83.150831,-216.837708,93.011551,179.645276,-166.566826,114.828705,-8.51969154284075,-7.820993193928289,0.7960402487351638,11.565166601680446
167.028331,129.88263,-190.204815,159.737915,75.334694,-206.144704,91.346466,158.041241,-180.453677,93.114761,-27.764741021576402,-55.643133069429304,15.093260905926417,62.18552164111373
167.154348,118.802423,-202.207201,160.22554,89.639682,-221.563103,90.283691,134.55129,-195.536539,80.233482,-87.92628772309178,-95.24418134062013,3.8695176047679762,129.62440415295592
167.279697,103.08216,-210.298349,159.41391,82.133587,-228.31883,94.409782,119.417563,-211.820918,81.97702,-125.41195382492091,-64.54896329448188,-6.4749619063575174,141.048668283598
167.405154,89.823834,-214.679602,159.855774,71.975623,-229.346167,96.98027,110.596169,-221.99702,84.891602,-105.6802410387526,-34.92234789608859,3.5220354384368284,111.30087029571823
167.529907,81.544237,-218.140993,161.049149,63.76846,-227.730618,97.816071,106.140867,-229.175318,86.431427,-66.3679190079607,-27.745954005114637,9.56590222279239,71.93426608439935
167.654916,77.254578,-222.26332,160.772568,56.469783,-228.201788,99.32151,103.199674,-236.036055,86.663658,-34.31480133431017,-32.97624171060271,-2.2124887008138883,47.59136589728507
167.780272,76.874383,-226.745334,158.639984,49.128509,-231.05417,105.189423,99.738617,-244.260958,84.919662,-3.032922237467438,-35.75428379973547,-17.012221194037995,35.88268980066225
167.905439,76.631876,-231.046342,158.650589,41.420184,-236.039258,114.820518,95.95073,-249.31508,84.486046,-1.9374675433619089,-34.36215615936976,0.08472680498851776,34.41673366841331
168.03065,73.681021,-234.471216,159.868484,31.856185,-245.152499,125.495018,92.939838,-250.18351,86.81469,-23.567058804736266,-27.352820439097115,9.726741260751274,36.10516648181235
168.155706,68.524957,-236.849343,158.968033,20.892783,-254.971892,131.924942,91.315294,-250.729826,85.879921,-41.230040941657904,-19.016496609518875,-7.200382228761504,45.40422248371433
168.281295,62.290261,-238.83754,157.991333,10.470204,-263.153281,133.53743,89.449373,-249.9946,84.560524,-49.6436471347049,-15.830980420260774,-7.77695498809661,52.10673317241999
168.406375,55.66622,-241.663183,159.330704,5.188721,-270.04273,132.436691,86.617687,-244.279295,85.4058,-52.958434601856084,-22.590685960985628,10.708114806524083,57.57547123269545
168.531334,53.30707,-243.496573,160.118454,4.963019,-273.765708,128.616333,84.711,-238.36526,86.590561,-18.87939244072209,-14.671932393826436,6.304067734217471,23.91018734974295
168.65646,58.265632,-245.089357,160.684753,14.675417,-269.393794,111.231491,86.392981,-232.793875,86.807091,39.628550421168136,-12.729440723748082,4.525829963395958,41.62283831771305
168.78278,72.046856,-241.275127,159.788162,33.79215,-254.83021,87.65799,91.185017,-225.14032,85.878265,109.09772007600388,30.19498100063514,-7.097775490817392,113.19915813914349
168.90898,81.45406,-230.703661,158.386658,51.756161,-244.487562,81.369469,97.389298,-216.85047,86.07119,74.54202852614218,83.76755942946934,-11.105419968303183,112.13169948574699
169.019895,88.210636,-222.400365,158.134537,64.198268,-245.035494,80.280327,100.235486,-207.829613,85.673996,60.91670197900539,74.86179506831107,-2.2731010233067526,96.51493636141902
169.145337,97.550626,-212.889828,157.199829,82.045394,-246.832247,81.702408,101.264779,-194.904968,84.537476,74.45664131629313,75.8162098818451,-7.451316146106126,106.2633008942933
169.270376,103.500602,-204.010031,156.854355,100.127417,-240.988149,83.884689,101.061787,-183.593596,85.152618,47.584961492019566,71.01621893969829,-2.762929965850913,85.48468817682
169.395528,107.080095,-196.83162,156.714218,112.0303,-229.441392,84.677017,100.180217,-177.789848,87.138435,28.60116498337697,57.35754122985809,-1.1197344029659464,64.09301189943581
169.520373,109.893976,-191.266484,155.792999,119.639302,-217.870862,82.22493,98.651588,-176.172766,88.704865,22.53899635548194,44.57636268973758,-7.378901838279689,49.95056023068667
169.645231,113.217859,-186.834862,156.018906,125.852417,-205.465565,79.9114,96.674766,-175.569052,89.826454,26.621305803395067,35.493296384696166,1.809311377725079,44.36742060261969
169.770982,117.293548,-180.590679,157.930801,130.556353,-192.901036,80.973694,95.221457,-172.524972,90.542801,32.4107879857793,49.655135943249654,15.203815476615624,59.296641586195584
169.895831,119.051761,-171.653985,158.485535,134.494738,-179.459912,82.80011,94.371658,-165.723397,90.241997,14.082715920834227,71.58002066497274,4.443239433235911,72.95219150995288
170.021298,118.397331,-160.617893,157.157425,137.857422,-167.136574,81.584541,94.283025,-155.565803,88.336823,-5.21595319884853,87.96011700286695,-10.585333195181637,88.11463187763212
170.147102,116.057587,-148.569144,157.28244,139.58096,-156.865299,81.334824,95.496696,-142.16725,88.198105,-18.598327557154132,95.77397380052432,0.9937283393217295,97.5630659905003
170.272062,115.121712,-136.408442,158.191849,139.040437,-148.465532,83.086624,99.080676,-126.737041,91.502037,-7.489396606913236,97.3167573623436,7.277600832265268,97.60452000320939
170.398116,116.823344,-125.461104,159.03952,139.315416,-138.586109,85.302208,106.500578,-110.993115,96.490227,13.499230488522736,86.84641502849219,6.724665619497515,87.8892998440844
170.52315,120.264164,-115.585731,157.40863,141.119614,-128.741429,82.256599,115.041193,-94.247007,99.654572,27.51907481165126,78.98150103171982,-13.04357214837588,83.63837028369704
170.648337,125.374154,-105.926104,157.170319,143.350573,-119.064017,79.283157,124.030485,-79.705653,104.240929,40.81885499292706,77.16158227291291,-1.9036401543288097,87.29311944130026
170.773359,129.083072,-96.981186,157.808807,145.320085,-110.316289,80.33815,133.498176,-65.927989,110.306755,29.666122762393375,71.54675177168745,5.1070051670905015,77.45331838490108
170.898851,132.216725,-87.702221,160.341736,146.101694,-103.489818,83.585182,143.876441,-52.85818,118.194244,24.970938386509104,73.94068944633428,20.18398782392365,78.04340663824256
171.024001,135.66622,-77.690959,159.519058,147.669607,-97.688753,83.89695,156.797108,-38.749889,123.60656,27.562884538555874,79.99410307631423,-6.573535757091945,84.60950969642684
171.149105,138.673678,-67.065149,158.277084,145.952758,-94.411625,82.321991,170.271907,-24.014153,127.539673,24.039663000384866,84.9358134032531,-9.927532293132645,88.27229347674333
171.274212,142.341589,-55.911375,159.686813,138.093617,-91.426177,82.955917,180.276783,-14.276446,131.928619,29.318191627963195,89.1538762818927,11.268186432412577,93.85078591264434
171.39992,144.951888,-48.030456,160.734436,130.182205,-87.905267,85.518486,188.897593,-11.775779,131.148849,20.764780284468248,62.692263022240496,8.33378146180006,66.04162280798394
171.525129,146.528315,-43.517147,160.82016,127.066797,-85.894822,87.240829,190.529243,-10.343543,130.032318,12.590364909872276,36.046202749008295,0.6846472697650331,38.181749844478794
171.650571,146.744222,-41.484686,160.582428,130.151842,-84.574959,86.810776,185.171984,-11.390325,123.960922,1.721169943081102,16.20239632658646,-1.8951547328642273,16.293559239673456
171.775567,145.163737,-40.868285,159.890488,139.264783,-82.315599,84.567268,167.068677,-21.682967,106.593933,-12.644284617109681,4.931365803706468,-5.535697142309271,13.571893831313377
171.900865,140.255881,-40.317685,158.126205,151.016545,-76.412881,84.731796,139.605347,-32.21893,91.974922,-39.16946798831124,4.394323931746213,-14.080695621636377,39.415191301127244
172.026384,133.382266,-41.701522,157.892151,160.141098,-68.385406,84.24205,113.009075,-37.469126,92.427864,-54.76155004421771,-11.024920529959864,-1.8646898079174605,55.86032792543641
172.151344,124.80518,-44.114466,158.13829,159.796924,-55.862608,84.428635,87.299097,-43.602274,104.454208,-68.63865236876494,-19.309731113958453,1.969742317541809,71.3030876939669
172.275986,115.990868,-47.386007,155.645996,142.325943,-38.010185,90.591461,77.92716,-51.787075,110.290298,-70.71702957269929,-26.24750084241385,-19.995619454117616,75.43095897612956
172.40096,107.408263,-48.84952,154.135345,117.286754,-24.27813,102.416168,73.806584,-59.019519,110.094559,-68.67512442587575,-11.710539792275961,-12.08772224622633,69.66641556112955
172.524898,98.52665,-48.503801,153.180145,95.299163,-21.609157,115.552544,62.242371,-68.546399,111.302689,-71.66174216139771,2.78945117720125,-7.707079346124,71.71601165344205
172.650938,88.954896,-46.295536,153.185684,80.080565,-21.21765,121.794197,57.9929,-76.432556,109.362305,-75.94219295462416,17.52035068232463,0.04394636623293662,77.9370217469785
172.776195,79.115162,-43.629545,152.718597,67.680075,-10.39402,120.783508,55.985442,-69.036068,104.610458,-78.55636012358293,21.284167751102895,-3.729029116137243,81.3886817237086
172.902223,70.331398,-41.057415,150.766159,54.852464,-9.799481,113.883606,53.907503,-67.882616,102.646866,-69.69692449297487,20.409194782113392,-15.492096994319844,72.62366360514791
173.02791,61.237427,-38.614505,151.647278,43.950691,-19.036347,105.532791,52.874984,-69.227728,101.013062,-72.35410981247108,19.436457231058206,7.0104227167488915,74.91924369913166
173.153067,51.086259,-38.610881,153.73671,35.405826,-27.805778,103.750313,51.987848,-67.775393,99.865685,-81.10747301389355,0.02895563172656764,16.694487723419087,81.10747818252075
173.278478,40.880685,-42.058298,153.061401,21.440963,-32.705381,105.609489,43.96395,-72.708809,100.779083,-81.37702434394802,-27.48895232475316,-5.384766886476654,85.89448521871506
173.404044,30.133403,-48.529657,151.725586,5.983858,-38.532973,106.658005,34.066691,-78.953404,98.871132,-85.59070130449865,-51.53751015402584,-10.638349553223652,99.90937444840812
173.529494,18.818355,-57.662368,153.806717,-6.151375,-46.636484,106.276611,22.586559,-82.21523,95.904945,-90.1956795536065,-72.79960940613749,16.589326424870364,115.90963609563724
173.655066,8.785499,-65.907558,157.179413,-19.880371,-51.846456,111.515594,11.698529,-87.395205,98.208061,-79.89723823782032,-65.66105501226103,26.858662759212844,103.41635665287279
173.78042,-0.484461,-70.194662,158.740982,-37.310826,-52.684748,121.380997,3.299361,-102.866478,102.932869,-73.95025288384046,-34.19997766326111,12.457273002857105,81.47563055142018
173.905646,-9.547727,-72.194399,158.387726,-57.82211,-53.117064,127.584686,-3.750807,-112.294857,105.645668,-72.3752735055033,-15.969024004600042,-2.8209477265106457,74.11605725250028
174.031059,-20.701347,-73.645464,157.78157,-76.129775,-58.171593,132.470093,-18.972357,-106.313327,104.780434,-88.93511836890282,-11.57029175603723,-4.833278846690181,89.68459695293602
174.156025,-34.871012,-74.780764,156.528244,-94.968165,-62.678191,131.952805,-29.755999,-100.251691,97.217819,-113.38816157994924,-9.084871084935067,-10.029335979386243,113.75152776605053
174.281736,-51.695427,-76.787611,157.14064,-112.385613,-67.172417,133.639877,-34.76117,-101.226546,91.749321,-133.8340717996087,-15.963972922020076,4.871459140409446,134.78281495026658
174.406617,-65.679632,-79.887537,158.763748,-124.89165,-72.260236,135.950287,-36.558466,-101.434962,93.253311,-111.98024519340956,-24.823039533632766,12.997237369974544,114.6985553756647
174.531929,-74.448829,-82.86115,159.264282,-133.883552,-73.059234,136.440033,-37.02248,-102.844222,96.377243,-69.97890864403591,-23.729674731873107,3.9943022216555257,73.89279476302694
174.656807,-80.040652,-84.965558,159.194061,-139.35903,-75.108007,134.975342,-36.816013,-103.756221,97.883026,-44.77828760870768,-16.85171127020039,-0.5623168212175582,47.84428089022075
174.782262,-83.152619,-86.142638,158.736847,-141.681068,-76.730386,132.6035,-37.082406,-104.908529,98.584579,-24.80544418317004,-9.382487744608415,-3.6444462157740474,26.52057950728248
174.907765,-84.343047,-87.631498,157.72493,-138.609808,-79.284111,133.805618,-38.243599,-106.213553,99.443848,-9.485255332541147,-11.863142713719045,-8.062890926909622,15.188950713250916
175.032842,-81.50073,-92.063446,158.264465,-118.637208,-83.016247,124.763283,-39.088619,-108.910967,101.514114,22.724537684790462,-35.43375680581443,4.313622808350886,42.094604575421094
175.158472,-73.715393,-98.899373,159.173691,-93.742942,-89.475999,116.218628,-39.892929,-115.05065,115.253899,61.970365358592176,-54.41317360503019,7.237331847488516,82.46890107457814
175.27041,-63.87046,-101.951872,158.794479,-83.053337,-101.746497,127.972176,-36.57079,-124.663785,135.185867,87.94987403740639,-27.269551001444967,-3.387696760706501,92.08044719165984
175.395658,-53.044531,-103.338334,158.78627,-77.529673,-115.896157,141.935974,-21.938255,-136.653069,152.098633,86.43594308891221,-11.069733648441638,-0.06554196474190206,87.14190301294269
175.520832,-44.621247,-106.645218,159.650803,-74.704636,-126.423057,145.1483,-10.081859,-136.517143,152.610641,67.29260069981756,-26.418297729557167,6.906649943278059,72.29260379784789
175.646118,-38.023373,-112.786932,160.286423,-70.289249,-133.739182,139.459091,-11.985971,-135.911637,138.924759,52.662500199548276,-49.02155069202113,5.073352170235108,71.94755978848636
175.771185,-33.5822,-120.203563,159.34613,-69.588866,-142.749391,135.799103,-11.929688,-143.743859,120.175842,35.51035045215725,-59.301262523286944,-7.518314183597712,69.12036404773069
175.896219,-32.939397,-129.015374,157.963364,-66.275517,-154.146561,135.468964,-13.266452,-149.496103,105.827118,5.14102564102567,-70.47531871331036,-11.059119919381782,70.66258339732815
176.022151,-33.953071,-139.371713,157.639938,-62.07619,-168.054762,125.04789,-22.922837,-146.805569,95.105782,-8.04937585363493,-82.23754883587574,-2.568259060445294,82.63054453509386
176.147661,-35.632134,-150.964293,158.920929,-59.640919,-182.085785,115.154648,-25.651348,-152.128834,95.102036,-13.377922077922994,-92.36379571349532,10.20628635168583,93.32759269223266
176.272992,-36.767908,-162.610062,160.552643,-60.070291,-200.454839,117.923019,-18.293675,-164.252686,100.252319,-9.062195306828333,-92.92009957633041,13.019237060265516,93.36095698446037
176.398521,-35.977705,-174.228591,160.088577,-61.751419,-218.941052,126.766945,-9.74526,-175.403624,101.104103,6.294983629280858,-92.55653275338746,-3.696882792024167,92.77035396193008
176.523584,-33.278789,-184.458096,157.61171,-62.482233,-232.267577,131.963867,-4.208057,-185.808382,97.720085,21.58045145246595,-81.79481541302447,-19.804954303029444,84.59378058310779
176.648794,-29.716198,-194.162179,158.620697,-61.264734,-241.746151,133.869751,-2.549814,-196.079562,96.861343,28.452927082499205,-77.50245986741663,8.058357958629022,82.56028309703487
176.773346,-28.213179,-203.264266,161.290222,-66.602819,-251.169898,134.846359,-2.461959,-205.660808,100.942352,12.067401567217452,-73.07860973730173,21.433015929090796,74.06824813455043
176.89885,-27.276642,-211.97298,160.750534,-68.927013,-260.430808,134.220596,0.377085,-211.9914,100.497688,7.462208375828283,-69.38993179499907,-4.300165731769381,69.79002212608121
177.023906,-26.327909,-220.850781,160.039261,-64.860332,-264.942654,127.421883,1.3175,-215.140454,97.41671,7.5864652635618866,-70.99060420931386,-5.687635939099068,71.39482012862474
177.149396,-23.403952,-228.659129,161.149704,-58.65648,-258.613309,108.015274,0.017914,-218.576658,97.665962,23.300318750500814,-62.22287034824232,8.84885648258934,66.44238442627652
177.275102,-14.843726,-232.989388,161.655365,-47.904126,-244.55995,84.754379,3.158164,-221.078434,97.606483,68.09719504239614,-34.44751244968184,4.022568532925576,76.31421287422891
177.400643,-5.445739,-230.42253,161.008545,-37.955008,-237.096012,78.567245,9.520944,-221.11081,98.510513,74.85990234266195,20.446372101544753,-5.1522610143299765,77.6019272368136
177.52574,2.495918,-226.671303,160.385971,-23.219161,-245.915946,80.125,16.861574,-217.681454,96.429466,63.48399242187509,29.98654643995998,-4.976730057474853,70.20975901693845
177.651485,12.626212,-221.575765,159.545166,-9.405224,-253.609208,83.038696,23.103422,-211.975589,92.297523,80.56220128037228,40.52278818243439,-6.686587935902434,90.17962429073245
177.776988,23.744476,-213.204102,158.52298,4.39499,-255.057978,86.071762,28.515443,-206.744274,91.227409,88.58962733959919,66.70488354861061,-8.144713672184434,110.89483108514465
177.902172,32.936548,-208.213738,156.792694,24.895076,-255.282623,87.542877,33.503351,-204.073147,91.232651,73.42848926379278,39.864231850709814,-13.821942101224765,83.55178045146661
178.027869,41.738715,-208.61096,157.744675,44.53511,-251.009914,91.036423,41.978096,-206.692078,92.388763,70.02686619410034,-3.160154975854569,7.573617508770863,70.09813527076061
178.152943,51.614876,-211.218811,157.867004,59.188597,-246.154479,90.472458,55.227567,-210.444458,94.653816,78.9625421750427,-20.850464525003776,0.9780529926285529,81.66899618370388
178.278172,62.230149,-215.396491,157.244522,72.229365,-242.581653,87.695129,71.207438,-207.19801,96.477005,84.76689105557348,-33.360323886634774,-4.970749586756473,91.0952085954505
178.403661,73.07459,-218.556305,159.013245,85.601765,-240.460874,89.827682,84.614668,-197.422979,100.863754,86.41746288520174,-25.18000780945203,14.094645745843847,90.01116977797415
178.528859,82.877896,-218.029011,160.919159,97.128026,-238.016738,92.547462,94.077192,-190.443669,108.221748,78.30241697150986,4.211680697774427,15.223198453647964,78.41560277062341
178.654346,91.831122,-214.994837,160.387268,106.976952,-234.965914,94.650581,106.654696,-185.641193,111.846817,71.34783682772331,24.179189876243647,-4.2386143584597065,75.3335718193879
178.779218,100.403285,-208.993027,158.71669,112.488819,-234.007717,93.895752,124.038479,-180.944532,113.241264,68.64759914153078,48.06369722596609,-13.378323403166807,83.80102540497721
178.904256,110.604744,-201.235351,156.747864,114.465946,-234.063656,89.823898,144.425024,-171.387633,121.134605,81.58686959163256,62.04254706568325,-15.745821270331641,102.49729233574699
179.029485,122.742927,-191.90881,157.548996,111.826137,-230.171263,85.823425,165.525906,-162.589452,130.082367,96.92789210167726,74.47588817287325,6.397336080301351,122.23614108115778
179.154263,133.259916,-184.432826,159.533737,107.748667,-219.536448,85.789719,181.099158,-154.872339,135.202499,84.2856032313443,59.91427976085895,15.906177371012038,103.41075297730923
179.279372,140.212728,-181.122155,159.477692,106.439584,-215.993384,87.768867,190.151001,-151.906846,132.224915,55.57403544109131,26.46229288060631,-0.44796937070880294,61.552630810605166
179.404947,143.220034,-180.294351,159.727936,105.694748,-214.608138,88.992729,188.948574,-157.288415,124.76413,23.94828588492975,6.592108301811674,1.9927851881346899,24.83900740144702
179.530365,142.446664,-182.336851,160.658691,105.983848,-212.922937,88.409119,175.314785,-169.958817,101.714966,-6.166339759843268,-16.28554115039349,7.421223428854173,17.41386219639353
179.655861,137.398516,-190.234519,162.257965,105.326748,-211.840919,89.279236,145.446074,-186.863748,79.032364,-40.225568942436944,-62.93163128705392,12.743625294830355,74.68926705486172
179.78261,124.457396,-199.373026,162.764603,98.368456,-214.581354,92.750954,129.604161,-204.355144,81.513969,-102.10037160055039,-72.0992433865254,3.99717552012173,124.99114679800287
179.907836,108.146223,-204.728226,161.87886,86.366784,-218.49024,96.702042,122.153815,-215.754949,87.616837,-130.2538849759657,-42.764282177823205,-7.073155734432196,137.09434117248088
180.032667,95.830451,-207.900669,160.805145,74.873563,-220.645138,100.604866,119.850107,-221.899315,87.304466,-98.65956373016297,-25.413903597663865,-8.601349023880204,101.88020421798065
180.171738,87.674554,-212.822811,160.515137,67.197001,-225.094557,105.172775,119.847795,-228.317492,86.759689,-58.64556233866098,-35.393015078628636,-2.0853233240574784,68.49793791329637
180.283064,85.064424,-217.959544,159.39476,60.881763,-228.808325,107.203163,117.605125,-235.429782,86.33757,-23.44582577295695,-46.141359610516865,-10.063929360617538,51.75646638713746
180.408468,84.566205,-224.188157,159.159546,53.015938,-230.185238,111.679054,112.650991,-242.643929,85.717026,-3.9729115498707643,-49.66837580938278,-1.8756498995245683,49.82701658463184
180.533207,81.817202,-228.567573,159.603531,45.508076,-232.748365,119.116959,108.48072,-245.883124,85.428444,-22.038039426321244,-35.10863482952273,3.5593118431282846,41.452278843856895
180.658294,77.286999,-230.891213,159.712555,37.316464,-239.318258,126.937721,104.927171,-248.033738,85.557724,-36.216417373505806,-18.576190971082845,0.8715853765778889,40.70262593944171
180.769982,72.42441,-232.843248,159.809204,27.650281,-247.912452,131.008041,102.318691,-249.913545,85.537895,-43.5372555690905,-17.477571449038642,0.8653481125993538,46.914370146518564
180.908769,64.414735,-235.243594,159.2892,17.174231,-258.966781,137.213562,98.830692,-249.013882,85.127983,-57.711997521378464,-17.295178943271914,-3.7467774359267874,60.2478038818627
181.020233,55.928442,-237.269422,160.3647,7.338354,-266.835749,137.565155,94.447444,-244.124181,86.171944,-76.13483277112996,-18.17472906050639,9.64885523577264,78.27409237743188
181.145445,48.981727,-239.473108,161.405426,2.001098,-273.029686,134.606705,89.678643,-238.105724,88.158562,-55.47962655336336,-17.59963901223462,8.311711337571214,58.20426321036657
181.270995,46.557952,-241.224458,160.92952,3.217933,-273.429051,130.577271,89.294492,-235.161881,89.21669,-19.305256869772368,-13.949422540819958,-3.790569494225358,23.817626498671718
181.396653,52.251107,-242.522957,162.365753,15.761282,-265.017475,111.253479,91.536013,-232.073941,90.172066,45.30674529278342,-10.333595950915383,11.429698069364166,46.47025257411377
181.522615,67.886881,-238.461176,162.75589,39.507218,-251.43169,86.638008,96.843197,-225.789701,89.552757,124.13088074179583,32.24608215175607,3.0972594909570637,128.25086887764832
181.648396,81.683537,-224.936882,161.038757,59.327339,-242.079884,78.682724,103.401431,-214.871805,90.242195,109.6879178890387,107.52255110073185,-13.65176775506743,153.59862735728464
181.77281,90.917129,-209.094174,159.817169,78.442816,-239.405996,79.499733,105.43838,-196.105482,90.655914,74.21666371951616,127.33862748565103,-9.818734226051582,147.38805658392116
181.89786,96.001366,-196.97112,158.582855,98.548933,-233.591111,82.906921,101.923262,-171.849723,88.159599,40.65763294681612,96.94565373849227,-9.870563774489046,105.12612851057375
182.022996,101.008063,-188.782268,158.496811,112.482554,-221.400904,83.302299,96.774766,-163.954312,91.707489,40.01004507096355,65.43961769594821,-0.6876038869708836,76.70167710534362
182.148345,107.383371,-181.833438,158.51532,121.404645,-205.923705,81.427856,94.51324,-164.596887,91.536209,50.86046159123721,55.435863070307626,0.14765973402256555,75.23244956548744
182.273379,114.239987,-174.824974,157.896057,128.741353,-186.933465,80.695114,88.412137,-158.926277,89.979843,54.838012060719755,56.05246572932191,-4.952756850136701,78.4161111067646
182.398972,119.489229,-165.54,156.98703,133.729192,-168.5,81.359741,83.034987,-153.659624,90.405594,41.795657401294655,73.92907248016553,-7.237879499654824,84.92576014015985
182.52411,121.891166,-153.499961,158.548111,137.631148,-151.381006,85.187119,87.119903,-150.635988,90.728355,19.194305486739434,96.21409164280995,12.474875737184059,98.11000353567064
182.649789,122.18802,-140.609323,157.247803,144.737537,-133.489323,88.23101,90.826086,-141.234495,89.276291,2.362001607269452,102.56795486915831,-10.346263098847814,102.59514811936498
182.774641,120.740849,-127.803853,156.296539,153.296095,-118.859121,91.635117,93.772109,-119.853144,89.1651,-11.59109185275325,102.56519719347352,-7.619133053535203,103.21808507076206
182.899908,121.429525,-114.999589,157.606003,154.758276,-110.092335,92.569824,107.06623,-94.996585,94.206314,5.497664987586171,102.21577909584475,10.453383572687999,102.36351799584783
183.025023,124.971925,-102.94404,159.657318,150.387791,-106.452317,92.512932,125.71422,-76.545484,104.534042,28.31315190025316,96.35574471486704,16.395436198698135,100.42939863448072
183.15056,129.797425,-92.324884,158.16481,150.338,-100.7743,87.804398,137.81503,-59.803771,112.841179,38.43886662895943,84.58985000437552,-11.888988903669155,92.91388051029664
183.275381,136.118898,-83.395984,156.778366,152.727086,-93.09758,82.848495,147.524302,-45.888699,119.999084,50.6443066471198,71.53363616699274,-11.107457879683823,87.64648822992963
183.398208,140.588319,-74.999158,159.84903,152.66885,-87.049479,87.117981,157.686502,-36.046876,127.407768,36.387935877290644,68.36303092968112,24.99991044314337,77.44408224843492
183.524525,143.779742,-66.899065,160.654633,151.422138,-84.333358,89.78698,169.626526,-23.719789,132.259186,25.265189958596075,64.12512171758343,6.377629297719145,68.92286310752647
183.650196,146.212867,-57.895299,159.411285,149.018971,-85.787285,89.545052,181.703864,-13.558622,131.403687,19.361069777437304,71.64553476936784,-9.893674753922289,74.21545442369461
183.775577,147.593558,-48.724178,159.404678,142.194278,-86.634562,90.612343,189.813602,-11.513865,127.408745,11.011963535144595,73.14601893428572,-0.05269538446815897,73.97028745945387
183.90087,147.697578,-43.313316,159.661926,139.042132,-84.107508,91.34301,187.691262,-11.546952,123.232529,0.8302139784344855,43.18566879235102,2.053171366317398,43.193648193833184
184.026207,146.222994,-40.977045,159.644028,144.682699,-79.219026,91.518051,173.934079,-14.197699,116.230797,-11.764953684865377,18.639914789726657,-0.1427990138586543,22.04224486242946
184.151616,141.266526,-39.750829,157.900787,152.838493,-70.663546,88.778427,148.732042,-23.742238,101.372871,-39.52242662010202,9.777735250261832,-13.900445741534616,40.713957220657896
184.277041,132.232644,-40.109009,156.966675,156.727161,-59.715481,88.828316,119.175857,-34.823115,94.063774,-72.02616703208692,-2.8557305162445865,-7.447574247557878,72.08275753684437
184.402512,121.399491,-43.029186,155.826187,151.894216,-47.237662,90.882538,91.918312,-44.714367,99.117393,-86.33989527460213,-23.273720620700374,-9.08965418303802,89.42171765046608
184.527254,110.604062,-46.304931,152.04451,136.496058,-36.535049,93.133286,71.347518,-58.350446,108.827187,-86.54205480111108,-26.26016097224721,-30.315988199644643,90.43850564602917
184.652028,100.180747,-48.909896,149.740891,116.04414,-29.813528,95.173676,66.525284,-68.867055,105.961624,-83.5375559010677,-20.877466459358157,-18.462331896067752,86.10686297668518
184.776831,89.633532,-49.961118,149.599319,95.616928,-27.387849,96.871429,67.203967,-72.556444,101.241432,-84.51090919289757,-8.42305072794817,-1.1343637572815766,84.92962708134169
184.902584,79.66329,-49.378011,150.153381,79.133112,-28.085135,99.178658,62.69748,-73.807969,101.567902,-79.28432721286771,4.636923174794906,4.405954529911604,79.41980608214821
185.02779,69.827055,-47.55465,151.409927,65.232148,-27.739667,101.52652,55.030349,-73.000701,104.044662,-78.56041244028592,14.56288835998042,10.035828953882518,79.89878672528816
185.153503,60.021676,-44.354448,150.837418,51.187761,-26.90026,100.412476,47.094229,-72.320508,104.130295,-77.99813066270592,25.456412622403796,-4.55409543961277,82.04716527996945
185.278735,50.335019,-41.025898,151.186462,35.695843,-27.736543,100.149261,38.779067,-74.56129,106.522583,-77.34969496613594,26.579069247474322,2.787178995783515,81.78888820259333
185.404276,39.952358,-40.61264,154.844955,20.733772,-31.729759,105.22039,31.998128,-74.728301,109.327805,-82.7033479102456,3.2918170159549827,29.141818210784056,82.76883359592338
185.530349,29.729559,-43.024994,157.041306,7.012733,-37.554299,108.705437,26.748125,-76.614327,109.430908,-81.0863467990825,-19.134580758768116,17.421263870933107,83.31343119830618
185.655668,19.281466,-48.07052,156.171524,-6.351124,-44.223564,107.727013,20.909802,-81.625171,105.091179,-83.37197871033759,-40.261460752163586,-6.940543732395351,92.58440503656647
185.781509,9.11528,-56.438645,156.064178,-19.313937,-49.627925,107.020676,11.822495,-88.738762,100.367119,-80.78596006070622,-66.49760411947972,-0.85302882208501,104.63413733844737
185.906801,-1.035013,-65.002397,157.289459,-35.063791,-53.553188,110.424805,0.620778,-93.495869,100.239143,-81.01309740446204,-68.3503495833723,9.779403313858653,105.99477458457119
186.031829,-10.912212,-69.070453,159.204605,-49.886739,-56.897377,116.714882,-9.446042,-95.179007,100.699554,-78.99989602329954,-32.537159676236115,15.317736826952403,85.43799114848747
186.156797,-20.339171,-71.116574,159.770981,-66.822962,-59.992525,122.675415,-17.932562,-96.818825,99.126862,-75.43498335572461,-16.37315952883624,4.5321682350674655,77.19143130448593
186.282571,-31.386971,-72.422078,158.529572,-84.541267,-63.387244,128.831802,-24.617847,-97.705832,99.160652,-87.83850398335018,-10.379760522844325,-9.87015599408635,88.44965918840289
186.408108,-45.190195,-73.101527,157.127335,-103.541143,-66.290905,131.945877,-30.854569,-99.566859,98.097778,-109.95343205588054,-5.412340584847173,-11.169910066354296,110.08655981305584
186.533147,-61.849509,-74.926978,157.740829,-120.915081,-69.890228,133.053101,-36.649343,-100.759279,97.207817,-133.23294332166736,-14.599053095432456,4.90642119658609,134.03040527222876
186.651934,-75.802715,-77.545975,158.765762,-133.775651,-73.771763,134.738617,-43.348403,-100.833575,100.477219,-117.46408277000259,-22.04784193556574,8.628326332006242,119.51534660876699
186.777536,-84.258079,-80.528983,158.187988,-141.722084,-75.423971,134.238785,-47.767746,-102.096757,104.199303,-67.31870511616775,-23.74968551456442,-4.600038215952512,71.38526192820379
186.905351,-88.522651,-82.113478,158.054047,-145.064293,-76.463428,132.237885,-49.628975,-103.084045,104.253647,-33.36519187888793,-12.39678441497497,-1.0479286468723923,35.59376761381654
187.031344,-89.167597,-82.816243,158.613373,-141.265306,-79.118927,129.544449,-52.644328,-104.285369,104.480972,-5.118903431143278,-5.577809878326834,4.439341868199227,7.570676018436585
187.156364,-87.006895,-83.436935,160.933228,-113.622143,-80.497229,124.919464,-57.602318,-107.002481,105.091415,17.282850743880108,-4.964741641337176,18.555871060629503,17.98181273955617
187.283085,-83.421165,-83.430542,161.76178,-87.374052,-76.01033,112.901711,-66.230738,-109.3723,103.68013,28.296257131808474,0.050449412488873864,6.538395372510879,28.296302104915448
187.408737,-77.508737,-82.41189,159.145309,-66.462179,-67.090841,114.43322,-76.003728,-108.629559,99.269554,47.05399038614504,8.106930251806451,-20.823154426510854,47.74725467885127
187.533392,-66.515041,-82.999388,157.075256,-50.13644,-64.099735,124.878983,-84.535936,-102.029648,95.714722,88.19298062653631,-4.7129918575271255,-16.606257270066727,88.31882089363357
187.658193,-56.007399,-83.656559,159.087082,-36.088285,-69.793659,125.794151,-88.301415,-83.776776,107.382187,84.19517471813828,-5.265751075711764,16.120271472181336,84.35967982519368
187.783521,-45.257256,-85.054015,159.346039,-26.67324,-75.623082,119.34407,-79.155748,-70.608606,116.142059,85.7760675986239,-11.150389378271806,2.066234201455294,86.49777428333502
187.908393,-36.248845,-84.718585,158.440094,-17.683592,-78.213929,116.821564,-63.646077,-67.077635,115.303314,72.14116054841186,2.6861906592354603,-7.2549891088485206,72.19115365146548
188.019951,-28.321728,-83.332627,157.028687,-9.926108,-78.726266,113.334015,-50.003002,-67.847269,107.10524,71.05825669158502,12.423654063356945,-12.651777550690836,72.13614228896047
188.145185,-19.419866,-80.764021,155.797653,-2.121163,-79.327708,110.93898,-36.398064,-67.402909,100.977051,71.08183081271515,20.510452433044367,-9.829870482456316,73.98179053453381
188.270931,-12.27827,-76.717127,155.534912,6.213275,-80.364691,109.399078,-26.025576,-62.683416,102.72229,56.79382246751732,32.18308335851829,-2.0894581139759625,65.27855026678527
188.395465,-7.386273,-71.501462,154.898727,12.156572,-80.957795,110.316643,-22.342898,-51.815797,106.155121,39.282420864981106,41.88145406073466,-5.1085245796322765,57.42094376841024
188.520834,-3.959138,-67.416102,153.375626,15.755656,-81.89257,112.693314,-20.124964,-37.72674,109.168419,27.33638299739033,32.586684108510106,-12.148944316377419,42.534336912285774
188.646219,-2.477332,-63.442613,153.650665,18.188839,-85.253264,114.909935,-17.120657,-27.942894,114.433792,11.81804841089498,31.69030585795888,2.193555847988236,33.822207994352475
188.771751,-0.056045,-61.024037,155.326324,18.36165,-85.986878,117.867645,-11.087111,-24.166599,116.304306,19.288205397827976,19.26660931077449,13.348460950196715,27.262375204717994
188.897751,2.104608,-60.584148,156.429031,16.879561,-84.673129,119.829132,-2.397832,-25.103763,116.174744,17.148039682539032,3.491182539682414,8.7516428571426,17.49981772703124
189.02322,6.111824,-59.060955,156.120483,16.776897,-85.879641,118.261826,6.367253,-23.678906,115.611526,31.937897010414478,12.139994739735572,-2.4591572420277377,34.167363634448726
189.148841,12.518557,-56.291532,155.38031,19.150991,-87.419408,114.432167,14.973516,-19.878985,113.970985,51.00049354805517,22.045860166692723,-5.8921119876455865,55.56141010300752
189.274572,18.937061,-52.947596,156.524582,25.011013,-86.027267,110.462547,20.021547,-17.058705,110.52227,51.04949455583673,26.59595485600171,9.100953623211335,57.56210306363801
189.400118,25.263079,-49.69238,156.23143,35.321011,-81.306298,111.242905,23.174395,-15.941595,110.926941,50.38804900196518,25.928472432418136,-2.3350166472850895,56.66781418850661
189.525177,31.067703,-45.410728,156.070862,46.193942,-73.323729,114.335106,27.915391,-14.403357,111.220154,46.41508408030609,34.23705610951041,-1.2839379812724867,57.676130602075304
189.650411,36.377774,-39.830084,154.671783,54.324084,-64.288707,115.092674,33.825661,-10.063121,110.650589,42.40119296677379,44.56173243688612,-11.171718542889712,61.511049111376856
189.775377,40.437147,-32.823967,153.757858,59.278542,-56.972956,113.012161,40.609603,-5.414208,108.745285,32.483819598930765,56.064185458444406,-7.3133892418738045,64.79499538432523
189.900673,44.6137,-26.256495,154.772491,63.564763,-50.955228,112.583649,45.272559,-2.876809,108.97982,33.33349029497614,52.41565572722953,8.097888200739378,62.11700685448968
190.026113,49.53284,-22.510703,154.838104,68.435112,-45.47439,111.81852,50.342854,-2.368931,106.889977,39.21508290816402,29.861224489796513,0.5230628188774402,49.29011519081895
190.151284,53.759566,-21.862362,156.06955,71.305897,-38.889305,103.189407,55.14664,-5.625533,100.094818,33.767613904180536,5.179642249403029,9.838109466250637,34.16255907588902
190.276769,55.06454,-24.448945,158.2845,70.442256,-36.277973,88.479836,56.334685,-11.382216,86.131927,10.399442164402327,-20.61268677531216,17.65111367892623,23.087469619425118
190.402414,56.88074,-27.808788,164.076019,68.789041,-35.992713,84.3545,53.090579,-19.846513,80.233566,14.455012137372151,-26.74076166978572,46.09430538422048,30.39762672597743
190.528064,59.626651,-32.384131,167.15799,74.414446,-33.887228,85.779228,58.152097,-13.723698,84.718971,21.853649025068353,-36.41339434938104,24.52822124950123,42.4678379924668
190.654291,63.525784,-33.831424,167.640549,78.958419,-31.720158,84.496429,58.288072,-10.778155,85.167763,30.88984923986149,-11.465795748928524,3.822945962432604,32.94916172253126
190.77968,69.56571,-30.653043,165.871643,80.633422,-28.121548,83.606598,58.148662,-10.501104,82.273392,48.16950450198491,25.348164512035968,-14.10734593943495,54.43188962452052
190.904533,75.014164,-23.080168,162.482498,78.677057,-23.677124,82.650551,61.428543,-6.64219,82.379913,43.638951406863804,60.654329491494984,-27.145082617163705,74.72152143762504
191.029719,76.421838,-12.30885,157.883957,83.046315,-15.739636,82.689529,66.010267,1.069683,82.801208,11.244659945999134,86.04251274103201,-36.73366830156315,86.77416882973765
191.154525,77.317788,-1.432453,156.316376,93.426815,-6.449509,89.390633,72.560744,10.40508,85.278931,7.178741406662753,87.14642725509528,-12.560141339358164,87.4416040081113
191.279273,82.832652,6.931133,155.250839,101.101351,0.657481,95.616493,81.541164,18.853808,87.777069,44.20803539937133,67.0438483983805,-8.541515695643433,80.30708562721658
191.404538,90.474906,13.044584,153.475403,105.435659,7.50599,92.577789,90.222293,26.342128,88.858772,61.00869356962608,48.80414321637619,-14.173440306548743,78.12749251164466
191.529177,97.911921,17.074329,151.748062,109.982205,16.210858,89.176788,94.567855,31.783737,91.057999,59.66844246182885,32.33133288938402,-13.858752075995223,67.86485181759956
191.654288,103.785095,21.704025,152.559998,114.80161,26.513297,93.496216,92.52082,36.582368,94.722435,46.94370598908014,37.00470781945517,6.489725124089626,59.77507785684971
191.778906,108.274352,27.393987,152.652496,118.239979,35.970053,97.880211,87.147049,44.84182,98.957291,36.024145789533314,45.659230608740984,0.7422523230994525,58.15930209044586
191.904246,109.442497,33.353582,151.334091,119.315891,42.876961,97.77932,86.552037,51.65735,100.859535,9.319810116483673,47.547430987715636,-10.518629328227806,48.45221413040783
192.029308,106.846418,40.353736,150.924103,118.014075,48.906284,97.168846,89.233411,57.695495,99.834084,-20.758335865413176,55.973469159303406,-3.2782779741252,59.698724924648
