254.741414,74.636666,52.463134,159.378708,77.002133,77.303948,80.666763,98.394463,45.691834,79.409843,0.00,0.00,0.00,0.00,0.00,0.00,0.00,0.00,0.00,0.00,0.00,0.00
254.866831,68.387268,43.438724,160.601013,76.936413,77.5793,80.510498,91.522058,35.334793,81.261322,0.00,0.00,0.00,0.00,0.00,0.00,0.00,0.00,0.00,0.00,0.00,0.00
254.99203,62.242773,33.973961,161.400269,77.372598,78.162134,80.166176,83.692839,24.440212,83.879532,0.00,0.00,0.00,0.00,0.00,0.00,0.00,0.00,0.00,0.00,0.00,0.00
255.117267,56.742198,24.130636,161.398697,34.125659,30.813821,81.834541,77.143303,14.109616,85.116798,0.00,0.00,0.00,0.00,0.00,0.00,0.00,0.00,0.00,0.00,0.00,0.00
255.242996,51.227166,13.577615,160.13559,27.405844,19.757435,81.008591,70.695939,3.040793,84.893333,0.00,0.00,0.00,0.00,0.00,0.00,0.00,0.00,0.00,0.00,0.00,0.00
255.368176,45.331338,2.529018,159.781219,23.030406,11.524184,79.776848,62.733326,-9.634345,84.889229,0.00,0.00,0.00,0.00,0.00,0.00,0.00,0.00,0.00,0.00,0.00,0.00
255.493732,39.507689,-9.056168,161.035141,19.522406,3.016238,80.11702,53.080442,-22.80979,85.531456,0.00,0.00,0.00,0.00,0.00,0.00,0.00,0.00,0.00,0.00,0.00,0.00
255.619037,32.610884,-20.298824,161.551483,13.057341,-6.68447,81.039772,41.40692,-34.376326,88.243675,0.00,0.00,0.00,0.00,0.00,0.00,0.00,0.00,0.00,0.00,0.00,0.00
255.744218,24.494175,-31.153225,160.692154,3.488635,-18.421358,80.953659,29.045617,-46.28251,89.266861,0.00,0.00,0.00,0.00,0.00,0.00,0.00,0.00,0.00,0.00,0.00,0.00
255.869717,15.86632,-42.463035,159.375732,-7.127583,-33.108473,81.047523,17.673072,-58.448868,90.308884,0.00,0.00,0.00,0.00,0.00,0.00,0.00,0.00,0.00,0.00,0.00,0.00
255.994806,7.597614,-54.376513,161.625809,-17.080743,-50.110106,84.429802,9.157431,-70.046851,92.2733,0.00,0.00,0.00,0.00,0.00,0.00,0.00,0.00,0.00,0.00,0.00,0.00
256.12043,0.841021,-66.657225,163.241226,-24.930123,-68.153476,88.162125,4.769606,-82.694609,93.797623,0.00,0.00,0.00,0.00,0.00,0.00,0.00,0.00,0.00,0.00,0.00,0.00
256.245713,-4.54835,-79.707829,162.366867,-30.679614,-86.668751,88.985847,2.26706,-96.65473,92.830406,0.00,0.00,0.00,0.00,0.00,0.00,0.00,0.00,0.00,0.00,0.00,0.00
256.370896,-9.47444,-93.460886,161.27356,-34.615108,-102.93167,89.918694,-1.190092,-110.955316,91.310478,0.00,0.00,0.00,0.00,0.00,0.00,0.00,0.00,0.00,0.00,0.00,0.00
256.496215,-13.46754,-107.258984,162.869064,-37.761465,-116.392472,92.202248,-5.698558,-126.81374,93.048805,0.00,0.00,0.00,0.00,0.00,0.00,0.00,0.00,0.00,0.00,0.00,0.00
256.62155,-17.600569,-120.848176,164.14502,-43.075993,-129.284941,94.801117,-10.851888,-141.992937,96.398575,0.00,0.00,0.00,0.00,0.00,0.00,0.00,0.00,0.00,0.00,0.00,0.00
256.746721,-22.448435,-134.049652,162.739227,-49.867275,-143.800004,95.456726,-16.169821,-156.628265,96.313118,0.00,0.00,0.00,0.00,0.00,0.00,0.00,0.00,0.00,0.00,0.00,0.00
256.872146,-27.459777,-147.38215,160.878799,-55.97484,-161.178292,96.238914,-20.385282,-170.191863,95.055885,0.00,0.00,0.00,0.00,0.00,0.00,0.00,0.00,0.00,0.00,0.00,0.00
256.997136,-32.18994,-160.371798,162.10141,-60.879464,-180.796456,100.468582,-24.021967,-182.222534,95.55201,0.00,0.00,0.00,0.00,0.00,0.00,0.00,0.00,0.00,0.00,0.00,0.00
257.122941,-36.267159,-172.931097,163.362656,-63.635757,-199.633285,107.337135,-26.516482,-192.712013,97.508698,0.00,0.00,0.00,0.00,0.00,0.00,0.00,0.00,0.00,0.00,0.00,0.00
257.248034,-39.700264,-184.896874,162.169312,-64.850356,-214.011479,110.050232,-31.358554,-206.989203,99.420822,0.00,0.00,0.00,0.00,0.00,0.00,0.00,0.00,0.00,0.00,0.00,0.00
257.373544,-43.341056,-195.968743,161.115082,-66.833343,-222.114185,107.485954,-40.939189,-227.754807,106.394928,0.00,0.00,0.00,0.00,0.00,0.00,0.00,0.00,0.00,0.00,0.00,0.00
257.498807,-47.014858,-206.035047,162.267471,-69.889297,-227.32843,104.84726,-53.432371,-247.998441,117.226639,0.00,0.00,0.00,0.00,0.00,0.00,0.00,0.00,0.00,0.00,0.00,0.00
257.623457,-51.095841,-214.884167,163.07814,-72.757107,-229.227386,102.842117,-65.013627,-263.831876,125.970894,0.00,0.00,0.00,0.00,0.00,0.00,0.00,0.00,0.00,0.00,0.00,0.00
257.7491,-55.649417,-222.27984,162.73053,-76.079766,-231.045404,100.172653,-73.036285,-274.188776,130.547226,0.00,0.00,0.00,0.00,0.00,0.00,0.00,0.00,0.00,0.00,0.00,0.00
257.87406,-60.270253,-228.054612,163.051682,-79.755156,-235.498737,99.834328,-76.878308,-279.316856,132.758194,0.00,0.00,0.00,0.00,0.00,0.00,0.00,0.00,0.00,0.00,0.00,0.00
257.999127,-63.565932,-232.440967,163.62973,-81.855591,-240.879067,102.038765,-77.378983,-281.80543,132.736511,0.00,0.00,0.00,0.00,0.00,0.00,0.00,0.00,0.00,0.00,0.00,0.00
258.124549,-64.550154,-235.579825,163.531647,-81.893671,-245.992791,102.934814,-77.139003,-281.343013,132.7388,0.00,0.00,0.00,0.00,0.00,0.00,0.00,0.00,0.00,0.00,0.00,0.00
258.249857,-62.47453,-238.480069,163.148819,-78.634978,-251.173244,101.711327,-71.731614,-273.89361,129.738228,0.00,0.00,0.00,0.00,0.00,0.00,0.00,0.00,0.00,0.00,0.00,0.00
258.375607,-58.094485,-240.732289,162.597519,-71.499306,-255.00769,100.121841,-59.627761,-266.343837,122.473648,0.00,0.00,0.00,0.00,0.00,0.00,0.00,0.00,0.00,0.00,0.00,0.00
258.500928,-51.537517,-242.032226,161.536728,-61.6113,-257.376776,98.106842,-45.908375,-259.954597,115.389946,0.00,0.00,0.00,0.00,0.00,0.00,0.00,0.00,0.00,0.00,0.00,0.00
258.625768,-42.754707,-242.21469,160.394226,-48.265807,-258.771891,96.337692,-31.672146,-252.961847,109.313042,0.00,0.00,0.00,0.00,0.00,0.00,0.00,0.00,0.00,0.00,0.00,0.00
258.751725,-32.662588,-241.79134,159.775909,-32.394311,-258.705889,95.343842,-17.965648,-245.712521,105.57,0.00,0.00,0.00,0.00,0.00,0.00,0.00,0.00,0.00,0.00,0.00,0.00
258.877219,-21.863012,-240.784621,160.4254,-14.54718,-257.15764,94.966461,-5.161864,-239.452513,104.415817,0.00,0.00,0.00,0.00,0.00,0.00,0.00,0.00,0.00,0.00,0.00,0.00
259.002518,-10.118813,-240.068813,161.583862,1.287313,-254.783391,97.735245,8.243496,-235.374229,105.073944,0.00,0.00,0.00,0.00,0.00,0.00,0.00,0.00,0.00,0.00,0.00,0.00
259.12813,2.619388,-239.843968,161.919495,14.22784,-255.260048,97.939384,22.434604,-233.280673,106.344582,0.00,0.00,0.00,0.00,0.00,0.00,0.00,0.00,0.00,0.00,0.00,0.00
259.253071,16.150923,-239.980892,160.489807,30.121923,-258.463843,92.6614,38.049188,-232.302128,106.665199,0.00,0.00,0.00,0.00,0.00,0.00,0.00,0.00,0.00,0.00,0.00,0.00
259.378409,30.331136,-239.959344,159.794662,49.171485,-259.411697,92.613441,53.344152,-230.598219,106.395294,0.00,0.00,0.00,0.00,0.00,0.00,0.00,0.00,0.00,0.00,0.00,0.00
259.504031,44.743911,-238.506298,162.599396,46.181982,-260.404323,92.350853,65.149594,-226.366222,108.266823,0.00,0.00,0.00,0.00,0.00,0.00,0.00,0.00,0.00,0.00,0.00,0.00
259.629125,58.655113,-235.38522,163.214188,84.643168,-246.93929,102.239708,74.965994,-218.147645,107.823181,0.00,0.00,0.00,0.00,0.00,0.00,0.00,0.00,0.00,0.00,0.00,0.00
259.754466,72.056041,-230.940249,161.396393,99.40251,-238.03549,101.427734,85.757122,-208.941489,105.403656,0.00,0.00,0.00,0.00,0.00,0.00,0.00,0.00,0.00,0.00,0.00,0.00
259.879674,84.479433,-225.520212,160.770782,111.286471,-230.519143,101.234528,99.807677,-200.538266,107.44043,0.00,0.00,0.00,0.00,0.00,0.00,0.00,0.00,0.00,0.00,0.00,0.00
260.004937,96.018379,-219.412667,162.422043,121.790765,-224.846726,101.424622,115.892825,-193.588629,110.851753,0.00,0.00,0.00,0.00,0.00,0.00,0.00,0.00,0.00,0.00,0.00,0.00
260.116542,106.138334,-214.401767,163.145218,131.862957,-220.737815,102.318573,130.632647,-188.088777,114.061882,0.00,0.00,0.00,0.00,0.00,0.00,0.00,0.00,0.00,0.00,0.00,0.00
260.241709,117.239204,-208.663028,161.794357,143.872866,-215.039817,100.744118,146.46998,-180.012366,117.112167,0.00,0.00,0.00,0.00,0.00,0.00,0.00,0.00,0.00,0.00,0.00,0.00
260.367257,127.761599,-202.731872,161.097931,154.395121,-208.212787,100.098244,160.570888,-171.500552,120.231071,0.00,0.00,0.00,0.00,0.00,0.00,0.00,0.00,0.00,0.00,0.00,0.00
260.492383,137.170075,-196.856137,162.332245,162.156293,-202.608761,101.850098,174.176522,-163.944843,123.579567,0.00,0.00,0.00,0.00,0.00,0.00,0.00,0.00,0.00,0.00,0.00,0.00
260.61794,144.96033,-190.590186,163.227829,166.593626,-199.150347,102.612801,186.228349,-156.24926,127.121277,0.00,0.00,0.00,0.00,0.00,0.00,0.00,0.00,0.00,0.00,0.00,0.00
260.743027,151.200914,-184.29713,162.834366,169.116364,-196.926269,101.44046,196.092211,-149.369174,130.517937,0.00,0.00,0.00,0.00,0.00,0.00,0.00,0.00,0.00,0.00,0.00,0.00
260.86791,155.852211,-178.447285,163.526474,169.543579,-193.802745,101.393135,203.528567,-145.835515,132.188126,0.00,0.00,0.00,0.00,0.00,0.00,0.00,0.00,0.00,0.00,0.00,0.00
260.992821,159.042548,-174.303731,164.22168,169.244294,-190.257901,102.200806,205.512806,-144.328587,131.575874,0.00,0.00,0.00,0.00,0.00,0.00,0.00,0.00,0.00,0.00,0.00,0.00
261.118131,160.768886,-173.053219,164.354034,168.839898,-188.734892,103.109222,205.053689,-144.001308,130.966545,0.00,0.00,0.00,0.00,0.00,0.00,0.00,0.00,0.00,0.00,0.00,0.00
261.243602,158.773979,-176.243585,164.002182,166.533884,-189.322711,103.471573,199.596142,-148.513619,129.414276,0.00,0.00,0.00,0.00,0.00,0.00,0.00,0.00,0.00,0.00,0.00,0.00
261.369433,153.51075,-179.355916,162.887268,160.570652,-191.672353,103.085114,192.175444,-161.11558,125.415344,0.00,0.00,0.00,0.00,0.00,0.00,0.00,0.00,0.00,0.00,0.00,0.00
261.494687,149.168788,-181.877357,162.191727,152.999834,-193.990737,103.015594,184.013633,-178.534614,120.236259,0.00,0.00,0.00,0.00,0.00,0.00,0.00,0.00,0.00,0.00,0.00,0.00
261.617835,143.69863,-185.843982,161.664047,144.785885,-197.392208,102.005989,169.203813,-195.480188,116.531471,0.00,0.00,0.00,0.00,0.00,0.00,0.00,0.00,0.00,0.00,0.00,0.00
261.743644,136.58507,-191.263712,160.927139,134.250631,-202.242687,101.120384,152.638105,-207.234383,112.70472,0.00,0.00,0.00,0.00,0.00,0.00,0.00,0.00,0.00,0.00,0.00,0.00
261.869799,128.406874,-197.697541,160.790985,120.583259,-207.931791,101.686966,136.566453,-217.478624,111.407249,0.00,0.00,0.00,0.00,0.00,0.00,0.00,0.00,0.00,0.00,0.00,0.00
261.995134,120.005004,-204.126949,161.933655,107.200471,-212.713386,103.024544,121.999876,-225.500898,111.973114,0.00,0.00,0.00,0.00,0.00,0.00,0.00,0.00,0.00,0.00,0.00,0.00
262.120883,110.88113,-210.943734,162.57222,96.027547,-216.349606,103.372429,112.065431,-229.910085,109.901627,0.00,0.00,0.00,0.00,0.00,0.00,0.00,0.00,0.00,0.00,0.00,0.00
262.246102,101.549441,-217.961974,161.437393,85.186444,-222.265822,102.740265,100.393256,-237.862056,107.812386,0.00,0.00,0.00,0.00,0.00,0.00,0.00,0.00,0.00,0.00,0.00,0.00
262.371545,91.822176,-224.903325,159.166107,72.52359,-230.600027,101.731544,88.688423,-247.057084,106.875389,0.00,0.00,0.00,0.00,0.00,0.00,0.00,0.00,0.00,0.00,0.00,0.00
262.496979,82.156363,-230.55322,160.014389,59.019281,-236.775284,104.102684,73.259067,-254.555177,107.655495,0.00,0.00,0.00,0.00,0.00,0.00,0.00,0.00,0.00,0.00,0.00,0.00
262.622213,71.756181,-234.194398,161.760574,42.136213,-242.396363,111.82045,61.063274,-256.552364,112.739868,0.00,0.00,0.00,0.00,0.00,0.00,0.00,0.00,0.00,0.00,0.00,0.00
262.747465,61.120197,-236.714587,161.292511,23.156528,-249.771103,118.74794,52.025677,-257.198777,113.572777,0.00,0.00,0.00,0.00,0.00,0.00,0.00,0.00,0.00,0.00,0.00,0.00
262.872529,49.616692,-238.871434,159.887268,6.087053,-261.935288,126.278358,46.30944,-258.52583,110.901917,0.00,0.00,0.00,0.00,0.00,0.00,0.00,0.00,0.00,0.00,0.00,0.00
262.997965,38.717887,-240.632923,160.621353,-3.845745,-271.554349,132.463608,42.101312,-257.930311,108.472824,0.00,0.00,0.00,0.00,0.00,0.00,0.00,0.00,0.00,0.00,0.00,0.00
263.123658,31.281945,-242.026402,161.97374,-9.112558,-277.31796,133.306625,37.987723,-255.324767,109.069939,0.00,0.00,0.00,0.00,0.00,0.00,0.00,0.00,0.00,0.00,0.00,0.00
263.249079,26.674961,-243.100976,162.572266,-10.166556,-278.71343,132.505753,35.25333,-253.57956,110.500496,0.00,0.00,0.00,0.00,0.00,0.00,0.00,0.00,0.00,0.00,0.00,0.00
263.374357,25.332216,-244.491039,162.51062,-8.818063,-277.218839,131.352142,35.332477,-253.971296,109.944275,0.00,0.00,0.00,0.00,0.00,0.00,0.00,0.00,0.00,0.00,0.00,0.00
263.499438,28.501445,-245.992702,161.732941,0.811998,-270.95966,126.029709,37.440164,-252.338618,109.672028,0.00,0.00,0.00,0.00,0.00,0.00,0.00,0.00,0.00,0.00,0.00,0.00
263.625029,34.80381,-245.722924,160.041031,16.561369,-265.718732,117.972069,42.215021,-250.494021,109.768036,0.00,0.00,0.00,0.00,0.00,0.00,0.00,0.00,0.00,0.00,0.00,0.00
263.750245,42.632822,-243.566773,158.78981,32.120802,-262.566715,109.401268,50.79135,-246.901363,109.526314,0.00,0.00,0.00,0.00,0.00,0.00,0.00,0.00,0.00,0.00,0.00,0.00
263.875225,51.7908,-240.557687,157.414078,47.023295,-259.552203,103.88945,61.210097,-240.893904,107.59446,0.00,0.00,0.00,0.00,0.00,0.00,0.00,0.00,0.00,0.00,0.00,0.00
264.000708,61.821542,-236.441578,157.6483,63.740682,-255.425806,101.719704,73.48103,-232.760092,105.638588,0.00,0.00,0.00,0.00,0.00,0.00,0.00,0.00,0.00,0.00,0.00,0.00
264.126096,71.214089,-231.769916,158.753998,79.27088,-247.544174,102.986763,82.758701,-224.544062,106.463364,0.00,0.00,0.00,0.00,0.00,0.00,0.00,0.00,0.00,0.00,0.00,0.00
264.251444,79.759915,-226.696219,160.26767,91.436536,-239.644242,103.958565,89.03823,-217.165057,107.969917,0.00,0.00,0.00,0.00,0.00,0.00,0.00,0.00,0.00,0.00,0.00,0.00
264.37633,87.76613,-220.586715,160.07373,103.23734,-231.800677,101.850266,94.464799,-209.59673,107.596222,0.00,0.00,0.00,0.00,0.00,0.00,0.00,0.00,0.00,0.00,0.00,0.00
264.50143,95.674446,-213.734195,158.606583,114.763815,-221.876192,101.471153,99.66593,-201.589805,105.267799,0.00,0.00,0.00,0.00,0.00,0.00,0.00,0.00,0.00,0.00,0.00,0.00
264.626918,103.080979,-205.052509,159.540604,124.890854,-210.209323,98.901619,104.934823,-193.893254,105.618431,0.00,0.00,0.00,0.00,0.00,0.00,0.00,0.00,0.00,0.00,0.00,0.00
264.752097,109.153759,-194.905776,160.230072,129.601298,-195.98027,99.620628,107.341868,-185.57276,105.86837,0.00,0.00,0.00,0.00,0.00,0.00,0.00,0.00,0.00,0.00,0.00,0.00
264.877309,114.395044,-183.625354,158.315262,133.836374,-180.272897,95.972931,109.343393,-174.530445,102.545647,0.00,0.00,0.00,0.00,0.00,0.00,0.00,0.00,0.00,0.00,0.00,0.00
265.003018,118.024071,-170.955507,157.063385,136.180203,-163.530049,94.900841,110.667977,-159.350228,101.481857,0.00,0.00,0.00,0.00,0.00,0.00,0.00,0.00,0.00,0.00,0.00,0.00
265.128065,120.911613,-157.848961,159.287811,138.211088,-148.061411,97.353706,112.83219,-142.208388,104.492737,0.00,0.00,0.00,0.00,0.00,0.00,0.00,0.00,0.00,0.00,0.00,0.00
265.253547,123.877086,-145.233617,161.64801,140.575424,-135.932626,100.44606,117.214514,-125.563006,108.546013,0.00,0.00,0.00,0.00,0.00,0.00,0.00,0.00,0.00,0.00,0.00,0.00
265.378899,126.856914,-132.518726,161.065765,143.321479,-123.517479,100.259811,123.487553,-107.931935,110.86821,0.00,0.00,0.00,0.00,0.00,0.00,0.00,0.00,0.00,0.00,0.00,0.00
265.504514,130.390223,-119.714984,158.982498,146.71451,-109.786189,99.24572,130.748257,-90.442518,112.843948,0.00,0.00,0.00,0.00,0.00,0.00,0.00,0.00,0.00,0.00,0.00,0.00
265.629858,134.66794,-107.06119,158.868576,151.096677,-96.30376,101.255455,139.813814,-73.140864,115.607239,0.00,0.00,0.00,0.00,0.00,0.00,0.00,0.00,0.00,0.00,0.00,0.00
265.741342,137.813027,-95.975337,160.562302,154.967018,-88.246227,104.008835,149.275763,-59.191904,117.320038,0.00,0.00,0.00,0.00,0.00,0.00,0.00,0.00,0.00,0.00,0.00,0.00
265.866411,141.397901,-84.952516,162.43222,158.271305,-83.417359,105.76413,160.813462,-44.527338,119.363434,0.00,0.00,0.00,0.00,0.00,0.00,0.00,0.00,0.00,0.00,0.00,0.00
265.991925,145.725664,-74.533911,162.085052,159.540531,-79.368044,105.734451,174.28638,-30.298107,121.1744,0.00,0.00,0.00,0.00,0.00,0.00,0.00,0.00,0.00,0.00,0.00,0.00
266.117514,150.152955,-64.548495,161.516068,160.039627,-74.81161,104.669373,187.701306,-17.968201,122.10862,0.00,0.00,0.00,0.00,0.00,0.00,0.00,0.00,0.00,0.00,0.00,0.00
266.242496,154.626534,-55.496896,162.730347,158.863561,-68.649115,105.130524,197.633422,-11.410944,123.309296,0.00,0.00,0.00,0.00,0.00,0.00,0.00,0.00,0.00,0.00,0.00,0.00
266.368213,158.086443,-48.330868,164.088715,158.454108,-64.08803,108.385994,202.526642,-8.290415,123.731155,0.00,0.00,0.00,0.00,0.00,0.00,0.00,0.00,0.00,0.00,0.00,0.00
266.493343,160.170178,-43.632218,164.306854,157.685109,-60.65231,110.062683,203.18131,-6.821683,123.232086,0.00,0.00,0.00,0.00,0.00,0.00,0.00,0.00,0.00,0.00,0.00,0.00
266.61878,161.32134,-43.779063,163.711548,155.459548,-58.804659,111.123993,201.07393,-7.765944,123.27565,0.00,0.00,0.00,0.00,0.00,0.00,0.00,0.00,0.00,0.00,0.00,0.00
266.744073,159.272861,-47.038768,161.688721,151.238212,-57.734792,112.230995,196.360369,-17.043491,123.021484,0.00,0.00,0.00,0.00,0.00,0.00,0.00,0.00,0.00,0.00,0.00,0.00
266.869166,153.661535,-48.998498,160.040024,147.974387,-55.994069,105.844467,191.388907,-31.526281,118.45118,0.00,0.00,0.00,0.00,0.00,0.00,0.00,0.00,0.00,0.00,0.00,0.00
266.994035,146.980767,-49.143329,159.4935,139.791342,-54.676411,105.720467,181.344505,-45.050741,115.55777,0.00,0.00,0.00,0.00,0.00,0.00,0.00,0.00,0.00,0.00,0.00,0.00
267.1196,136.7609,-48.095484,159.997162,130.541545,-52.23138,105.419739,165.079586,-52.757959,113.721687,0.00,0.00,0.00,0.00,0.00,0.00,0.00,0.00,0.00,0.00,0.00,0.00
267.244751,124.329528,-45.819334,160.211456,119.279651,-48.476426,104.476181,145.046037,-56.033428,112.278122,0.00,0.00,0.00,0.00,0.00,0.00,0.00,0.00,0.00,0.00,0.00,0.00
267.370147,110.880765,-42.943381,160.230103,105.605252,-45.373676,103.10759,125.692405,-55.117957,111.41346,0.00,0.00,0.00,0.00,0.00,0.00,0.00,0.00,0.00,0.00,0.00,0.00
267.495546,98.303156,-40.302428,160.100677,89.580282,-41.900136,102.997238,110.160575,-53.898953,109.207123,0.00,0.00,0.00,0.00,0.00,0.00,0.00,0.00,0.00,0.00,0.00,0.00
267.620849,87.340128,-39.964338,161.230118,75.699521,-36.925432,103.906418,96.723551,-53.241359,108.563728,0.00,0.00,0.00,0.00,0.00,0.00,0.00,0.00,0.00,0.00,0.00,0.00
267.74609,75.395157,-40.643797,160.482361,62.645788,-35.018813,103.518379,83.913534,-53.816826,107.244331,0.00,0.00,0.00,0.00,0.00,0.00,0.00,0.00,0.00,0.00,0.00,0.00
267.871294,63.295685,-42.875546,158.808716,48.992436,-34.756732,102.938766,70.306953,-55.447296,104.548111,0.00,0.00,0.00,0.00,0.00,0.00,0.00,0.00,0.00,0.00,0.00,0.00
267.996678,50.643128,-46.348012,157.701691,33.051202,-35.129477,103.702408,61.7142,-57.996443,104.886688,0.00,0.00,0.00,0.00,0.00,0.00,0.00,0.00,0.00,0.00,0.00,0.00
268.12188,37.882884,-50.057611,159.540009,18.026912,-35.698571,106.341331,42.890747,-64.960101,107.685806,0.00,0.00,0.00,0.00,0.00,0.00,0.00,0.00,0.00,0.00,0.00,0.00
268.247367,24.953876,-52.953548,161.390472,5.103726,-36.842562,108.361786,20.863292,-71.297929,114.037651,0.00,0.00,0.00,0.00,0.00,0.00,0.00,0.00,0.00,0.00,0.00,0.00
268.372648,12.432211,-55.642095,160.675674,-9.419456,-38.825945,107.530464,8.239399,-74.650258,114.38179,0.00,0.00,0.00,0.00,0.00,0.00,0.00,0.00,0.00,0.00,0.00,0.00
268.498335,0.187048,-58.437533,159.407257,-26.083803,-42.624014,106.844604,-3.345331,-78.919296,112.62191,0.00,0.00,0.00,0.00,0.00,0.00,0.00,0.00,0.00,0.00,0.00,0.00
268.623456,-11.953903,-61.548949,160.944946,-44.755369,-50.145924,109.989479,-13.848772,-83.540426,112.209572,0.00,0.00,0.00,0.00,0.00,0.00,0.00,0.00,0.00,0.00,0.00,0.00
268.749268,-23.52288,-65.329559,162.480881,-63.294105,-59.496666,115.592079,-22.495794,-88.15225,112.309807,0.00,0.00,0.00,0.00,0.00,0.00,0.00,0.00,0.00,0.00,0.00,0.00
268.874137,-33.664813,-69.428708,162.20195,-80.85882,-66.692907,120.429161,-31.126016,-93.717319,111.16993,0.00,0.00,0.00,0.00,0.00,0.00,0.00,0.00,0.00,0.00,0.00,0.00
268.999658,-42.585272,-73.539222,161.662598,-94.964171,-70.569435,124.602737,-41.108982,-99.353229,110.1026,0.00,0.00,0.00,0.00,0.00,0.00,0.00,0.00,0.00,0.00,0.00,0.00
269.124932,-51.381374,-77.602083,163.112045,-108.573748,-72.58357,127.714676,-50.396467,-103.311447,111.473816,0.00,0.00,0.00,0.00,0.00,0.00,0.00,0.00,0.00,0.00,0.00,0.00
269.25062,-60.299089,-80.495914,164.339432,-120.88209,-73.160139,130.140739,-57.402257,-105.290015,112.174225,0.00,0.00,0.00,0.00,0.00,0.00,0.00,0.00,0.00,0.00,0.00,0.00
269.375942,-69.311329,-82.636258,164.190231,-133.220639,-73.599762,130.499649,-61.803292,-106.585924,111.091484,0.00,0.00,0.00,0.00,0.00,0.00,0.00,0.00,0.00,0.00,0.00,0.00
269.501083,-77.523574,-84.304778,164.461212,-141.958765,-74.949873,129.872314,-65.529704,-107.074772,110.638626,0.00,0.00,0.00,0.00,0.00,0.00,0.00,0.00,0.00,0.00,0.00,0.00
269.626642,-82.98342,-85.944913,164.232559,-146.684688,-75.69205,129.57988,-69.019028,-108.014197,111.03508,0.00,0.00,0.00,0.00,0.00,0.00,0.00,0.00,0.00,0.00,0.00,0.00
269.751916,-86.194948,-87.394263,164.087234,-148.139727,-75.953098,128.840691,-70.738125,-108.788668,111.374321,0.00,0.00,0.00,0.00,0.00,0.00,0.00,0.00,0.00,0.00,0.00,0.00
269.877448,-87.265065,-89.401432,164.01265,-147.638567,-77.090282,127.994865,-70.060916,-108.633934,111.114555,0.00,0.00,0.00,0.00,0.00,0.00,0.00,0.00,0.00,0.00,0.00,0.00
270.002696,-85.670454,-94.135483,163.301941,-142.217929,-80.474259,126.759964,-61.275619,-104.635041,109.96666,0.00,0.00,0.00,0.00,0.00,0.00,0.00,0.00,0.00,0.00,0.00,0.00
270.127748,-81.894597,-100.319407,162.761444,-128.173965,-91.255369,120.321709,-53.798496,-96.632734,109.176857,0.00,0.00,0.00,0.00,0.00,0.00,0.00,0.00,0.00,0.00,0.00,0.00
270.25267,-77.630231,-106.733089,161.920532,-108.664513,-104.813,111.871498,-51.555727,-94.335849,108.158798,0.00,0.00,0.00,0.00,0.00,0.00,0.00,0.00,0.00,0.00,0.00,0.00
270.378039,-72.634041,-114.424775,160.904892,-86.777117,-118.680348,105.651855,-58.977571,-127.364976,108.737404,0.00,0.00,0.00,0.00,0.00,0.00,0.00,0.00,0.00,0.00,0.00,0.00
270.503129,-66.705424,-123.436232,159.678711,-70.65912,-130.502052,105.037178,-52.698802,-136.606634,108.103561,0.00,0.00,0.00,0.00,0.00,0.00,0.00,0.00,0.00,0.00,0.00,0.00
270.628409,-60.492567,-133.067341,160.68309,-62.305884,-141.911875,106.539131,-44.220249,-146.407994,106.018036,0.00,0.00,0.00,0.00,0.00,0.00,0.00,0.00,0.00,0.00,0.00,0.00
270.753946,-56.095301,-142.816844,162.223129,-59.673873,-153.635643,109.630409,-38.660491,-155.250885,106.717079,0.00,0.00,0.00,0.00,0.00,0.00,0.00,0.00,0.00,0.00,0.00,0.00
270.879234,-53.605419,-152.704242,161.89592,-64.210163,-169.854208,108.380608,-35.912937,-164.314741,105.764084,0.00,0.00,0.00,0.00,0.00,0.00,0.00,0.00,0.00,0.00,0.00,0.00
271.004489,-53.059838,-163.350141,160.161377,-69.167202,-188.164691,109.637718,-34.592299,-173.585361,104.285957,0.00,0.00,0.00,0.00,0.00,0.00,0.00,0.00,0.00,0.00,0.00,0.00
271.129847,-54.169359,-175.080716,158.160904,-72.254212,-209.543029,113.418091,-35.099991,-185.906202,101.088821,0.00,0.00,0.00,0.00,0.00,0.00,0.00,0.00,0.00,0.00,0.00,0.00
271.241423,-55.998487,-186.048628,157.683716,-74.940391,-231.428391,117.429245,-37.111261,-199.468534,99.119514,0.00,0.00,0.00,0.00,0.00,0.00,0.00,0.00,0.00,0.00,0.00,0.00
271.366896,-57.892382,-198.014354,160.99913,-75.909201,-252.431817,125.145538,-38.408587,-209.902488,101.487846,0.00,0.00,0.00,0.00,0.00,0.00,0.00,0.00,0.00,0.00,0.00,0.00
271.492392,-59.334694,-207.875511,163.954697,-77.614448,-268.421952,129.378693,-35.152163,-215.036913,103.543968,0.00,0.00,0.00,0.00,0.00,0.00,0.00,0.00,0.00,0.00,0.00,0.00
271.617036,-60.005779,-214.848233,164.832596,-77.98389,-276.383881,130.617813,-32.32941,-218.548963,103.378899,0.00,0.00,0.00,0.00,0.00,0.00,0.00,0.00,0.00,0.00,0.00,0.00
271.742229,-59.934355,-219.539213,164.876282,-78.272635,-278.532534,131.027939,-30.099069,-221.463745,103.31073,0.00,0.00,0.00,0.00,0.00,0.00,0.00,0.00,0.00,0.00,0.00,0.00
271.867449,-58.662623,-222.571392,164.540344,-78.736725,-279.173149,130.567551,-26.7955,-224.345072,102.179543,0.00,0.00,0.00,0.00,0.00,0.00,0.00,0.00,0.00,0.00,0.00,0.00
271.99259,-54.746478,-225.056923,163.865265,-75.142472,-273.466301,127.833405,-22.095877,-226.805196,101.296074,0.00,0.00,0.00,0.00,0.00,0.00,0.00,0.00,0.00,0.00,0.00,0.00
272.117918,-48.095748,-226.857463,162.648682,-63.068334,-264.434877,119.246964,-25.750726,-229.920183,105.389908,0.00,0.00,0.00,0.00,0.00,0.00,0.00,0.00,0.00,0.00,0.00,0.00
272.243791,-39.928918,-228.728355,161.099075,-46.973715,-257.499634,106.828423,-24.577678,-231.694602,106.823929,0.00,0.00,0.00,0.00,0.00,0.00,0.00,0.00,0.00,0.00,0.00,0.00
272.369168,-29.410526,-230.09041,159.357544,-30.270983,-251.402154,98.866493,-13.823592,-230.88632,104.45713,0.00,0.00,0.00,0.00,0.00,0.00,0.00,0.00,0.00,0.00,0.00,0.00
272.494256,-16.526033,-230.035768,158.57692,-9.87873,-250.691332,98.218811,0.102806,-229.629661,102.924141,0.00,0.00,0.00,0.00,0.00,0.00,0.00,0.00,0.00,0.00,0.00,0.00
272.619688,-3.148014,-229.647216,159.59404,7.828188,-250.428925,101.398636,13.621628,-227.996631,103.973923,0.00,0.00,0.00,0.00,0.00,0.00,0.00,0.00,0.00,0.00,0.00,0.00
272.745098,9.630594,-228.752015,161.397751,22.072666,-249.687809,103.54361,24.360995,-223.782967,104.644386,0.00,0.00,0.00,0.00,0.00,0.00,0.00,0.00,0.00,0.00,0.00,0.00
272.870486,22.614286,-227.223438,160.293549,36.554303,-247.954801,102.473869,34.464791,-219.497642,102.874641,0.00,0.00,0.00,0.00,0.00,0.00,0.00,0.00,0.00,0.00,0.00,0.00
272.995474,36.940738,-226.384622,156.583481,52.660462,-245.493931,99.699287,47.754829,-216.789463,100.362015,0.00,0.00,0.00,0.00,0.00,0.00,0.00,0.00,0.00,0.00,0.00,0.00
273.120938,53.233359,-226.703775,154.411636,73.743617,-242.720594,98.80162,65.833466,-215.078171,99.907677,0.00,0.00,0.00,0.00,0.00,0.00,0.00,0.00,0.00,0.00,0.00,0.00
273.246275,68.686469,-225.826595,156.402771,86.238763,-240.44452,102.278206,83.047756,-211.744487,102.129669,0.00,0.00,0.00,0.00,0.00,0.00,0.00,0.00,0.00,0.00,0.00,0.00
273.371493,81.620852,-223.094086,160.204559,103.051569,-235.925158,105.456573,96.585675,-205.2506,105.448799,0.00,0.00,0.00,0.00,0.00,0.00,0.00,0.00,0.00,0.00,0.00,0.00
273.496661,93.473521,-218.920066,160.98848,111.801416,-232.244941,105.983788,112.820333,-197.419336,109.056702,0.00,0.00,0.00,0.00,0.00,0.00,0.00,0.00,0.00,0.00,0.00,0.00
273.621964,104.608764,-213.188809,159.907745,120.320782,-228.72625,104.480865,131.083069,-187.746956,113.728203,0.00,0.00,0.00,0.00,0.00,0.00,0.00,0.00,0.00,0.00,0.00,0.00
273.7473,116.17195,-205.858604,158.809616,131.526155,-223.665069,104.506035,153.850069,-173.649866,118.701248,0.00,0.00,0.00,0.00,0.00,0.00,0.00,0.00,0.00,0.00,0.00,0.00
273.873324,128.610348,-197.497626,159.497345,141.287895,-216.733777,104.135719,176.896453,-160.113436,122.875671,0.00,0.00,0.00,0.00,0.00,0.00,0.00,0.00,0.00,0.00,0.00,0.00
273.998537,139.12175,-190.368007,162.676147,146.83509,-211.100742,106.866188,191.855537,-151.306325,127.254814,0.00,0.00,0.00,0.00,0.00,0.00,0.00,0.00,0.00,0.00,0.00,0.00
274.124037,146.134294,-185.476627,163.284653,149.54407,-207.397198,108.258392,199.980749,-148.454941,130.514648,0.00,0.00,0.00,0.00,0.00,0.00,0.00,0.00,0.00,0.00,0.00,0.00
274.248396,150.010988,-183.272613,163.677155,150.912519,-204.105999,108.122459,203.412305,-148.085941,131.410416,0.00,0.00,0.00,0.00,0.00,0.00,0.00,0.00,0.00,0.00,0.00,0.00
274.373759,151.082475,-183.46728,163.81691,150.868518,-203.15842,108.251144,203.377761,-148.142983,131.117218,0.00,0.00,0.00,0.00,0.00,0.00,0.00,0.00,0.00,0.00,0.00,0.00
274.498815,148.733345,-187.196219,163.663239,148.881233,-206.877596,106.740814,200.704089,-149.200067,130.370811,0.00,0.00,0.00,0.00,0.00,0.00,0.00,0.00,0.00,0.00,0.00,0.00
274.624174,142.681983,-192.311738,162.804245,142.115362,-217.44588,106.919975,193.671962,-154.646348,123.887993,0.00,0.00,0.00,0.00,0.00,0.00,0.00,0.00,0.00,0.00,0.00,0.00
274.749985,135.990451,-196.548723,162.192596,137.919337,-215.206781,106.324524,184.62183,-169.636977,113.487793,0.00,0.00,0.00,0.00,0.00,0.00,0.00,0.00,0.00,0.00,0.00,0.00
274.875274,128.883239,-201.935324,161.703857,125.420961,-216.852247,106.358582,171.883923,-191.559759,105.804222,0.00,0.00,0.00,0.00,0.00,0.00,0.00,0.00,0.00,0.00,0.00,0.00
275.000634,119.942114,-208.535653,161.296326,110.871922,-224.858804,105.996735,153.954291,-215.097841,101.69754,0.00,0.00,0.00,0.00,0.00,0.00,0.00,0.00,0.00,0.00,0.00,0.00
275.125817,110.398116,-215.34338,161.710098,95.575616,-232.640863,106.847878,133.160404,-233.042209,102.655624,0.00,0.00,0.00,0.00,0.00,0.00,0.00,0.00,0.00,0.00,0.00,0.00
275.251122,102.292065,-221.537661,163.245728,79.656096,-237.624648,110.32534,115.1923,-244.76728,105.688263,0.00,0.00,0.00,0.00,0.00,0.00,0.00,0.00,0.00,0.00,0.00,0.00
275.376595,94.627243,-227.490524,163.405014,64.492941,-242.147641,112.029831,100.465012,-253.981624,107.684555,0.00,0.00,0.00,0.00,0.00,0.00,0.00,0.00,0.00,0.00,0.00,0.00
275.502057,86.754492,-233.620501,161.582581,47.818955,-248.622444,115.644745,87.72807,-254.936046,108.588387,0.00,0.00,0.00,0.00,0.00,0.00,0.00,0.00,0.00,0.00,0.00,0.00
275.627206,78.887537,-239.371507,160.307678,31.860102,-256.447272,121.498993,74.76744,-257.956638,114.772552,0.00,0.00,0.00,0.00,0.00,0.00,0.00,0.00,0.00,0.00,0.00,0.00
275.752914,70.108342,-243.561797,162.189575,18.06884,-263.080565,127.291603,62.428913,-260.201882,117.195297,0.00,0.00,0.00,0.00,0.00,0.00,0.00,0.00,0.00,0.00,0.00,0.00
275.87854,61.148527,-246.30597,163.222366,7.663249,-268.733106,130.528122,51.825223,-261.385557,120.268158,0.00,0.00,0.00,0.00,0.00,0.00,0.00,0.00,0.00,0.00,0.00,0.00
276.003839,52.847807,-247.879792,162.665909,-0.630609,-274.089919,130.651657,45.268019,-263.963291,121.828117,0.00,0.00,0.00,0.00,0.00,0.00,0.00,0.00,0.00,0.00,0.00,0.00
276.129277,44.900912,-248.536847,163.115387,-3.769694,-277.465909,129.869583,42.00209,-267.945622,120.221687,0.00,0.00,0.00,0.00,0.00,0.00,0.00,0.00,0.00,0.00,0.00,0.00
276.254717,37.674165,-248.44251,163.77652,-5.033708,-278.754326,129.329781,39.025849,-269.688058,121.328979,0.00,0.00,0.00,0.00,0.00,0.00,0.00,0.00,0.00,0.00,0.00,0.00
276.380096,32.493741,-248.409118,164.246094,-6.380445,-278.250983,128.34375,35.228168,-269.32087,120.772148,0.00,0.00,0.00,0.00,0.00,0.00,0.00,0.00,0.00,0.00,0.00,0.00
276.505068,32.15825,-249.769876,164.157776,-1.335032,-274.088565,125.373573,35.774336,-270.428439,119.919617,0.00,0.00,0.00,0.00,0.00,0.00,0.00,0.00,0.00,0.00,0.00,0.00
276.616268,35.664242,-251.24199,163.171341,8.032431,-270.042696,117.086952,42.875078,-273.007479,118.887489,0.00,0.00,0.00,0.00,0.00,0.00,0.00,0.00,0.00,0.00,0.00,0.00
276.74169,43.083397,-250.542535,161.473801,23.24726,-266.102114,106.931931,50.316925,-263.785775,115.395515,0.00,0.00,0.00,0.00,0.00,0.00,0.00,0.00,0.00,0.00,0.00,0.00
276.867309,52.247697,-248.140749,159.845337,39.904158,-263.932289,102.846207,59.279259,-251.030344,113.498451,0.00,0.00,0.00,0.00,0.00,0.00,0.00,0.00,0.00,0.00,0.00,0.00
276.992546,62.733981,-243.201805,158.39183,58.49767,-261.908973,101.305389,74.664124,-239.230306,109.73349,0.00,0.00,0.00,0.00,0.00,0.00,0.00,0.00,0.00,0.00,0.00,0.00
277.117432,73.064292,-236.819117,158.118393,77.376164,-255.058969,99.317451,85.519169,-227.417496,109.198059,0.00,0.00,0.00,0.00,0.00,0.00,0.00,0.00,0.00,0.00,0.00,0.00
277.242744,82.146569,-230.904223,159.605072,90.878304,-245.213319,100.934708,90.906569,-217.874154,110.281982,0.00,0.00,0.00,0.00,0.00,0.00,0.00,0.00,0.00,0.00,0.00,0.00
277.367884,90.137511,-224.978883,161.563599,100.351544,-236.438634,100.772041,93.129552,-210.254913,111.738899,0.00,0.00,0.00,0.00,0.00,0.00,0.00,0.00,0.00,0.00,0.00,0.00
277.492714,97.392785,-218.546091,161.102112,109.316858,-225.658436,97.374191,95.360852,-203.550316,111.597519,0.00,0.00,0.00,0.00,0.00,0.00,0.00,0.00,0.00,0.00,0.00,0.00
277.617786,105.432451,-211.046128,159.599396,117.208369,-211.54991,97.140366,98.623132,-195.922996,109.304459,0.00,0.00,0.00,0.00,0.00,0.00,0.00,0.00,0.00,0.00,0.00,0.00
277.743004,113.465771,-202.091539,159.903198,131.916981,-194.271442,104.402901,103.368369,-186.517854,110.287941,0.00,0.00,0.00,0.00,0.00,0.00,0.00,0.00,0.00,0.00,0.00,0.00
277.868297,119.032194,-190.873382,160.972122,133.418891,-180.14883,107.27095,104.255526,-177.79371,111.306099,0.00,0.00,0.00,0.00,0.00,0.00,0.00,0.00,0.00,0.00,0.00,0.00
277.993763,122.522294,-178.031332,159.317383,132.948645,-165.824504,106.28894,103.446903,-168.107724,108.296707,0.00,0.00,0.00,0.00,0.00,0.00,0.00,0.00,0.00,0.00,0.00,0.00
278.118959,124.020156,-164.324604,157.206604,132.760629,-150.994286,105.55851,103.750926,-153.948651,103.667847,0.00,0.00,0.00,0.00,0.00,0.00,0.00,0.00,0.00,0.00,0.00,0.00
278.244086,124.877414,-150.851614,158.268982,134.444429,-136.862701,106.837158,108.735458,-134.911603,104.604164,0.00,0.00,0.00,0.00,0.00,0.00,0.00,0.00,0.00,0.00,0.00,0.00
278.36991,126.636655,-138.106453,160.702393,137.408815,-125.987211,110.031441,117.096116,-115.107366,108.931656,0.00,0.00,0.00,0.00,0.00,0.00,0.00,0.00,0.00,0.00,0.00,0.00
278.494756,128.973239,-125.959788,160.895401,141.242128,-115.991041,109.2873,127.005236,-96.480928,112.13224,0.00,0.00,0.00,0.00,0.00,0.00,0.00,0.00,0.00,0.00,0.00,0.00
278.620302,131.788581,-113.892181,159.020004,145.986538,-103.835761,106.480865,137.542869,-79.011377,114.806084,0.00,0.00,0.00,0.00,0.00,0.00,0.00,0.00,0.00,0.00,0.00,0.00
278.745653,135.372429,-101.737484,158.686005,151.919085,-91.043089,107.212212,147.344866,-63.653989,118.04464,0.00,0.00,0.00,0.00,0.00,0.00,0.00,0.00,0.00,0.00,0.00,0.00
278.871027,139.062751,-90.332494,160.709259,155.784064,-83.5822,110.003281,157.282449,-51.124495,121.973801,0.00,0.00,0.00,0.00,0.00,0.00,0.00,0.00,0.00,0.00,0.00,0.00
278.996661,142.430407,-79.617254,162.750839,158.288142,-80.896072,111.106865,168.213294,-39.399486,125.637917,0.00,0.00,0.00,0.00,0.00,0.00,0.00,0.00,0.00,0.00,0.00,0.00
279.121985,146.128684,-69.673801,162.131714,160.412155,-78.629196,110.25206,180.02642,-27.460732,127.256157,0.00,0.00,0.00,0.00,0.00,0.00,0.00,0.00,0.00,0.00,0.00,0.00
279.24714,150.356285,-60.250335,161.001312,159.783915,-74.998871,108.822563,191.786352,-16.531715,125.662155,0.00,0.00,0.00,0.00,0.00,0.00,0.00,0.00,0.00,0.00,0.00,0.00
279.372841,154.741849,-52.862748,162.737091,158.315589,-70.587138,109.098213,199.394023,-9.837737,124.149994,0.00,0.00,0.00,0.00,0.00,0.00,0.00,0.00,0.00,0.00,0.00,0.00
279.498177,157.724373,-48.285658,163.298889,157.870013,-67.408165,110.517075,202.626972,-7.194949,123.775223,0.00,0.00,0.00,0.00,0.00,0.00,0.00,0.00,0.00,0.00,0.00,0.00
279.623732,159.02547,-47.512927,163.14267,156.922484,-64.85632,111.396301,202.592149,-6.805558,123.498886,0.00,0.00,0.00,0.00,0.00,0.00,0.00,0.00,0.00,0.00,0.00,0.00
279.749005,156.429804,-51.088923,162.724716,155.170429,-63.644877,111.489105,199.079574,-9.621393,123.65506,0.00,0.00,0.00,0.00,0.00,0.00,0.00,0.00,0.00,0.00,0.00,0.00
279.874096,150.199316,-53.31462,161.177811,151.444478,-61.040926,110.961548,192.542032,-22.623268,120.655609,0.00,0.00,0.00,0.00,0.00,0.00,0.00,0.00,0.00,0.00,0.00,0.00
279.999079,145.044468,-53.074716,160.236511,144.065163,-58.746929,110.3908,185.089754,-41.242718,114.518349,0.00,0.00,0.00,0.00,0.00,0.00,0.00,0.00,0.00,0.00,0.00,0.00
280.124032,139.216565,-51.963873,160.003952,133.974739,-56.1942,110.380676,172.439957,-55.754164,111.867836,0.00,0.00,0.00,0.00,0.00,0.00,0.00,0.00,0.00,0.00,0.00,0.00
280.249121,131.243528,-49.649843,160.484848,123.798502,-53.604289,110.959915,157.308756,-63.352831,112.531441,0.00,0.00,0.00,0.00,0.00,0.00,0.00,0.00,0.00,0.00,0.00,0.00
280.374658,120.419035,-47.506904,160.405884,113.120509,-49.698495,109.771622,139.065077,-65.587826,113.110367,0.00,0.00,0.00,0.00,0.00,0.00,0.00,0.00,0.00,0.00,0.00,0.00
280.499943,107.13678,-44.670202,159.51033,98.842181,-44.506882,107.530907,118.293377,-64.56985,112.063042,0.00,0.00,0.00,0.00,0.00,0.00,0.00,0.00,0.00,0.00,0.00,0.00
280.625148,92.449203,-41.546087,158.308014,80.39895,-37.833944,105.911964,105.169325,-63.745006,111.264946,0.00,0.00,0.00,0.00,0.00,0.00,0.00,0.00,0.00,0.00,0.00,0.00
280.750411,78.502961,-40.944923,160.267044,64.091593,-33.787766,107.222778,84.484965,-61.212434,112.288216,0.00,0.00,0.00,0.00,0.00,0.00,0.00,0.00,0.00,0.00,0.00,0.00
280.875795,65.58977,-42.275903,161.379059,50.037017,-33.234374,108.658798,67.584384,-60.763634,115.645279,0.00,0.00,0.00,0.00,0.00,0.00,0.00,0.00,0.00,0.00,0.00,0.00
281.001502,52.179351,-45.47153,158.39798,35.349623,-36.506637,107.70594,52.216822,-62.080161,113.181389,0.00,0.00,0.00,0.00,0.00,0.00,0.00,0.00,0.00,0.00,0.00,0.00
281.126418,38.944523,-51.377917,155.194351,18.441195,-42.108196,108.94001,39.826391,-67.699164,110.81987,0.00,0.00,0.00,0.00,0.00,0.00,0.00,0.00,0.00,0.00,0.00,0.00
281.251993,25.693815,-58.429099,156.385284,0.865739,-46.847515,110.614212,24.424644,-73.728806,112.157196,0.00,0.00,0.00,0.00,0.00,0.00,0.00,0.00,0.00,0.00,0.00,0.00
281.377306,13.053767,-62.761469,160.423187,-13.519365,-50.013963,113.870056,8.469744,-75.40598,119.071083,0.00,0.00,0.00,0.00,0.00,0.00,0.00,0.00,0.00,0.00,0.00,0.00
281.50278,1.607688,-65.773611,162.862427,-28.750479,-53.838746,116.27803,-3.035137,-78.943571,123.246628,0.00,0.00,0.00,0.00,0.00,0.00,0.00,0.00,0.00,0.00,0.00,0.00
281.628243,-10.038383,-68.31802,161.948639,-46.5836,-58.085772,117.248566,-13.102604,-82.528797,124.374123,0.00,0.00,0.00,0.00,0.00,0.00,0.00,0.00,0.00,0.00,0.00,0.00
281.753333,-23.522068,-71.289598,159.676956,-66.62894,-62.908202,119.295097,-23.804545,-87.471452,120.49617,0.00,0.00,0.00,0.00,0.00,0.00,0.00,0.00,0.00,0.00,0.00,0.00
281.878609,-39.207015,-74.212061,157.414185,-90.697681,-67.798379,122.806839,-34.970672,-94.357163,116.562309,0.00,0.00,0.00,0.00,0.00,0.00,0.00,0.00,0.00,0.00,0.00,0.00
282.004501,-53.819995,-77.313561,160.667023,-112.436374,-71.107843,126.75351,-42.290331,-104.239372,117.019241,0.00,0.00,0.00,0.00,0.00,0.00,0.00,0.00,0.00,0.00,0.00,0.00
282.129341,-64.664891,-79.152444,163.432556,-128.563473,-73.275786,129.73584,-54.69557,-107.17976,120.475166,0.00,0.00,0.00,0.00,0.00,0.00,0.00,0.00,0.00,0.00,0.00,0.00
282.254161,-72.781466,-80.489794,163.716949,-138.333436,-74.549499,130.256218,-60.411012,-109.992655,117.633438,0.00,0.00,0.00,0.00,0.00,0.00,0.00,0.00,0.00,0.00,0.00,0.00
282.379709,-78.111606,-81.730422,163.644073,-143.412264,-75.376959,129.771973,-65.53972,-111.486697,116.477638,0.00,0.00,0.00,0.00,0.00,0.00,0.00,0.00,0.00,0.00,0.00,0.00
282.504953,-81.02122,-82.795314,163.381897,-146.075051,-75.613814,128.832962,-68.904053,-112.554899,116.013412,0.00,0.00,0.00,0.00,0.00,0.00,0.00,0.00,0.00,0.00,0.00,0.00
282.616214,-82.543294,-83.485855,163.328369,-147.419155,-75.657769,128.13588,-71.362137,-112.837298,116.181923,0.00,0.00,0.00,0.00,0.00,0.00,0.00,0.00,0.00,0.00,0.00,0.00
282.742409,-83.288389,-84.406222,163.298874,-147.807013,-75.753936,127.559395,-71.532122,-113.420451,116.765907,0.00,0.00,0.00,0.00,0.00,0.00,0.00,0.00,0.00,0.00,0.00,0.00
282.867628,-83.187729,-85.923806,163.36615,-145.389426,-76.920417,127.688332,-73.000973,-113.46907,116.774803,0.00,0.00,0.00,0.00,0.00,0.00,0.00,0.00,0.00,0.00,0.00,0.00
282.992855,-81.073378,-89.793582,163.039215,-135.712341,-81.356673,125.420837,-74.191381,-112.771221,116.731148,0.00,0.00,0.00,0.00,0.00,0.00,0.00,0.00,0.00,0.00,0.00,0.00
283.118062,-77.833315,-94.825469,162.485291,-119.64972,-88.175664,118.793777,-72.939613,-114.35004,117.087288,0.00,0.00,0.00,0.00,0.00,0.00,0.00,0.00,0.00,0.00,0.00,0.00
283.243514,-75.202094,-100.783907,161.517242,-105.158961,-98.0157,109.217316,-69.718666,-119.376745,116.426971,0.00,0.00,0.00,0.00,0.00,0.00,0.00,0.00,0.00,0.00,0.00,0.00
283.368406,-71.987273,-108.551211,160.32576,-90.839471,-110.994002,101.076591,-61.041634,-121.662135,113.248688,0.00,0.00,0.00,0.00,0.00,0.00,0.00,0.00,0.00,0.00,0.00,0.00
283.493524,-67.183961,-118.361655,158.391785,-79.21884,-125.262923,99.434593,-50.607412,-130.187099,107.650307,0.00,0.00,0.00,0.00,0.00,0.00,0.00,0.00,0.00,0.00,0.00,0.00
283.61911,-60.722022,-129.581191,156.782883,-71.656743,-142.439395,100.445847,-43.587361,-143.35031,106.058067,0.00,0.00,0.00,0.00,0.00,0.00,0.00,0.00,0.00,0.00,0.00,0.00
283.744235,-54.846428,-140.844905,158.650238,-67.667809,-161.392349,103.120491,-36.509753,-155.664667,106.427521,0.00,0.00,0.00,0.00,0.00,0.00,0.00,0.00,0.00,0.00,0.00,0.00
283.869823,-51.96503,-151.812456,161.279358,-64.848584,-179.211387,109.360268,-31.925381,-164.903675,108.822372,0.00,0.00,0.00,0.00,0.00,0.00,0.00,0.00,0.00,0.00,0.00,0.00
283.995288,-51.030874,-162.823064,161.75563,-64.476889,-198.080327,113.962868,-28.440973,-174.154654,109.063889,0.00,0.00,0.00,0.00,0.00,0.00,0.00,0.00,0.00,0.00,0.00,0.00
284.120743,-51.255563,-174.419421,160.656067,-66.222095,-218.943007,117.683655,-26.416124,-183.771312,107.760735,0.00,0.00,0.00,0.00,0.00,0.00,0.00,0.00,0.00,0.00,0.00,0.00
284.246067,-52.898238,-186.952923,159.399506,-68.828354,-241.362776,120.854546,-25.728272,-195.541453,104.80336,0.00,0.00,0.00,0.00,0.00,0.00,0.00,0.00,0.00,0.00,0.00,0.00
284.371641,-54.975301,-200.043741,160.352966,-73.046271,-259.424602,125.759567,-26.537148,-208.283767,103.948242,0.00,0.00,0.00,0.00,0.00,0.00,0.00,0.00,0.00,0.00,0.00,0.00
284.497031,-56.004723,-210.61855,163.6474,-76.169981,-270.532224,128.629257,-27.513301,-216.174542,106.470779,0.00,0.00,0.00,0.00,0.00,0.00,0.00,0.00,0.00,0.00,0.00,0.00
284.621469,-56.512761,-218.251513,164.494705,-77.484661,-276.950621,129.269928,-26.295901,-221.327933,106.427673,0.00,0.00,0.00,0.00,0.00,0.00,0.00,0.00,0.00,0.00,0.00,0.00
284.746459,-55.886187,-223.405618,164.701065,-77.272137,-278.987222,128.925591,-25.965418,-224.379302,106.177933,0.00,0.00,0.00,0.00,0.00,0.00,0.00,0.00,0.00,0.00,0.00,0.00
284.871535,-53.975498,-226.735251,164.362778,-77.323577,-278.735458,128.825157,-25.290348,-228.227111,106.941933,0.00,0.00,0.00,0.00,0.00,0.00,0.00,0.00,0.00,0.00,0.00,0.00
284.997167,-50.411381,-228.932954,163.60965,-75.025471,-273.624033,127.242554,-23.43537,-230.964771,106.742828,0.00,0.00,0.00,0.00,0.00,0.00,0.00,0.00,0.00,0.00,0.00,0.00
285.122466,-44.415908,-230.311411,162.797653,-64.317777,-267.417692,121.043159,-17.127754,-231.72016,105.22979,0.00,0.00,0.00,0.00,0.00,0.00,0.00,0.00,0.00,0.00,0.00,0.00
285.24779,-36.512955,-231.288235,161.364944,-48.821099,-262.097687,114.43763,-10.723215,-230.336083,102.908386,0.00,0.00,0.00,0.00,0.00,0.00,0.00,0.00,0.00,0.00,0.00,0.00
285.373487,-26.151757,-232.006197,159.105347,-30.072843,-257.747263,108.987923,-8.502105,-227.303806,106.491592,0.00,0.00,0.00,0.00,0.00,0.00,0.00,0.00,0.00,0.00,0.00,0.00
285.498747,-12.853435,-231.460437,157.060349,-9.869273,-253.662571,105.164337,2.669624,-222.655644,107.93708,0.00,0.00,0.00,0.00,0.00,0.00,0.00,0.00,0.00,0.00,0.00,0.00
285.624005,1.804865,-230.427496,157.713333,10.936451,-251.237002,104.708534,17.61968,-219.515667,104.393715,0.00,0.00,0.00,0.00,0.00,0.00,0.00,0.00,0.00,0.00,0.00,0.00
285.749645,15.803273,-229.690115,159.808807,26.979121,-250.146015,108.00647,30.89594,-219.014427,107.183243,0.00,0.00,0.00,0.00,0.00,0.00,0.00,0.00,0.00,0.00,0.00,0.00
285.874703,28.570372,-229.119716,162.061798,41.064346,-248.488498,110.399284,42.223244,-218.227973,108.890152,0.00,0.00,0.00,0.00,0.00,0.00,0.00,0.00,0.00,0.00,0.00,0.00
286.000154,41.34225,-228.851011,160.970749,55.528873,-245.636982,108.178276,54.423268,-216.767878,106.842865,0.00,0.00,0.00,0.00,0.00,0.00,0.00,0.00,0.00,0.00,0.00,0.00
286.12549,54.915833,-228.879648,158.26445,72.050816,-243.16719,105.930878,69.751292,-214.967116,104.598488,0.00,0.00,0.00,0.00,0.00,0.00,0.00,0.00,0.00,0.00,0.00,0.00
286.250886,69.289494,-228.629822,158.521423,89.116377,-243.725263,106.306854,88.756837,-211.241246,106.989616,0.00,0.00,0.00,0.00,0.00,0.00,0.00,0.00,0.00,0.00,0.00,0.00
286.375954,82.505492,-227.014053,161.512665,101.801975,-240.724316,110.036568,105.73775,-205.050767,112.514771,0.00,0.00,0.00,0.00,0.00,0.00,0.00,0.00,0.00,0.00,0.00,0.00
286.501636,93.959154,-223.872921,162.582031,111.361907,-238.00825,111.046364,123.225835,-196.681338,116.112717,0.00,0.00,0.00,0.00,0.00,0.00,0.00,0.00,0.00,0.00,0.00,0.00
286.626648,104.609644,-219.598528,161.923538,119.52874,-235.244766,110.403641,141.895007,-186.617106,119.010475,0.00,0.00,0.00,0.00,0.00,0.00,0.00,0.00,0.00,0.00,0.00,0.00
286.752326,115.192491,-213.525087,160.664322,127.250968,-230.820079,109.133263,161.357013,-174.804405,121.83297,0.00,0.00,0.00,0.00,0.00,0.00,0.00,0.00,0.00,0.00,0.00,0.00
286.877491,125.798757,-206.111485,161.418518,136.522032,-224.00271,108.629684,178.190322,-163.88583,126.000793,0.00,0.00,0.00,0.00,0.00,0.00,0.00,0.00,0.00,0.00,0.00,0.00
287.003086,135.897414,-198.825421,164.33606,142.409663,-218.579512,112.296814,190.379799,-156.585783,129.569199,0.00,0.00,0.00,0.00,0.00,0.00,0.00,0.00,0.00,0.00,0.00,0.00
287.128782,143.787163,-193.201564,164.635895,146.593892,-213.882593,113.693932,197.916169,-152.851504,130.607941,0.00,0.00,0.00,0.00,0.00,0.00,0.00,0.00,0.00,0.00,0.00,0.00
287.253238,148.716318,-190.258954,164.727448,148.439516,-211.65464,114.078072,201.691026,-151.459776,130.902412,0.00,0.00,0.00,0.00,0.00,0.00,0.00,0.00,0.00,0.00,0.00,0.00
287.378023,151.088996,-189.608604,164.523804,148.825595,-211.357026,114.122131,203.837307,-151.097628,130.981178,0.00,0.00,0.00,0.00,0.00,0.00,0.00,0.00,0.00,0.00,0.00,0.00
287.503432,150.501619,-192.113813,164.267456,148.042339,-213.658356,113.227333,203.618144,-151.460783,130.470459,0.00,0.00,0.00,0.00,0.00,0.00,0.00,0.00,0.00,0.00,0.00,0.00
287.629303,145.906427,-195.427608,163.783249,143.733912,-218.562091,113.873978,199.367387,-153.736999,129.958611,0.00,0.00,0.00,0.00,0.00,0.00,0.00,0.00,0.00,0.00,0.00,0.00
287.754666,139.952489,-197.536863,163.448959,144.034199,-214.780583,114.174904,191.532578,-163.454868,127.63385,0.00,0.00,0.00,0.00,0.00,0.00,0.00,0.00,0.00,0.00,0.00,0.00
287.879721,134.802899,-200.439934,163.440689,135.548326,-216.887142,113.6642,179.627484,-181.483356,123.536224,0.00,0.00,0.00,0.00,0.00,0.00,0.00,0.00,0.00,0.00,0.00,0.00
288.005286,127.399641,-204.356694,163.014709,124.596919,-221.042908,112.857498,164.383577,-203.225374,121.294098,0.00,0.00,0.00,0.00,0.00,0.00,0.00,0.00,0.00,0.00,0.00,0.00
288.116663,119.217022,-208.546418,162.216248,111.320457,-225.473604,109.81385,147.08561,-220.529275,120.228592,0.00,0.00,0.00,0.00,0.00,0.00,0.00,0.00,0.00,0.00,0.00,0.00
288.242366,109.562543,-213.540679,163.091721,95.142078,-228.5487,110.774307,124.32453,-235.916788,122.304779,0.00,0.00,0.00,0.00,0.00,0.00,0.00,0.00,0.00,0.00,0.00,0.00
288.368021,100.345479,-218.71926,164.054688,81.593841,-230.66917,112.127388,111.993921,-242.273898,123.558266,0.00,0.00,0.00,0.00,0.00,0.00,0.00,0.00,0.00,0.00,0.00,0.00
288.493375,91.488819,-224.261226,163.422928,65.552864,-237.289694,113.558594,95.026223,-248.77818,124.272446,0.00,0.00,0.00,0.00,0.00,0.00,0.00,0.00,0.00,0.00,0.00,0.00
288.6188,82.706252,-229.200222,161.504166,49.770824,-245.536709,118.10675,81.128515,-253.155811,124.290611,0.00,0.00,0.00,0.00,0.00,0.00,0.00,0.00,0.00,0.00,0.00,0.00
288.744378,74.497204,-234.249223,160.785477,36.976245,-252.021977,121.926773,71.14739,-257.413972,124.511917,0.00,0.00,0.00,0.00,0.00,0.00,0.00,0.00,0.00,0.00,0.00,0.00
288.869398,66.123752,-238.612281,162.932312,25.043334,-257.295388,125.024178,58.231504,-262.192696,124.949081,0.00,0.00,0.00,0.00,0.00,0.00,0.00,0.00,0.00,0.00,0.00,0.00
288.99438,56.284451,-241.333888,163.134979,12.41609,-262.607191,128.060646,44.800738,-263.250181,125.921791,0.00,0.00,0.00,0.00,0.00,0.00,0.00,0.00,0.00,0.00,0.00,0.00
289.119905,46.068276,-242.730817,161.734482,1.997163,-269.408236,130.12516,38.666607,-265.366718,126.328606,0.00,0.00,0.00,0.00,0.00,0.00,0.00,0.00,0.00,0.00,0.00,0.00
289.244944,36.489705,-243.207026,161.988281,-4.470649,-274.640434,130.674141,36.234147,-269.012248,123.120026,0.00,0.00,0.00,0.00,0.00,0.00,0.00,0.00,0.00,0.00,0.00,0.00
289.370325,30.229017,-243.349874,163.08696,-6.848223,-277.649494,130.499535,33.489798,-268.8846,123.744469,0.00,0.00,0.00,0.00,0.00,0.00,0.00,0.00,0.00,0.00,0.00,0.00
289.495564,26.217559,-243.347736,163.22876,-7.192159,-279.081442,130.24028,30.826948,-267.920576,124.856178,0.00,0.00,0.00,0.00,0.00,0.00,0.00,0.00,0.00,0.00,0.00,0.00
289.619755,24.947632,-243.721421,163.413986,-5.793101,-276.511259,129.696396,31.064464,-268.671164,123.116379,0.00,0.00,0.00,0.00,0.00,0.00,0.00,0.00,0.00,0.00,0.00,0.00
289.744935,26.204491,-244.688461,163.049347,0.92054,-271.17132,126.195908,32.524915,-268.328061,122.884659,0.00,0.00,0.00,0.00,0.00,0.00,0.00,0.00,0.00,0.00,0.00,0.00
289.8705,30.470301,-245.974627,162.34256,12.125428,-266.350389,121.760941,37.633278,-269.064043,120.9646,0.00,0.00,0.00,0.00,0.00,0.00,0.00,0.00,0.00,0.00,0.00,0.00
289.995847,36.322963,-246.344067,161.007217,25.371282,-266.713767,117.111855,44.007592,-257.797589,119.346268,0.00,0.00,0.00,0.00,0.00,0.00,0.00,0.00,0.00,0.00,0.00,0.00
290.121254,44.122442,-245.648453,159.477097,38.840337,-266.5793,115.332634,53.886636,-248.185032,117.242813,0.00,0.00,0.00,0.00,0.00,0.00,0.00,0.00,0.00,0.00,0.00,0.00290.246421,53.296068,-243.458326,158.512573,54.834569,-265.108302,114.886475,64.08605,-242.96359,116.389885,0.00,0.00,0.00,0.00,0.00,0.00,0.00,0.00,0.00,0.00,0.00,0.00
290.371724,63.167082,-240.566973,157.981964,72.306947,-260.61682,114.578964,75.767809,-235.690491,115.650612,0.00,0.00,0.00,0.00,0.00,0.00,0.00,0.00,0.00,0.00,0.00,0.00
290.496825,72.610947,-236.687874,159.967789,85.619982,-252.741676,117.324425,82.889289,-228.477913,116.679718,0.00,0.00,0.00,0.00,0.00,0.00,0.00,0.00,0.00,0.00,0.00,0.00290.622245,81.366726,-232.336017,161.247574,97.482635,-244.397086,116.998787,88.071509,-221.095607,116.540543,0.00,0.00,0.00,0.00,0.00,0.00,0.00,0.00,0.00,0.00,0.00,0.00
290.747414,89.645724,-227.140802,159.814987,108.986888,-232.206949,115.276665,91.216901,-212.540972,114.751297,0.00,0.00,0.00,0.00,0.00,0.00,0.00,0.00,0.00,0.00,0.00,0.00
290.872679,97.005104,-219.332231,160.506989,116.068636,-216.236626,116.332329,92.176321,-204.680061,114.480927,0.00,0.00,0.00,0.00,0.00,0.00,0.00,0.00,0.00,0.00,0.00,0.00290.998115,102.244117,-208.362341,160.772614,119.137926,-200.281165,117.752708,91.768645,-195.024051,113.486641,0.00,0.00,0.00,0.00,0.00,0.00,0.00,0.00,0.00,0.00,0.00,0.00
291.123214,106.245729,-195.536045,158.796509,120.644959,-184.976636,116.689209,93.400067,-183.295041,111.952591,0.00,0.00,0.00,0.00,0.00,0.00,0.00,0.00,0.00,0.00,0.00,0.00
291.248535,109.445523,-181.389964,158.347031,124.426507,-170.422288,115.806168,96.302345,-167.393276,109.84623,0.00,0.00,0.00,0.00,0.00,0.00,0.00,0.00,0.00,0.00,0.00,0.00
291.373599,112.810538,-166.895103,160.080246,128.518059,-158.332764,117.115013,100.670334,-151.467558,111.678986,0.00,0.00,0.00,0.00,0.00,0.00,0.00,0.00,0.00,0.00,0.00,0.00
291.499267,117.026065,-153.443489,160.167084,134.030994,-146.004112,116.22731,106.054588,-135.306985,112.134064,0.00,0.00,0.00,0.00,0.00,0.00,0.00,0.00,0.00,0.00,0.00,0.00291.624279,121.72505,-140.851676,158.551056,139.020144,-132.003549,112.146454,111.993374,-118.272972,111.550285,0.00,0.00,0.00,0.00,0.00,0.00,0.00,0.00,0.00,0.00,0.00,0.00
291.750207,126.099207,-128.441885,158.8367,144.064458,-116.678665,112.304932,118.913016,-101.041934,113.688477,0.00,0.00,0.00,0.00,0.00,0.00,0.00,0.00,0.00,0.00,0.00,0.00
291.875396,129.083908,-116.11827,161.565552,147.981467,-103.175634,116.555168,127.17214,-84.683741,117.733864,0.00,0.00,0.00,0.00,0.00,0.00,0.00,0.00,0.00,0.00,0.00,0.00
292.000743,131.358241,-103.500512,162.511276,150.831165,-91.909716,117.20945,136.586853,-67.652083,119.839981,0.00,0.00,0.00,0.00,0.00,0.00,0.00,0.00,0.00,0.00,0.00,0.00292.126187,134.08514,-90.636128,160.361389,154.350792,-82.543373,113.635094,148.269395,-51.372049,121.372704,0.00,0.00,0.00,0.00,0.00,0.00,0.00,0.00,0.00,0.00,0.00,0.00
292.251611,137.377819,-78.747908,159.476929,158.723686,-75.061209,109.567726,162.106408,-37.229713,123.398117,0.00,0.00,0.00,0.00,0.00,0.00,0.00,0.00,0.00,0.00,0.00,0.00
292.377208,141.573399,-68.8201,162.349792,163.330212,-70.009711,106.882614,175.845444,-25.779233,125.557999,0.00,0.00,0.00,0.00,0.00,0.00,0.00,0.00,0.00,0.00,0.00,0.00
292.50264,146.571846,-61.326856,163.528839,167.629369,-66.546509,107.36573,187.752247,-17.740857,126.529175,0.00,0.00,0.00,0.00,0.00,0.00,0.00,0.00,0.00,0.00,0.00,0.00
292.628001,151.877627,-56.393334,163.01384,173.304359,-62.70703,105.634789,195.83949,-11.882323,126.330345,0.00,0.00,0.00,0.00,0.00,0.00,0.00,0.00,0.00,0.00,0.00,0.00292.753226,156.537027,-53.46367,163.686264,178.474129,-59.341721,105.661789,200.776621,-7.68858,125.423653,0.00,0.00,0.00,0.00,0.00,0.00,0.00,0.00,0.00,0.00,0.00,0.00
292.878652,160.040348,-51.503232,164.054535,181.940397,-57.426334,105.578308,202.178447,-7.457971,125.196007,0.00,0.00,0.00,0.00,0.00,0.00,0.00,0.00,0.00,0.00,0.00,0.00
293.003341,161.444285,-49.873951,164.427353,184.163921,-55.499191,105.225624,201.450262,-7.851924,125.235291,0.00,0.00,0.00,0.00,0.00,0.00,0.00,0.00,0.00,0.00,0.00,0.00
293.128597,159.858285,-46.286832,164.3284,185.382447,-51.030577,104.451706,192.7007,-12.065793,125.838867,0.00,0.00,0.00,0.00,0.00,0.00,0.00,0.00,0.00,0.00,0.00,0.00
293.253854,154.342409,-42.649837,163.322464,183.282288,-42.566238,103.882523,173.667179,-16.977008,122.30584,0.00,0.00,0.00,0.00,0.00,0.00,0.00,0.00,0.00,0.00,0.00,0.00
293.379278,146.74858,-40.656975,162.24173,176.397215,-33.158343,102.254341,153.130604,-18.155751,117.432526,0.00,0.00,0.00,0.00,0.00,0.00,0.00,0.00,0.00,0.00,0.00,0.00
293.504596,137.618696,-39.405667,161.424667,163.512274,-24.91255,99.735039,134.871329,-21.703372,114.593819,0.00,0.00,0.00,0.00,0.00,0.00,0.00,0.00,0.00,0.00,0.00,0.00
293.62985,127.353167,-38.038576,160.24292,150.644951,-17.500273,98.30986,117.360417,-25.709435,112.498833,0.00,0.00,0.00,0.00,0.00,0.00,0.00,0.00,0.00,0.00,0.00,0.00
293.741685,116.422009,-36.783695,159.513275,131.026531,-12.287063,96.778931,102.812137,-29.09046,110.894768,0.00,0.00,0.00,0.00,0.00,0.00,0.00,0.00,0.00,0.00,0.00,0.00
293.866867,103.516919,-36.70558,160.993011,112.931987,-12.109126,96.639626,88.762561,-33.912318,111.526207,0.00,0.00,0.00,0.00,0.00,0.00,0.00,0.00,0.00,0.00,0.00,0.00
293.991879,90.513462,-37.550838,162.424789,102.421224,-11.661462,98.187622,78.094539,-38.141914,113.610535,0.00,0.00,0.00,0.00,0.00,0.00,0.00,0.00,0.00,0.00,0.00,0.00
294.117211,77.178587,-38.078561,161.776978,91.956188,-11.338508,98.916962,67.231098,-41.281605,112.877327,0.00,0.00,0.00,0.00,0.00,0.00,0.00,0.00,0.00,0.00,0.00,0.00
294.242776,63.130926,-38.006308,159.271072,79.942514,-12.812782,96.129898,53.369353,-44.649117,111.100441,0.00,0.00,0.00,0.00,0.00,0.00,0.00,0.00,0.00,0.00,0.00,0.00
294.367954,48.471306,-38.979285,159.266693,32.247731,-25.510278,108.851166,37.372048,-49.433839,112.188568,0.00,0.00,0.00,0.00,0.00,0.00,0.00,0.00,0.00,0.00,0.00,0.00
294.492957,33.850607,-42.491568,162.137894,15.815163,-32.793664,112.982719,25.953815,-56.503112,115.866936,0.00,0.00,0.00,0.00,0.00,0.00,0.00,0.00,0.00,0.00,0.00,0.00
294.618345,20.137366,-47.690643,162.263092,0.218585,-41.592932,114.009727,16.815062,-63.915148,114.821213,0.00,0.00,0.00,0.00,0.00,0.00,0.00,0.00,0.00,0.00,0.00,0.00
294.743791,7.29673,-53.540866,159.439545,-16.449593,-50.847347,111.582901,7.239356,-72.967391,111.54731,0.00,0.00,0.00,0.00,0.00,0.00,0.00,0.00,0.00,0.00,0.00,0.00
294.868808,-4.734588,-59.445328,158.796432,-32.908196,-58.513729,111.378052,-4.854543,-83.244043,109.2323,0.00,0.00,0.00,0.00,0.00,0.00,0.00,0.00,0.00,0.00,0.00,0.00
294.994603,-16.450261,-64.011904,161.596771,-49.044552,-64.201396,114.446022,-17.961235,-88.465269,112.982635,0.00,0.00,0.00,0.00,0.00,0.00,0.00,0.00,0.00,0.00,0.00,0.00
295.119861,-28.125681,-66.86927,163.26947,-66.552337,-67.976198,117.603149,-29.815849,-91.100763,116.006905,0.00,0.00,0.00,0.00,0.00,0.00,0.00,0.00,0.00,0.00,0.00,0.00
295.2452,-40.194524,-68.932878,162.451874,-88.805814,-70.138745,121.170784,-40.318746,-93.019731,115.789879,0.00,0.00,0.00,0.00,0.00,0.00,0.00,0.00,0.00,0.00,0.00,0.00
295.370701,-52.715209,-70.518673,162.251022,-111.365795,-71.687371,125.853043,-49.589713,-95.312368,114.119606,0.00,0.00,0.00,0.00,0.00,0.00,0.00,0.00,0.00,0.00,0.00,0.00
295.495871,-63.925355,-71.621829,164.95256,-128.320206,-72.169696,129.234726,-57.162855,-96.225024,114.977516,0.00,0.00,0.00,0.00,0.00,0.00,0.00,0.00,0.00,0.00,0.00,0.00
295.621258,-73.23017,-72.425662,165.68222,-139.571314,-73.262255,129.212036,-61.745266,-97.193032,114.915222,0.00,0.00,0.00,0.00,0.00,0.00,0.00,0.00,0.00,0.00,0.00,0.00
295.746962,-79.715313,-73.276763,165.56015,-144.976214,-74.867554,128.754906,-64.707331,-97.614192,114.153816,0.00,0.00,0.00,0.00,0.00,0.00,0.00,0.00,0.00,0.00,0.00,0.00
295.871818,-83.250277,-74.118433,165.443466,-147.441632,-75.766024,128.171257,-65.511055,-97.574886,114.252991,0.00,0.00,0.00,0.00,0.00,0.00,0.00,0.00,0.00,0.00,0.00,0.00
295.996855,-84.692634,-74.620597,165.451004,-147.91822,-75.940272,127.470604,-65.973798,-97.168505,113.858833,0.00,0.00,0.00,0.00,0.00,0.00,0.00,0.00,0.00,0.00,0.00,0.00
296.122572,-84.460498,-76.007369,165.488892,-145.333199,-76.544875,126.826263,-63.162192,-95.649932,113.70826,0.00,0.00,0.00,0.00,0.00,0.00,0.00,0.00,0.00,0.00,0.00,0.00
296.247737,-79.748982,-79.888278,164.839935,-133.989094,-82.904383,123.176971,-49.143363,-80.204543,112.858093,0.00,0.00,0.00,0.00,0.00,0.00,0.00,0.00,0.00,0.00,0.00,0.00
296.372984,-69.955643,-81.391587,163.293884,-110.777455,-91.787617,113.91114,-60.718273,-92.487231,118.793625,0.00,0.00,0.00,0.00,0.00,0.00,0.00,0.00,0.00,0.00,0.00,0.00
296.498147,-59.577094,-78.516957,161.551956,-83.957177,-96.960622,104.694534,-51.811541,-88.785454,117.117424,0.00,0.00,0.00,0.00,0.00,0.00,0.00,0.00,0.00,0.00,0.00,0.00
296.624003,-49.821979,-75.252328,160.90918,-63.316897,-95.812705,105.377579,-41.241583,-81.850071,116.173866,0.00,0.00,0.00,0.00,0.00,0.00,0.00,0.00,0.00,0.00,0.00,0.00
296.748061,-38.771176,-70.673943,159.455429,-48.874324,-93.407092,101.713196,-29.816623,-73.37452,114.033081,0.00,0.00,0.00,0.00,0.00,0.00,0.00,0.00,0.00,0.00,0.00,0.00
296.87348,-27.507285,-65.453417,158.275681,-31.196915,-87.553054,97.466011,-17.966475,-64.277298,111.811546,0.00,0.00,0.00,0.00,0.00,0.00,0.00,0.00,0.00,0.00,0.00,0.00
296.998955,-17.407912,-59.792267,158.768921,-17.107172,-77.925098,97.782364,-9.307374,-55.261588,112.926414,0.00,0.00,0.00,0.00,0.00,0.00,0.00,0.00,0.00,0.00,0.00,0.00
297.124311,-8.152563,-53.709879,159.736511,-6.655288,-70.628284,97.195023,-2.551125,-46.607963,113.480858,0.00,0.00,0.00,0.00,0.00,0.00,0.00,0.00,0.00,0.00,0.00,0.00
297.249626,1.409631,-47.205947,159.634827,4.370694,-61.879766,95.482666,5.067481,-38.185374,112.84478,0.00,0.00,0.00,0.00,0.00,0.00,0.00,0.00,0.00,0.00,0.00,0.00
297.375007,12.162438,-40.478123,157.944321,17.60345,-51.530845,95.937965,14.808009,-28.793993,110.672897,0.00,0.00,0.00,0.00,0.00,0.00,0.00,0.00,0.00,0.00,0.00,0.00
297.50032,23.172275,-32.275941,159.264374,41.42372,-39.864243,104.817368,23.546092,-18.569866,111.83123,0.00,0.00,0.00,0.00,0.00,0.00,0.00,0.00,0.00,0.00,0.00,0.00
297.625883,32.39367,-21.333619,161.685745,50.602375,-25.474106,107.967751,28.060929,-8.640344,113.935173,0.00,0.00,0.00,0.00,0.00,0.00,0.00,0.00,0.00,0.00,0.00,0.00
297.750764,40.100813,-9.38377,160.678467,56.770503,-9.679261,108.158844,32.10611,1.742017,112.275566,0.00,0.00,0.00,0.00,0.00,0.00,0.00,0.00,0.00,0.00,0.00,0.00
297.875917,46.365424,3.049725,158.545532,61.736812,6.336212,107.264526,37.723891,14.430955,109.637207,0.00,0.00,0.00,0.00,0.00,0.00,0.00,0.00,0.00,0.00,0.00,0.00
298.001438,52.280346,15.434844,159.215958,66.102194,21.842328,108.784378,45.828161,29.215124,111.099083,0.00,0.00,0.00,0.00,0.00,0.00,0.00,0.00,0.00,0.00,0.00,0.00
298.12706,58.907282,27.566843,161.548553,71.648129,32.552519,111.806984,54.114192,41.270239,116.149872,0.00,0.00,0.00,0.00,0.00,0.00,0.00,0.00,0.00,0.00,0.00,0.00
1,257.637455,2,260.659501,3,262.914187,4,266.1591,5,269.445246,1,271.436544,2,273.984996,3,275.906374,4,279.24714,5,282.268558,1,284.413405,2,287.017198,3,289.119905,4,292.558289,5,295.635188,
