94.732658,66.248256,55.206323,146.308548,50.88215,58.957908,105.392746,80.129559,45.733446,110.735336,0.00,0.00,0.00,0.00,0.00,0.00,0.00,0.00,0.00,0.00,0.00,0.00
94.858549,61.912151,46.110346,146.860931,46.655491,48.740128,106.691963,75.593251,36.972893,111.290504,0.00,0.00,0.00,0.00,0.00,0.00,0.00,0.00,0.00,0.00,0.00,0.00
94.983821,57.43886,36.283984,146.94809,42.557558,38.078665,106.441277,71.391836,27.279996,110.799248,0.00,0.00,0.00,0.00,0.00,0.00,0.00,0.00,0.00,0.00,0.00,0.00
95.109114,52.909338,25.803696,146.944275,37.516729,26.096748,106.625595,66.680948,15.562576,109.732513,0.00,0.00,0.00,0.00,0.00,0.00,0.00,0.00,0.00,0.00,0.00,0.00
95.234601,48.614064,14.292045,149.121445,31.397977,14.391687,105.888229,60.172107,1.547513,109.992851,0.00,0.00,0.00,0.00,0.00,0.00,0.00,0.00,0.00,0.00,0.00,0.00
95.360509,43.632461,2.276117,151.622986,24.34207,5.326518,107.713371,51.161592,-12.169917,112.161507,0.00,0.00,0.00,0.00,0.00,0.00,0.00,0.00,0.00,0.00,0.00,0.00
95.486227,36.739882,-8.622979,153.118515,15.407476,-1.511985,108.564453,41.765348,-23.591996,114.96785,0.00,0.00,0.00,0.00,0.00,0.00,0.00,0.00,0.00,0.00,0.00,0.00
95.61149,28.698108,-19.329407,152.072098,6.269126,-10.296451,105.205757,33.291824,-34.910095,113.759758,0.00,0.00,0.00,0.00,0.00,0.00,0.00,0.00,0.00,0.00,0.00,0.00
95.737083,20.164881,-30.742466,151.592392,-3.532268,-23.738056,104.071548,25.082995,-46.657881,111.802376,0.00,0.00,0.00,0.00,0.00,0.00,0.00,0.00,0.00,0.00,0.00,0.00
95.862507,12.292704,-43.083562,154.101013,-12.354047,-40.952307,108.092598,17.188817,-58.076536,113.405151,0.00,0.00,0.00,0.00,0.00,0.00,0.00,0.00,0.00,0.00,0.00,0.00
95.98818,6.166592,-56.191219,155.057022,-18.288281,-58.348915,111.70047,12.381832,-69.200612,114.275864,0.00,0.00,0.00,0.00,0.00,0.00,0.00,0.00,0.00,0.00,0.00,0.00
96.113625,0.280131,-69.403167,153.409027,-23.720692,-74.554083,110.559006,8.072852,-81.356915,111.862267,0.00,0.00,0.00,0.00,0.00,0.00,0.00,0.00,0.00,0.00,0.00,0.00
96.238918,-5.329114,-81.871175,152.888702,-29.737375,-89.198838,110.603363,3.368028,-94.594743,111.078972,0.00,0.00,0.00,0.00,0.00,0.00,0.00,0.00,0.00,0.00,0.00,0.00
96.364306,-10.708386,-94.744458,154.673264,-35.988481,-102.577702,110.875252,-2.503152,-110.452365,113.320305,0.00,0.00,0.00,0.00,0.00,0.00,0.00,0.00,0.00,0.00,0.00,0.00
96.489549,-16.81989,-107.621377,156.150421,-40.742607,-114.380059,110.59169,-9.518464,-124.441767,116.973145,0.00,0.00,0.00,0.00,0.00,0.00,0.00,0.00,0.00,0.00,0.00,0.00
96.614799,-23.18362,-120.045457,155.972992,-46.939249,-126.564081,109.371811,-16.143347,-137.720959,117.450111,0.00,0.00,0.00,0.00,0.00,0.00,0.00,0.00,0.00,0.00,0.00,0.00
96.74035,-29.087344,-132.468404,153.970718,-53.577538,-141.459472,108.516876,-21.549971,-150.783559,116.265755,0.00,0.00,0.00,0.00,0.00,0.00,0.00,0.00,0.00,0.00,0.00,0.00
96.865629,-34.257154,-145.366881,154.562149,-57.779226,-160.084262,110.877533,-25.116215,-162.804853,116.350929,0.00,0.00,0.00,0.00,0.00,0.00,0.00,0.00,0.00,0.00,0.00,0.00
96.990781,-37.986741,-157.677013,155.715393,-60.521754,-181.205783,115.637405,-25.351369,-172.907644,116.991547,0.00,0.00,0.00,0.00,0.00,0.00,0.00,0.00,0.00,0.00,0.00,0.00
97.115542,-40.683748,-169.538796,155.14946,-62.838583,-203.938001,121.370583,-24.576416,-183.481391,116.163185,0.00,0.00,0.00,0.00,0.00,0.00,0.00,0.00,0.00,0.00,0.00,0.00
97.240642,-42.5941,-181.322726,152.953064,-64.599659,-225.312421,126.082642,-24.261431,-195.273964,114.689835,0.00,0.00,0.00,0.00,0.00,0.00,0.00,0.00,0.00,0.00,0.00,0.00
97.365497,-44.201968,-193.463033,154.109848,-66.79492,-242.318744,130.276741,-23.745904,-205.959062,116.848076,0.00,0.00,0.00,0.00,0.00,0.00,0.00,0.00,0.00,0.00,0.00,0.00
97.490699,-45.86526,-203.777002,155.602478,-69.429593,-253.363239,133.156464,-24.304974,-213.440029,118.716278,0.00,0.00,0.00,0.00,0.00,0.00,0.00,0.00,0.00,0.00,0.00,0.00
97.615172,-47.575803,-211.791575,155.935959,-72.034243,-261.083701,133.746658,-25.757465,-218.74685,118.967834,0.00,0.00,0.00,0.00,0.00,0.00,0.00,0.00,0.00,0.00,0.00,0.00
97.740406,-49.125754,-217.667894,155.346848,-73.09265,-265.125508,133.306,-27.677594,-222.75835,118.398537,0.00,0.00,0.00,0.00,0.00,0.00,0.00,0.00,0.00,0.00,0.00,0.00
97.866079,-49.696856,-222.584937,154.545456,-73.03953,-265.24203,131.786194,-30.696789,-225.546779,117.993835,0.00,0.00,0.00,0.00,0.00,0.00,0.00,0.00,0.00,0.00,0.00,0.00
97.991127,-46.842581,-226.003905,151.950745,-66.426902,-258.568558,127.797729,-33.117481,-226.843292,117.362595,0.00,0.00,0.00,0.00,0.00,0.00,0.00,0.00,0.00,0.00,0.00,0.00
98.11683,-43.281627,-227.525868,149.821564,-56.666003,-252.098061,120.867279,-33.611113,-226.315354,116.065002,0.00,0.00,0.00,0.00,0.00,0.00,0.00,0.00,0.00,0.00,0.00,0.00
98.241526,-38.994439,-228.913465,148.787689,-46.363766,-247.797276,114.159233,-31.333773,-225.542071,114.38443,0.00,0.00,0.00,0.00,0.00,0.00,0.00,0.00,0.00,0.00,0.00,0.00
98.36716,-32.883447,-230.907257,147.982697,-37.815001,-245.714411,109.746353,-26.171475,-225.667365,112.73188,0.00,0.00,0.00,0.00,0.00,0.00,0.00,0.00,0.00,0.00,0.00,0.00
98.49241,-24.776608,-232.673933,147.251831,-28.385202,-245.197748,106.828705,-18.259062,-225.957321,111.781097,0.00,0.00,0.00,0.00,0.00,0.00,0.00,0.00,0.00,0.00,0.00,0.00
98.617917,-14.409514,-233.681432,147.507843,-15.412645,-246.582582,106.064827,-7.411359,-226.046214,111.25396,0.00,0.00,0.00,0.00,0.00,0.00,0.00,0.00,0.00,0.00,0.00,0.00
98.743664,-2.779637,-234.444405,149.047897,-0.100579,-248.449308,108.287041,5.80779,-226.671417,113.449402,0.00,0.00,0.00,0.00,0.00,0.00,0.00,0.00,0.00,0.00,0.00,0.00
98.868307,8.374202,-235.342136,149.959732,13.482805,-249.557289,110.32299,17.64851,-227.149969,115.831955,0.00,0.00,0.00,0.00,0.00,0.00,0.00,0.00,0.00,0.00,0.00,0.00
98.993328,20.018587,-236.313242,149.908981,26.094904,-250.501863,109.434166,29.031949,-227.616251,115.613419,0.00,0.00,0.00,0.00,0.00,0.00,0.00,0.00,0.00,0.00,0.00,0.00
99.118383,32.634078,-237.144608,148.795837,40.860235,-251.314693,106.508568,41.40079,-227.414596,113.321091,0.00,0.00,0.00,0.00,0.00,0.00,0.00,0.00,0.00,0.00,0.00,0.00
99.24366,45.715165,-237.503866,149.372299,57.632158,-251.362471,108.138962,54.749322,-226.0392,112.867691,0.00,0.00,0.00,0.00,0.00,0.00,0.00,0.00,0.00,0.00,0.00,0.00
99.369223,59.278611,-235.642414,151.958542,73.891448,-248.317944,110.411049,65.482227,-223.078793,114.883293,0.00,0.00,0.00,0.00,0.00,0.00,0.00,0.00,0.00,0.00,0.00,0.00
99.494692,71.782471,-232.363211,152.475967,87.796549,-241.971535,111.04026,75.276569,-217.851171,114.101952,0.00,0.00,0.00,0.00,0.00,0.00,0.00,0.00,0.00,0.00,0.00,0.00
99.620261,83.725861,-228.212399,151.363373,99.758422,-234.520021,110.625435,87.4696,-211.487943,111.801399,0.00,0.00,0.00,0.00,0.00,0.00,0.00,0.00,0.00,0.00,0.00,0.00
99.745544,95.203575,-223.324038,152.13356,111.768193,-227.932567,111.097916,103.039085,-204.689569,112.588196,0.00,0.00,0.00,0.00,0.00,0.00,0.00,0.00,0.00,0.00,0.00,0.00
99.857045,104.708906,-219.208047,154.038422,122.105471,-224.61088,113.588158,118.927895,-198.357308,115.041763,0.00,0.00,0.00,0.00,0.00,0.00,0.00,0.00,0.00,0.00,0.00,0.00
99.982317,114.635304,-214.986506,154.86879,131.692029,-220.73007,113.089874,137.106523,-190.074706,119.218903,0.00,0.00,0.00,0.00,0.00,0.00,0.00,0.00,0.00,0.00,0.00,0.00
100.107072,123.959826,-210.7881,153.921173,140.790509,-215.367464,110.091705,153.728398,-180.940988,122.919052,0.00,0.00,0.00,0.00,0.00,0.00,0.00,0.00,0.00,0.00,0.00,0.00
100.23279,132.804469,-206.319459,153.88533,150.203085,-210.101264,110.511269,167.874401,-172.337376,126.475037,0.00,0.00,0.00,0.00,0.00,0.00,0.00,0.00,0.00,0.00,0.00,0.00
100.357807,140.229162,-201.443697,155.474548,156.208239,-205.995612,112.498764,179.569631,-164.765715,129.292206,0.00,0.00,0.00,0.00,0.00,0.00,0.00,0.00,0.00,0.00,0.00,0.00
100.483861,145.811228,-196.330619,156.597626,159.888388,-204.734396,112.066925,188.056652,-159.079328,131.068306,0.00,0.00,0.00,0.00,0.00,0.00,0.00,0.00,0.00,0.00,0.00,0.00
100.60799,149.936326,-191.262525,156.337814,161.523048,-202.754024,111.035744,194.414162,-155.0774,132.27713,0.00,0.00,0.00,0.00,0.00,0.00,0.00,0.00,0.00,0.00,0.00,0.00
100.733401,153.239364,-186.925192,155.746109,161.227103,-198.906158,110.182648,196.549578,-153.559703,132.423767,0.00,0.00,0.00,0.00,0.00,0.00,0.00,0.00,0.00,0.00,0.00,0.00
100.859311,155.668775,-186.317306,156.275787,159.575645,-194.659333,109.957878,191.833496,-158.22947,131.209427,0.00,0.00,0.00,0.00,0.00,0.00,0.00,0.00,0.00,0.00,0.00,0.00
100.985195,154.36096,-188.211346,154.737,155.353684,-193.715943,110.765007,185.522013,-167.612233,128.104401,0.00,0.00,0.00,0.00,0.00,0.00,0.00,0.00,0.00,0.00,0.00,0.00
101.110893,149.600764,-190.265247,152.658157,150.060906,-194.468508,110.926895,179.770071,-178.118404,124.996689,0.00,0.00,0.00,0.00,0.00,0.00,0.00,0.00,0.00,0.00,0.00,0.00
101.236339,143.544413,-192.093472,151.003128,144.878165,-195.556126,110.85862,172.477191,-188.270147,122.32473,0.00,0.00,0.00,0.00,0.00,0.00,0.00,0.00,0.00,0.00,0.00,0.00
101.361469,137.23554,-194.304484,148.969482,138.719035,-197.868957,109.762688,162.855997,-197.752912,119.321114,0.00,0.00,0.00,0.00,0.00,0.00,0.00,0.00,0.00,0.00,0.00,0.00
101.486181,130.188544,-198.733238,147.662674,129.698631,-202.137887,108.423271,151.134956,-206.78769,117.67952,0.00,0.00,0.00,0.00,0.00,0.00,0.00,0.00,0.00,0.00,0.00,0.00
101.611055,122.248186,-203.709081,148.907242,118.552482,-207.857686,108.963127,137.827934,-215.062392,117.353752,0.00,0.00,0.00,0.00,0.00,0.00,0.00,0.00,0.00,0.00,0.00,0.00
101.736955,114.697484,-208.68413,150.995956,107.640754,-212.526778,109.593719,126.103316,-222.03639,118.157013,0.00,0.00,0.00,0.00,0.00,0.00,0.00,0.00,0.00,0.00,0.00,0.00
101.861975,106.79643,-213.949426,152.449112,98.406478,-216.234207,109.573868,116.113373,-228.256247,119.059128,0.00,0.00,0.00,0.00,0.00,0.00,0.00,0.00,0.00,0.00,0.00,0.00
101.987206,98.955769,-219.238315,152.167892,88.552969,-220.621782,108.830383,106.262581,-234.803593,117.623238,0.00,0.00,0.00,0.00,0.00,0.00,0.00,0.00,0.00,0.00,0.00,0.00
102.112622,91.26856,-225.478753,151.056824,75.566562,-227.566331,109.931282,95.999868,-241.994241,115.8181,0.00,0.00,0.00,0.00,0.00,0.00,0.00,0.00,0.00,0.00,0.00,0.00
102.237959,83.37906,-231.825982,151.328918,60.991638,-235.521762,113.477867,85.862613,-249.32094,115.722275,0.00,0.00,0.00,0.00,0.00,0.00,0.00,0.00,0.00,0.00,0.00,0.00
102.363092,75.000556,-237.022057,153.401077,46.740396,-242.789694,118.957199,76.96956,-254.172244,116.809525,0.00,0.00,0.00,0.00,0.00,0.00,0.00,0.00,0.00,0.00,0.00,0.00
102.488297,67.405966,-240.909159,154.07872,32.564867,-250.482094,123.633926,70.215709,-257.614842,118.766243,0.00,0.00,0.00,0.00,0.00,0.00,0.00,0.00,0.00,0.00,0.00,0.00
102.613342,59.556181,-243.753741,153.60051,19.393669,-258.444446,127.656441,65.249818,-259.90657,118.885162,0.00,0.00,0.00,0.00,0.00,0.00,0.00,0.00,0.00,0.00,0.00,0.00
102.73852,50.962738,-245.872819,153.712128,8.023243,-265.935816,131.032745,59.709473,-261.240456,117.904335,0.00,0.00,0.00,0.00,0.00,0.00,0.00,0.00,0.00,0.00,0.00,0.00
102.864174,42.667798,-247.633726,154.660034,0.611637,-271.138678,132.372375,53.083604,-261.340964,118.225647,0.00,0.00,0.00,0.00,0.00,0.00,0.00,0.00,0.00,0.00,0.00,0.00
102.989269,36.683102,-248.809672,155.151749,-0.93091,-272.49507,131.85894,48.334702,-260.214441,119.155113,0.00,0.00,0.00,0.00,0.00,0.00,0.00,0.00,0.00,0.00,0.00,0.00
103.114524,33.737641,-250.271304,155.088287,4.568488,-268.633474,130.186119,46.039722,-259.06197,119.379272,0.00,0.00,0.00,0.00,0.00,0.00,0.00,0.00,0.00,0.00,0.00,0.00
103.240519,35.313693,-252.521896,154.086639,15.282929,-263.760914,125.28569,46.125344,-257.183094,119.446213,0.00,0.00,0.00,0.00,0.00,0.00,0.00,0.00,0.00,0.00,0.00,0.00
103.365971,40.132691,-252.847749,152.139053,26.048911,-261.989012,118.142563,49.181996,-254.055069,119.186073,0.00,0.00,0.00,0.00,0.00,0.00,0.00,0.00,0.00,0.00,0.00,0.00
103.491342,47.123417,-250.289722,150.306366,35.418974,-261.374523,113.283028,53.309689,-249.578365,118.26841,0.00,0.00,0.00,0.00,0.00,0.00,0.00,0.00,0.00,0.00,0.00,0.00
103.616624,54.886683,-245.630627,148.877975,46.10902,-258.294574,111.289055,59.575586,-244.381601,116.651657,0.00,0.00,0.00,0.00,0.00,0.00,0.00,0.00,0.00,0.00,0.00,0.00
103.741457,62.996718,-240.85324,147.512451,58.366605,-255.5464,109.907845,67.501918,-239.872886,114.597504,0.00,0.00,0.00,0.00,0.00,0.00,0.00,0.00,0.00,0.00,0.00,0.00
103.866607,71.652464,-236.031617,146.822784,71.384494,-252.175011,109.27079,77.016426,-235.719511,113.16996,0.00,0.00,0.00,0.00,0.00,0.00,0.00,0.00,0.00,0.00,0.00,0.00
103.99175,78.967456,-231.228827,147.658112,83.675816,-248.311396,109.634117,85.583284,-230.577521,113.740044,0.00,0.00,0.00,0.00,0.00,0.00,0.00,0.00,0.00,0.00,0.00,0.00
104.117144,86.244827,-227.014819,149.556015,93.990888,-244.803209,110.922867,92.942391,-225.288938,114.53952,0.00,0.00,0.00,0.00,0.00,0.00,0.00,0.00,0.00,0.00,0.00,0.00
104.242715,93.369062,-222.8403,150.977295,103.880954,-239.829239,110.122231,99.163071,-219.274547,114.753967,0.00,0.00,0.00,0.00,0.00,0.00,0.00,0.00,0.00,0.00,0.00,0.00
104.368072,99.894338,-218.976635,149.976349,112.781052,-231.142337,107.383698,104.003492,-213.036744,113.291862,0.00,0.00,0.00,0.00,0.00,0.00,0.00,0.00,0.00,0.00,0.00,0.00
104.493161,106.435563,-212.650713,150.840591,120.36241,-220.762107,107.974106,105.840114,-206.834595,113.117928,0.00,0.00,0.00,0.00,0.00,0.00,0.00,0.00,0.00,0.00,0.00,0.00
104.618462,111.245242,-204.206651,151.083405,125.188702,-209.320274,108.031113,106.313686,-199.167245,112.543671,0.00,0.00,0.00,0.00,0.00,0.00,0.00,0.00,0.00,0.00,0.00,0.00
104.743606,114.486465,-194.161775,149.318741,125.890451,-196.501348,106.049004,106.837638,-189.271073,111.014145,0.00,0.00,0.00,0.00,0.00,0.00,0.00,0.00,0.00,0.00,0.00,0.00
104.868937,116.063758,-182.795272,148.499496,126.509777,-181.736212,104.554741,107.894581,-175.73208,109.909218,0.00,0.00,0.00,0.00,0.00,0.00,0.00,0.00,0.00,0.00,0.00,0.00
104.99405,117.13153,-170.851132,150.469376,128.440359,-167.026893,107.65815,109.227013,-161.927385,113.375259,0.00,0.00,0.00,0.00,0.00,0.00,0.00,0.00,0.00,0.00,0.00,0.00
105.119294,118.62722,-159.181547,151.822876,131.131006,-154.240932,109.790733,110.798541,-148.842011,115.638962,0.00,0.00,0.00,0.00,0.00,0.00,0.00,0.00,0.00,0.00,0.00,0.00
105.244536,120.238434,-147.154583,151.566299,133.46553,-140.954088,109.120491,112.58901,-135.28321,115.488983,0.00,0.00,0.00,0.00,0.00,0.00,0.00,0.00,0.00,0.00,0.00,0.00
105.370377,122.477131,-134.951863,151.246277,134.8341,-126.574075,107.856728,115.360332,-119.729132,114.719444,0.00,0.00,0.00,0.00,0.00,0.00,0.00,0.00,0.00,0.00,0.00,0.00
105.481872,123.853003,-123.714733,152.923187,135.517088,-114.615412,109.385986,119.57884,-105.81685,115.261429,0.00,0.00,0.00,0.00,0.00,0.00,0.00,0.00,0.00,0.00,0.00,0.00
105.607268,124.375048,-111.565869,154.544922,136.003731,-102.68658,111.620468,123.574054,-92.609447,116.503983,0.00,0.00,0.00,0.00,0.00,0.00,0.00,0.00,0.00,0.00,0.00,0.00
105.732707,124.974728,-99.473389,154.124451,137.162889,-91.671457,111.49073,127.475828,-77.716164,116.739059,0.00,0.00,0.00,0.00,0.00,0.00,0.00,0.00,0.00,0.00,0.00,0.00
105.858082,125.842084,-87.974626,152.507721,139.470131,-82.768021,108.916023,133.094725,-62.631105,117.564476,0.00,0.00,0.00,0.00,0.00,0.00,0.00,0.00,0.00,0.00,0.00,0.00
105.983398,127.676984,-77.229969,154.159958,141.219108,-74.832702,108.040192,142.0715,-49.034948,120.149834,0.00,0.00,0.00,0.00,0.00,0.00,0.00,0.00,0.00,0.00,0.00,0.00
106.108046,130.662864,-68.050221,156.000778,143.248232,-68.854079,109.947876,154.845825,-37.59684,123.866226,0.00,0.00,0.00,0.00,0.00,0.00,0.00,0.00,0.00,0.00,0.00,0.00
106.233656,134.65192,-60.711238,156.092194,146.397615,-64.541924,109.251404,166.992177,-29.363863,126.832802,0.00,0.00,0.00,0.00,0.00,0.00,0.00,0.00,0.00,0.00,0.00,0.00
106.359019,140.212201,-55.075171,155.726837,151.754371,-60.251977,107.930412,177.736084,-23.103624,128.23912,0.00,0.00,0.00,0.00,0.00,0.00,0.00,0.00,0.00,0.00,0.00,0.00
106.484379,146.788177,-50.78421,156.44281,158.282265,-56.581846,109.131081,187.855858,-16.627748,129.174294,0.00,0.00,0.00,0.00,0.00,0.00,0.00,0.00,0.00,0.00,0.00,0.00
106.609412,152.236711,-47.554621,156.71817,162.941333,-55.054558,110.051994,194.256648,-12.127256,130.098145,0.00,0.00,0.00,0.00,0.00,0.00,0.00,0.00,0.00,0.00,0.00,0.00
106.734579,155.475216,-45.342252,156.940445,165.163443,-53.665813,110.238625,195.954332,-10.622843,130.189804,0.00,0.00,0.00,0.00,0.00,0.00,0.00,0.00,0.00,0.00,0.00,0.00
106.86008,156.601676,-43.560199,157.424957,166.361533,-50.098038,111.509377,188.691419,-13.920719,129.184265,0.00,0.00,0.00,0.00,0.00,0.00,0.00,0.00,0.00,0.00,0.00,0.00
106.985335,154.587039,-40.55006,157.180878,165.980834,-44.407464,113.308945,173.843315,-18.151511,125.640381,0.00,0.00,0.00,0.00,0.00,0.00,0.00,0.00,0.00,0.00,0.00,0.00
107.110528,148.851413,-38.190008,155.384308,163.317604,-38.481835,114.23407,157.38284,-22.313523,121.781708,0.00,0.00,0.00,0.00,0.00,0.00,0.00,0.00,0.00,0.00,0.00,0.00
107.235666,141.537224,-38.377873,153.329254,159.18139,-33.601452,115.120476,143.098011,-26.346446,118.667442,0.00,0.00,0.00,0.00,0.00,0.00,0.00,0.00,0.00,0.00,0.00,0.00
107.361143,134.515259,-39.623625,151.955063,151.263611,-28.919701,114.700485,132.119234,-32.064415,116.737404,0.00,0.00,0.00,0.00,0.00,0.00,0.00,0.00,0.00,0.00,0.00,0.00
107.486129,127.379971,-40.638818,151.214966,139.631965,-26.408677,114.39637,122.153423,-35.36752,115.63752,0.00,0.00,0.00,0.00,0.00,0.00,0.00,0.00,0.00,0.00,0.00,0.00
107.61151,118.812348,-40.93083,151.155518,126.52596,-25.631606,113.514511,112.182286,-38.43539,114.967461,0.00,0.00,0.00,0.00,0.00,0.00,0.00,0.00,0.00,0.00,0.00,0.00
107.737118,108.753967,-41.283312,151.421936,112.901816,-25.298568,111.968819,101.024747,-41.128522,113.654495,0.00,0.00,0.00,0.00,0.00,0.00,0.00,0.00,0.00,0.00,0.00,0.00
107.862589,97.782372,-42.226029,152.283661,98.588382,-26.377442,111.82869,89.450821,-43.682382,114.549797,0.00,0.00,0.00,0.00,0.00,0.00,0.00,0.00,0.00,0.00,0.00,0.00
107.987929,87.018999,-43.388138,153.021835,86.792393,-27.524502,113.739029,79.1273,-45.637782,116.028648,0.00,0.00,0.00,0.00,0.00,0.00,0.00,0.00,0.00,0.00,0.00,0.00
108.11341,76.298602,-44.301843,151.769501,75.28212,-27.914328,113.216202,69.143541,-47.669953,116.83165,0.00,0.00,0.00,0.00,0.00,0.00,0.00,0.00,0.00,0.00,0.00,0.00
108.238463,64.564481,-44.782932,149.507553,61.693566,-27.394976,110.688225,58.28764,-49.618738,115.700607,0.00,0.00,0.00,0.00,0.00,0.00,0.00,0.00,0.00,0.00,0.00,0.00
108.363569,51.465437,-44.468634,147.924454,45.53612,-26.121498,109.0215,45.741366,-52.071306,114.21962,0.00,0.00,0.00,0.00,0.00,0.00,0.00,0.00,0.00,0.00,0.00,0.00
108.489078,37.979734,-45.178388,149.169434,28.670941,-27.2616,110.470764,33.683898,-55.733523,115.318314,0.00,0.00,0.00,0.00,0.00,0.00,0.00,0.00,0.00,0.00,0.00,0.00
108.61405,25.727961,-47.823727,150.957169,14.011247,-32.222014,113.234108,25.642407,-60.441899,117.107552,0.00,0.00,0.00,0.00,0.00,0.00,0.00,0.00,0.00,0.00,0.00,0.00
108.753336,13.088715,-52.487101,149.566315,-0.648833,-39.650886,112.911598,17.06055,-66.856205,114.90844,0.00,0.00,0.00,0.00,0.00,0.00,0.00,0.00,0.00,0.00,0.00,0.00
108.864605,3.382532,-57.467459,147.29216,-12.71243,-46.001644,112.028648,8.856192,-73.097198,112.576134,0.00,0.00,0.00,0.00,0.00,0.00,0.00,0.00,0.00,0.00,0.00,0.00
108.989731,-8.202348,-64.244203,147.752686,-27.713095,-52.517284,112.336594,-3.276186,-80.640782,112.868584,0.00,0.00,0.00,0.00,0.00,0.00,0.00,0.00,0.00,0.00,0.00,0.00109.115229,-19.488864,-69.543225,151.056,-43.688249,-57.957005,114.362305,-15.18885,-86.566554,116.410904,0.00,0.00,0.00,0.00,0.00,0.00,0.00,0.00,0.00,0.00,0.00,0.00
109.240453,-29.10101,-72.355871,153.349976,-61.7483,-62.585263,117.209854,-24.680881,-90.784848,119.253998,0.00,0.00,0.00,0.00,0.00,0.00,0.00,0.00,0.00,0.00,0.00,0.00
109.365972,-38.42956,-74.482823,153.92955,-80.736774,-66.557426,120.889282,-32.877982,-94.26781,120.726891,0.00,0.00,0.00,0.00,0.00,0.00,0.00,0.00,0.00,0.00,0.00,0.00
109.490915,-49.202753,-76.588282,153.861862,-99.9908,-69.385057,126.034035,-41.048732,-96.963154,120.995918,0.00,0.00,0.00,0.00,0.00,0.00,0.00,0.00,0.00,0.00,0.00,0.00
109.616512,-61.814316,-78.697426,153.84169,-118.321012,-72.90038,130.827492,-50.076271,-99.360863,119.512535,0.00,0.00,0.00,0.00,0.00,0.00,0.00,0.00,0.00,0.00,0.00,0.00
109.742256,-73.083352,-80.344872,155.154297,-131.455483,-75.736243,132.421417,-57.700509,-100.550705,119.55703,0.00,0.00,0.00,0.00,0.00,0.00,0.00,0.00,0.00,0.00,0.00,0.00
109.867181,-80.045245,-81.667859,155.431702,-138.221814,-77.415451,132.924301,-62.423422,-101.046814,119.734573,0.00,0.00,0.00,0.00,0.00,0.00,0.00,0.00,0.00,0.00,0.00,0.00
109.99217,-83.289713,-82.8597,155.618011,-141.503486,-77.794524,132.679733,-64.760016,-101.587096,119.982391,0.00,0.00,0.00,0.00,0.00,0.00,0.00,0.00,0.00,0.00,0.00,0.00
110.118163,-84.249828,-84.78861,156.207596,-137.989362,-79.42281,132.247025,-65.863814,-102.377745,120.524254,0.00,0.00,0.00,0.00,0.00,0.00,0.00,0.00,0.00,0.00,0.00,0.00
110.243481,-82.650877,-88.613952,156.006699,-125.343719,-82.42597,130.271782,-66.09738,-103.292451,120.74054,0.00,0.00,0.00,0.00,0.00,0.00,0.00,0.00,0.00,0.00,0.00,0.00
110.369345,-78.36176,-93.810089,155.251572,-109.863498,-87.892384,125.246193,-64.740904,-105.236721,120.877487,0.00,0.00,0.00,0.00,0.00,0.00,0.00,0.00,0.00,0.00,0.00,0.00
110.494515,-72.702927,-99.358624,154.184402,-96.20838,-96.818091,119.084648,-61.693166,-108.682221,120.356453,0.00,0.00,0.00,0.00,0.00,0.00,0.00,0.00,0.00,0.00,0.00,0.00
110.620032,-66.829439,-105.651548,152.766449,-83.300144,-107.250004,113.344627,-55.927105,-113.680717,118.958382,0.00,0.00,0.00,0.00,0.00,0.00,0.00,0.00,0.00,0.00,0.00,0.00
110.744902,-60.589256,-113.589646,151.753418,-73.020334,-117.407756,108.781494,-48.801981,-121.043973,117.087997,0.00,0.00,0.00,0.00,0.00,0.00,0.00,0.00,0.00,0.00,0.00,0.00
110.870402,-55.158258,-122.324362,152.830307,-65.998264,-128.353349,108.662369,-42.233716,-129.835967,117.117241,0.00,0.00,0.00,0.00,0.00,0.00,0.00,0.00,0.00,0.00,0.00,0.00
110.982075,-51.173302,-130.186256,154.262665,-62.112927,-136.905677,110.492638,-37.671294,-137.242173,118.273438,0.00,0.00,0.00,0.00,0.00,0.00,0.00,0.00,0.00,0.00,0.00,0.00
111.107309,-48.620988,-138.721905,154.541641,-61.565178,-146.456618,108.897942,-35.174722,-145.585727,118.429413,0.00,0.00,0.00,0.00,0.00,0.00,0.00,0.00,0.00,0.00,0.00,0.00
111.232934,-48.5411,-148.066979,153.574081,-63.070962,-157.621658,107.99585,-35.757619,-154.300502,117.019836,0.00,0.00,0.00,0.00,0.00,0.00,0.00,0.00,0.00,0.00,0.00,0.00
111.357915,-50.806131,-158.132032,152.445465,-66.373152,-173.126854,107.458633,-37.25494,-164.166181,115.814308,0.00,0.00,0.00,0.00,0.00,0.00,0.00,0.00,0.00,0.00,0.00,0.00
111.48374,-54.099932,-168.204853,153.231277,-69.980716,-192.541193,110.730713,-39.729641,-175.935645,116.238518,0.00,0.00,0.00,0.00,0.00,0.00,0.00,0.00,0.00,0.00,0.00,0.00
111.608592,-56.741907,-178.359911,155.055389,-71.855452,-211.411329,118.395714,-41.74401,-185.366552,118.462067,0.00,0.00,0.00,0.00,0.00,0.00,0.00,0.00,0.00,0.00,0.00,0.00
111.733625,-58.217675,-187.342903,155.817322,-72.734013,-229.001837,126.290207,-41.584984,-192.0665,119.070786,0.00,0.00,0.00,0.00,0.00,0.00,0.00,0.00,0.00,0.00,0.00,0.00
111.85868,-58.689478,-195.451612,154.913406,-73.033151,-243.734853,131.725746,-40.417756,-199.240816,118.596962,0.00,0.00,0.00,0.00,0.00,0.00,0.00,0.00,0.00,0.00,0.00,0.00
111.984339,-58.058052,-203.357521,154.18399,-74.033951,-255.862473,133.46431,-38.802382,-207.330228,119.309547,0.00,0.00,0.00,0.00,0.00,0.00,0.00,0.00,0.00,0.00,0.00,0.00
112.109398,-56.970202,-211.125791,154.574875,-74.011607,-264.320679,134.144241,-37.190949,-214.604209,121.015244,0.00,0.00,0.00,0.00,0.00,0.00,0.00,0.00,0.00,0.00,0.00,0.00
112.234299,-55.593211,-217.677111,154.883072,-73.588919,-267.961921,133.297729,-36.536293,-220.526131,121.382034,0.00,0.00,0.00,0.00,0.00,0.00,0.00,0.00,0.00,0.00,0.00,0.00
112.359372,-53.347348,-223.759169,154.95784,-72.124268,-265.36086,130.748253,-35.866934,-225.531214,121.065552,0.00,0.00,0.00,0.00,0.00,0.00,0.00,0.00,0.00,0.00,0.00,0.00
112.48479,-49.928988,-229.463552,154.439758,-67.136359,-259.03796,125.738266,-34.854815,-230.374088,120.585205,0.00,0.00,0.00,0.00,0.00,0.00,0.00,0.00,0.00,0.00,0.00,0.00
112.610372,-45.470021,-233.679324,153.604691,-59.433349,-254.96154,119.793053,-34.193604,-234.128521,120.554222,0.00,0.00,0.00,0.00,0.00,0.00,0.00,0.00,0.00,0.00,0.00,0.00
112.735743,-40.562834,-236.266666,152.642487,-50.613685,-255.341219,114.946068,-32.308707,-235.527792,120.107773,0.00,0.00,0.00,0.00,0.00,0.00,0.00,0.00,0.00,0.00,0.00,0.00
112.861156,-35.16387,-237.68817,151.52655,-41.532741,-254.634018,112.330368,-28.528098,-235.643312,118.897606,0.00,0.00,0.00,0.00,0.00,0.00,0.00,0.00,0.00,0.00,0.00,0.00
112.98628,-28.118012,-238.6937,150.274704,-31.404948,-254.763086,109.962883,-22.518829,-235.341602,117.098,0.00,0.00,0.00,0.00,0.00,0.00,0.00,0.00,0.00,0.00,0.00,0.00
113.11188,-19.193681,-239.538699,149.211655,-19.241297,-255.27933,107.751167,-14.000396,-234.721718,115.519348,0.00,0.00,0.00,0.00,0.00,0.00,0.00,0.00,0.00,0.00,0.00,0.00
113.237161,-8.265031,-239.863008,149.583786,-5.811193,-254.411475,107.196129,-2.019643,-234.224588,115.106697,0.00,0.00,0.00,0.00,0.00,0.00,0.00,0.00,0.00,0.00,0.00,0.00
113.362667,3.673133,-239.877858,150.884888,8.965892,-254.945101,108.949478,11.052403,-233.596639,117.221001,0.00,0.00,0.00,0.00,0.00,0.00,0.00,0.00,0.00,0.00,0.00,0.00
113.488198,14.942147,-240.238537,151.69989,21.571347,-255.039425,110.221596,22.942276,-232.931605,118.594498,0.00,0.00,0.00,0.00,0.00,0.00,0.00,0.00,0.00,0.00,0.00,0.00
113.612602,26.48706,-240.573845,151.268265,34.153165,-255.406668,109.434097,35.077345,-232.341225,117.954674,0.00,0.00,0.00,0.00,0.00,0.00,0.00,0.00,0.00,0.00,0.00,0.00
113.738049,38.9587,-241.045341,149.700104,48.368621,-254.603351,107.617134,48.874466,-231.586229,116.038231,0.00,0.00,0.00,0.00,0.00,0.00,0.00,0.00,0.00,0.00,0.00,0.00
113.863856,52.105314,-241.279296,150.124573,63.623953,-251.700131,108.249557,63.364174,-230.017976,115.999008,0.00,0.00,0.00,0.00,0.00,0.00,0.00,0.00,0.00,0.00,0.00,0.00
113.988971,65.501236,-239.578994,152.928375,77.735009,-247.83918,110.581329,75.687954,-226.705212,117.653397,0.00,0.00,0.00,0.00,0.00,0.00,0.00,0.00,0.00,0.00,0.00,0.00
114.114396,77.359303,-236.139013,153.703094,89.224207,-242.471107,110.291153,86.868374,-221.057065,118.055359,0.00,0.00,0.00,0.00,0.00,0.00,0.00,0.00,0.00,0.00,0.00,0.00
114.239801,88.401251,-231.079943,151.988861,100.809699,-236.475153,107.918091,98.444346,-213.361526,116.967491,0.00,0.00,0.00,0.00,0.00,0.00,0.00,0.00,0.00,0.00,0.00,0.00
114.365056,98.899896,-224.572899,151.275162,113.069838,-228.699079,107.785118,111.900487,-203.703379,118.430794,0.00,0.00,0.00,0.00,0.00,0.00,0.00,0.00,0.00,0.00,0.00,0.00
114.490148,108.708664,-217.613724,153.36232,123.72839,-220.731478,110.300392,127.759348,-193.933712,121.966103,0.00,0.00,0.00,0.00,0.00,0.00,0.00,0.00,0.00,0.00,0.00,0.00
114.615592,117.366044,-211.611791,154.698898,131.679165,-215.378201,111.745445,143.531746,-185.061778,125.598946,0.00,0.00,0.00,0.00,0.00,0.00,0.00,0.00,0.00,0.00,0.00,0.00
114.740602,125.564,-205.888191,154.637634,140.229313,-209.656645,111.551208,157.783275,-176.964874,127.658073,0.00,0.00,0.00,0.00,0.00,0.00,0.00,0.00,0.00,0.00,0.00,0.00
114.866193,133.526753,-200.601689,153.152725,149.244918,-203.984467,110.585548,170.422939,-169.817784,129.271698,0.00,0.00,0.00,0.00,0.00,0.00,0.00,0.00,0.00,0.00,0.00,0.00
114.99148,141.529199,-195.522683,153.786514,157.622983,-198.937962,111.094505,182.736431,-162.605728,130.538635,0.00,0.00,0.00,0.00,0.00,0.00,0.00,0.00,0.00,0.00,0.00,0.00
115.116953,148.073748,-190.575484,155.00885,162.645694,-195.661559,112.340263,190.98196,-157.339056,132.048035,0.00,0.00,0.00,0.00,0.00,0.00,0.00,0.00,0.00,0.00,0.00,0.00
115.241577,152.518457,-186.377751,155.731293,164.251701,-193.939993,112.555138,194.60192,-154.021227,132.562531,0.00,0.00,0.00,0.00,0.00,0.00,0.00,0.00,0.00,0.00,0.00,0.00
115.367466,155.317707,-183.795768,155.064911,163.51772,-192.019665,111.965424,191.606881,-155.138164,131.581146,0.00,0.00,0.00,0.00,0.00,0.00,0.00,0.00,0.00,0.00,0.00,0.00
115.493076,157.230531,-183.882012,153.949402,160.146801,-190.560863,110.743309,186.056976,-162.53617,128.403702,0.00,0.00,0.00,0.00,0.00,0.00,0.00,0.00,0.00,0.00,0.00,0.00
115.618865,154.471726,-185.678548,152.192642,155.400193,-189.521294,109.768791,180.308915,-173.726902,124.281723,0.00,0.00,0.00,0.00,0.00,0.00,0.00,0.00,0.00,0.00,0.00,0.00
115.744495,148.391887,-187.293637,150.644806,148.811196,-189.82306,109.174637,171.435036,-182.9399,120.597939,0.00,0.00,0.00,0.00,0.00,0.00,0.00,0.00,0.00,0.00,0.00,0.00
115.869375,142.239636,-188.885481,149.351364,142.178244,-191.016907,108.825188,160.816721,-189.235751,117.627945,0.00,0.00,0.00,0.00,0.00,0.00,0.00,0.00,0.00,0.00,0.00,0.00
115.994413,135.058376,-191.45714,147.956085,135.542129,-193.3974,108.0401,151.441468,-194.988227,116.108398,0.00,0.00,0.00,0.00,0.00,0.00,0.00,0.00,0.00,0.00,0.00,0.00
116.119593,126.672537,-195.904244,147.011307,126.512787,-198.264216,106.788666,140.883039,-202.728497,115.198212,0.00,0.00,0.00,0.00,0.00,0.00,0.00,0.00,0.00,0.00,0.00,0.00
116.244944,118.15639,-201.164706,148.542709,115.481824,-204.76228,108.188301,129.754932,-210.268925,116.050179,0.00,0.00,0.00,0.00,0.00,0.00,0.00,0.00,0.00,0.00,0.00,0.00
116.370428,110.649463,-206.011704,151.033661,106.400896,-210.568022,108.920555,121.32775,-216.178612,118.077995,0.00,0.00,0.00,0.00,0.00,0.00,0.00,0.00,0.00,0.00,0.00,0.00
116.481904,104.774084,-209.914866,152.384338,99.588814,-215.330137,109.13929,114.676066,-221.590233,118.968811,0.00,0.00,0.00,0.00,0.00,0.00,0.00,0.00,0.00,0.00,0.00,0.00
116.606953,98.296703,-214.695307,152.649292,91.100152,-221.871623,109.09874,106.812249,-228.640984,118.626099,0.00,0.00,0.00,0.00,0.00,0.00,0.00,0.00,0.00,0.00,0.00,0.00
116.732424,91.668808,-220.252094,151.62323,80.900959,-230.163454,110.241676,98.762995,-237.136859,118.221275,0.00,0.00,0.00,0.00,0.00,0.00,0.00,0.00,0.00,0.00,0.00,0.00
116.857849,85.397858,-225.956244,150.500046,69.161283,-237.924845,111.909897,91.288608,-245.734257,119.185013,0.00,0.00,0.00,0.00,0.00,0.00,0.00,0.00,0.00,0.00,0.00,0.00
116.983183,78.903146,-231.064889,151.028702,56.068158,-243.948438,115.828293,84.036557,-251.648728,120.681755,0.00,0.00,0.00,0.00,0.00,0.00,0.00,0.00,0.00,0.00,0.00,0.00
117.108008,72.251273,-234.883549,152.388168,40.224731,-249.464434,121.996002,77.626253,-254.950177,121.975739,0.00,0.00,0.00,0.00,0.00,0.00,0.00,0.00,0.00,0.00,0.00,0.00
117.233126,64.994553,-237.581161,152.331589,23.197233,-256.633324,127.018738,72.956132,-257.14349,122.141403,0.00,0.00,0.00,0.00,0.00,0.00,0.00,0.00,0.00,0.00,0.00,0.00
117.358456,56.602297,-239.142675,152.843964,10.381654,-263.790605,130.339767,66.948094,-257.339714,121.100571,0.00,0.00,0.00,0.00,0.00,0.00,0.00,0.00,0.00,0.00,0.00,0.00
117.48389,48.554409,-240.195863,154.555038,3.015624,-269.132734,132.34288,60.272968,-255.639357,121.709267,0.00,0.00,0.00,0.00,0.00,0.00,0.00,0.00,0.00,0.00,0.00,0.00
117.609122,42.658233,-241.11105,155.526672,-0.079229,-272.396163,132.029724,55.709859,-254.061707,122.133652,0.00,0.00,0.00,0.00,0.00,0.00,0.00,0.00,0.00,0.00,0.00,0.00
117.734411,39.648863,-242.404172,155.604218,4.039141,-269.287089,130.836838,53.845349,-253.06809,122.334373,0.00,0.00,0.00,0.00,0.00,0.00,0.00,0.00,0.00,0.00,0.00,0.00
117.859907,39.831738,-244.595932,155.113098,14.040946,-261.967552,126.912476,54.082228,-252.340513,122.253235,0.00,0.00,0.00,0.00,0.00,0.00,0.00,0.00,0.00,0.00,0.00,0.00
117.985522,44.44757,-247.074949,153.953278,26.457094,-258.432059,121.054413,56.646396,-250.704492,121.925049,0.00,0.00,0.00,0.00,0.00,0.00,0.00,0.00,0.00,0.00,0.00,0.00
118.110747,52.503803,-246.231243,151.553757,40.276912,-257.615009,115.611557,60.913296,-247.907649,120.894379,0.00,0.00,0.00,0.00,0.00,0.00,0.00,0.00,0.00,0.00,0.00,0.00
118.23591,60.511904,-242.46594,149.216949,51.333066,-256.817869,112.722458,66.867041,-244.305675,119.165802,0.00,0.00,0.00,0.00,0.00,0.00,0.00,0.00,0.00,0.00,0.00,0.00
118.36115,67.816258,-238.735623,147.484955,62.694822,-255.829316,110.959305,73.660627,-240.540985,116.692413,0.00,0.00,0.00,0.00,0.00,0.00,0.00,0.00,0.00,0.00,0.00,0.00
118.486185,75.552025,-235.483301,146.566177,75.111363,-253.376888,109.657028,80.886936,-237.136317,114.691139,0.00,0.00,0.00,0.00,0.00,0.00,0.00,0.00,0.00,0.00,0.00,0.00
118.611638,82.178947,-232.198919,146.504639,86.125901,-249.703466,109.771492,87.333388,-233.198451,114.262474,0.00,0.00,0.00,0.00,0.00,0.00,0.00,0.00,0.00,0.00,0.00,0.00
118.736236,88.458457,-229.709121,146.71582,95.548588,-246.182748,109.821846,92.702421,-229.507551,114.377434,0.00,0.00,0.00,0.00,0.00,0.00,0.00,0.00,0.00,0.00,0.00,0.00
118.861505,94.321575,-227.296174,146.598862,105.116685,-242.239793,109.223373,98.068289,-226.212051,114.110451,0.00,0.00,0.00,0.00,0.00,0.00,0.00,0.00,0.00,0.00,0.00,0.00
118.986209,100.126767,-224.437724,146.188171,114.320335,-236.463599,108.20269,103.146198,-222.472999,113.283485,0.00,0.00,0.00,0.00,0.00,0.00,0.00,0.00,0.00,0.00,0.00,0.00
119.111694,105.65866,-219.536212,147.561783,120.386034,-228.672531,108.080376,104.704235,-217.538045,113.791908,0.00,0.00,0.00,0.00,0.00,0.00,0.00,0.00,0.00,0.00,0.00,0.00
119.237423,109.860163,-213.00486,148.941254,122.914504,-218.513763,107.581879,104.33758,-210.544424,113.543648,0.00,0.00,0.00,0.00,0.00,0.00,0.00,0.00,0.00,0.00,0.00,0.00
119.363352,112.204626,-204.83895,148.929794,122.721463,-206.160265,106.193703,103.053994,-201.333129,112.326187,0.00,0.00,0.00,0.00,0.00,0.00,0.00,0.00,0.00,0.00,0.00,0.00
119.488643,112.93463,-194.831712,149.678497,121.37292,-192.591179,106.645576,101.216437,-189.466859,112.32151,0.00,0.00,0.00,0.00,0.00,0.00,0.00,0.00,0.00,0.00,0.00,0.00
119.614006,112.644313,-184.007487,151.78302,120.687455,-179.439725,109.20179,101.003738,-175.443564,114.574783,0.00,0.00,0.00,0.00,0.00,0.00,0.00,0.00,0.00,0.00,0.00,0.00
119.739408,112.648795,-173.51686,152.758728,121.719374,-168.700316,111.070877,102.949193,-162.164939,117.086082,0.00,0.00,0.00,0.00,0.00,0.00,0.00,0.00,0.00,0.00,0.00,0.00
119.864658,113.35733,-162.523657,152.260162,123.743113,-157.255521,110.332634,105.871994,-148.529165,117.695381,0.00,0.00,0.00,0.00,0.00,0.00,0.00,0.00,0.00,0.00,0.00,0.00
119.989383,114.984294,-150.916791,150.720474,126.365152,-144.935715,108.988503,109.234116,-134.494466,117.183128,0.00,0.00,0.00,0.00,0.00,0.00,0.00,0.00,0.00,0.00,0.00,0.00
120.114776,117.380618,-138.768458,151.035339,130.788373,-131.771916,109.042122,113.288758,-120.110723,117.362076,0.00,0.00,0.00,0.00,0.00,0.00,0.00,0.00,0.00,0.00,0.00,0.00
120.240767,119.838071,-126.122695,152.980865,134.113714,-120.110948,110.865265,116.910412,-106.763366,118.308144,0.00,0.00,0.00,0.00,0.00,0.00,0.00,0.00,0.00,0.00,0.00,0.00
120.365566,122.789644,-114.149269,154.253876,136.895927,-109.268665,111.753662,120.965343,-93.770441,118.203522,0.00,0.00,0.00,0.00,0.00,0.00,0.00,0.00,0.00,0.00,0.00,0.00
120.4911,126.035478,-102.708866,153.023193,140.325596,-98.695458,110.592354,126.488033,-80.033448,117.458946,0.00,0.00,0.00,0.00,0.00,0.00,0.00,0.00,0.00,0.00,0.00,0.00
120.616888,129.055257,-91.93553,151.917007,143.708992,-88.506766,108.791245,134.437385,-65.887343,118.335991,0.00,0.00,0.00,0.00,0.00,0.00,0.00,0.00,0.00,0.00,0.00,0.00
120.74146,132.648597,-81.78538,153.45491,147.77767,-79.977238,110.30542,145.548755,-52.526211,120.709686,0.00,0.00,0.00,0.00,0.00,0.00,0.00,0.00,0.00,0.00,0.00,0.00
120.86667,137.194054,-73.141122,154.911957,151.756639,-74.462855,110.903198,158.256564,-41.191956,123.701477,0.00,0.00,0.00,0.00,0.00,0.00,0.00,0.00,0.00,0.00,0.00,0.00
120.991924,142.452834,-65.852994,154.62619,156.582924,-67.970156,109.560013,169.881995,-32.433877,125.240211,0.00,0.00,0.00,0.00,0.00,0.00,0.00,0.00,0.00,0.00,0.00,0.00
121.11723,148.964825,-59.611103,154.610657,163.319391,-61.089895,109.850983,180.346908,-24.182842,126.856781,0.00,0.00,0.00,0.00,0.00,0.00,0.00,0.00,0.00,0.00,0.00,0.00
121.24258,156.058717,-53.962607,155.920776,170.198109,-56.499521,111.638969,190.746847,-16.216149,128.563171,0.00,0.00,0.00,0.00,0.00,0.00,0.00,0.00,0.00,0.00,0.00,0.00
121.368033,161.417566,-49.855069,156.572113,174.884106,-53.907741,112.301125,196.862794,-12.10856,129.916115,0.00,0.00,0.00,0.00,0.00,0.00,0.00,0.00,0.00,0.00,0.00,0.00
121.493368,163.953853,-47.226913,156.812057,177.09179,-50.409792,112.517906,194.465243,-13.386148,130.047752,0.00,0.00,0.00,0.00,0.00,0.00,0.00,0.00,0.00,0.00,0.00,0.00
121.61887,163.102452,-45.170138,156.115936,176.900899,-46.045772,112.975517,183.435907,-19.010611,127.737839,0.00,0.00,0.00,0.00,0.00,0.00,0.00,0.00,0.00,0.00,0.00,0.00
121.743513,159.531116,-43.892423,155.18454,174.040252,-41.322719,112.963585,168.554914,-26.278217,124.799866,0.00,0.00,0.00,0.00,0.00,0.00,0.00,0.00,0.00,0.00,0.00,0.00
121.868981,153.890249,-43.928983,154.006287,168.394111,-37.010723,112.853951,155.584381,-33.334025,122.35939,0.00,0.00,0.00,0.00,0.00,0.00,0.00,0.00,0.00,0.00,0.00,0.00
121.994279,147.486213,-45.474969,152.198517,159.914181,-34.411062,112.696175,145.724863,-38.956403,120.067757,0.00,0.00,0.00,0.00,0.00,0.00,0.00,0.00,0.00,0.00,0.00,0.00
122.119959,140.743809,-47.217543,150.857544,150.263088,-33.863211,112.758308,137.568255,-43.783996,118.51284,0.00,0.00,0.00,0.00,0.00,0.00,0.00,0.00,0.00,0.00,0.00,0.00
122.232168,133.610131,-48.809799,149.999695,140.932141,-34.23941,111.688972,129.931088,-47.297065,117.314987,0.00,0.00,0.00,0.00,0.00,0.00,0.00,0.00,0.00,0.00,0.00,0.00
122.35666,123.870064,-50.432179,149.453995,128.919835,-35.236337,109.88459,119.534733,-50.571835,115.800613,0.00,0.00,0.00,0.00,0.00,0.00,0.00,0.00,0.00,0.00,0.00,0.00
122.482296,114.346672,-51.397724,150.412613,116.224071,-37.097788,110.472992,108.697202,-52.801468,116.955322,0.00,0.00,0.00,0.00,0.00,0.00,0.00,0.00,0.00,0.00,0.00,0.00
122.607749,104.211597,-51.525492,152.19577,105.111312,-38.043944,111.896194,98.923705,-54.507766,117.933205,0.00,0.00,0.00,0.00,0.00,0.00,0.00,0.00,0.00,0.00,0.00,0.00
122.733321,93.877215,-51.112111,152.184814,95.186847,-36.984048,111.494308,89.289082,-55.09946,117.670959,0.00,0.00,0.00,0.00,0.00,0.00,0.00,0.00,0.00,0.00,0.00,0.00
122.858431,82.665561,-50.076198,150.365311,81.779295,-35.152119,110.020355,78.643501,-54.767921,116.175629,0.00,0.00,0.00,0.00,0.00,0.00,0.00,0.00,0.00,0.00,0.00,0.00
122.983633,70.015693,-48.126687,148.413376,66.010853,-32.227766,108.822708,66.100963,-53.03934,114.689758,0.00,0.00,0.00,0.00,0.00,0.00,0.00,0.00,0.00,0.00,0.00,0.00
123.108867,56.395113,-46.534883,148.703705,50.328985,-30.447516,110.030914,53.008229,-51.59993,115.50296,0.00,0.00,0.00,0.00,0.00,0.00,0.00,0.00,0.00,0.00,0.00,0.00
123.234279,43.669765,-47.231429,150.319992,35.834421,-32.895294,112.067719,43.580662,-54.210122,117.096237,0.00,0.00,0.00,0.00,0.00,0.00,0.00,0.00,0.00,0.00,0.00,0.00
123.359488,32.192367,-50.011354,149.715805,22.351308,-38.002838,112.521889,35.364117,-58.953468,116.197563,0.00,0.00,0.00,0.00,0.00,0.00,0.00,0.00,0.00,0.00,0.00,0.00
123.484629,21.515377,-54.187834,146.867905,8.821613,-44.57531,111.654785,27.774958,-64.438378,113.742775,0.00,0.00,0.00,0.00,0.00,0.00,0.00,0.00,0.00,0.00,0.00,0.00
123.609178,10.444121,-59.21051,146.23497,-4.674898,-50.209959,111.62191,17.701789,-71.135017,112.955315,0.00,0.00,0.00,0.00,0.00,0.00,0.00,0.00,0.00,0.00,0.00,0.00
123.734972,-1.155049,-63.733507,148.638382,-16.890225,-53.368038,113.054855,6.508664,-75.654498,116.219879,0.00,0.00,0.00,0.00,0.00,0.00,0.00,0.00,0.00,0.00,0.00,0.00
123.860241,-11.503801,-66.245235,150.555328,-27.890533,-55.084211,113.779655,-2.603611,-78.138527,118.791855,0.00,0.00,0.00,0.00,0.00,0.00,0.00,0.00,0.00,0.00,0.00,0.00
123.985522,-20.889701,-67.406835,150.630127,-40.626946,-57.227639,113.338669,-10.557176,-80.756796,120.025604,0.00,0.00,0.00,0.00,0.00,0.00,0.00,0.00,0.00,0.00,0.00,0.00
124.110469,-31.276286,-68.523583,150.281357,-56.429099,-59.940011,113.809067,-19.504537,-83.37054,120.492416,0.00,0.00,0.00,0.00,0.00,0.00,0.00,0.00,0.00,0.00,0.00,0.00
124.235769,-44.004445,-69.976637,150.863373,-75.892646,-63.558085,116.363342,-31.315219,-85.856794,120.158203,0.00,0.00,0.00,0.00,0.00,0.00,0.00,0.00,0.00,0.00,0.00,0.00
124.361327,-57.082644,-71.567616,151.894577,-98.748979,-68.760548,121.570236,-44.762619,-88.724908,119.666389,0.00,0.00,0.00,0.00,0.00,0.00,0.00,0.00,0.00,0.00,0.00,0.00
124.486853,-68.456422,-72.778499,154.181595,-120.804954,-72.692686,127.112396,-54.413281,-90.191428,121.069565,0.00,0.00,0.00,0.00,0.00,0.00,0.00,0.00,0.00,0.00,0.00,0.00
124.612058,-76.427591,-73.753647,154.952682,-134.29207,-75.186751,132.271942,-60.147884,-91.076167,121.222191,0.00,0.00,0.00,0.00,0.00,0.00,0.00,0.00,0.00,0.00,0.00,0.00
124.73737,-81.229431,-74.390923,155.077194,-140.173359,-76.174669,134.014923,-63.41503,-91.383398,122.138672,0.00,0.00,0.00,0.00,0.00,0.00,0.00,0.00,0.00,0.00,0.00,0.00
124.862449,-83.565332,-75.575468,155.003784,-139.43561,-76.968361,133.390411,-66.452761,-91.373947,124.26062,0.00,0.00,0.00,0.00,0.00,0.00,0.00,0.00,0.00,0.00,0.00,0.00
124.987959,-82.659588,-78.669197,155.465225,-129.638992,-77.002794,131.442764,-67.972971,-91.873077,124.722878,0.00,0.00,0.00,0.00,0.00,0.00,0.00,0.00,0.00,0.00,0.00,0.00
125.114033,-78.863094,-83.113244,154.822952,-116.519279,-78.473218,126.084259,-66.630576,-93.621331,124.741501,0.00,0.00,0.00,0.00,0.00,0.00,0.00,0.00,0.00,0.00,0.00,0.00
125.239425,-74.435541,-87.93416,154.355331,-104.297807,-83.813676,119.745758,-63.4666,-97.251091,123.296692,0.00,0.00,0.00,0.00,0.00,0.00,0.00,0.00,0.00,0.00,0.00,0.00
125.364671,-70.084924,-93.63212,154.028366,-92.897043,-92.414793,115.116707,-59.940964,-101.922564,121.59597,0.00,0.00,0.00,0.00,0.00,0.00,0.00,0.00,0.00,0.00,0.00,0.00
125.489962,-65.457386,-100.487016,153.193237,-82.464257,-103.177016,112.334183,-55.145277,-108.759017,119.327385,0.00,0.00,0.00,0.00,0.00,0.00,0.00,0.00,0.00,0.00,0.00,0.00
125.615337,-60.24154,-108.18659,152.340698,-73.033257,-113.593413,111.401779,-49.228272,-116.445203,118.023277,0.00,0.00,0.00,0.00,0.00,0.00,0.00,0.00,0.00,0.00,0.00,0.00
125.740852,-55.230006,-116.211863,153.122375,-65.166479,-123.56272,112.036209,-43.697873,-125.54672,118.437675,0.00,0.00,0.00,0.00,0.00,0.00,0.00,0.00,0.00,0.00,0.00,0.00
125.866353,-51.507889,-125.061615,154.642975,-61.239363,-131.819482,114.146011,-40.048098,-134.700782,119.667297,0.00,0.00,0.00,0.00,0.00,0.00,0.00,0.00,0.00,0.00,0.00,0.00
125.991433,-49.782857,-134.205128,154.735992,-59.676986,-141.15419,113.765434,-38.084525,-143.859136,119.702888,0.00,0.00,0.00,0.00,0.00,0.00,0.00,0.00,0.00,0.00,0.00,0.00
126.117173,-49.89316,-143.828299,153.380524,-60.556708,-153.439349,113.020065,-38.035332,-153.214345,118.646698,0.00,0.00,0.00,0.00,0.00,0.00,0.00,0.00,0.00,0.00,0.00,0.00
126.242294,-51.614786,-154.272971,152.404388,-63.839215,-170.74568,113.721794,-39.2778,-164.19516,118.049622,0.00,0.00,0.00,0.00,0.00,0.00,0.00,0.00,0.00,0.00,0.00,0.00
126.367481,-54.236681,-165.194531,153.586502,-67.16486,-192.197659,119.290855,-40.917273,-175.127848,119.028557,0.00,0.00,0.00,0.00,0.00,0.00,0.00,0.00,0.00,0.00,0.00,0.00
126.492419,-55.996215,-175.524326,155.538544,-68.8463,-215.659765,125.246269,-41.029969,-183.085736,120.445686,0.00,0.00,0.00,0.00,0.00,0.00,0.00,0.00,0.00,0.00,0.00,0.00
126.617916,-56.836275,-185.084571,156.052155,-69.096046,-235.60896,129.191475,-39.795868,-190.356822,119.832779,0.00,0.00,0.00,0.00,0.00,0.00,0.00,0.00,0.00,0.00,0.00,0.00
126.74299,-56.496641,-194.017999,155.280838,-70.084266,-249.065157,132.0672,-38.269638,-197.471549,118.819679,0.00,0.00,0.00,0.00,0.00,0.00,0.00,0.00,0.00,0.00,0.00,0.00
126.868473,-54.92247,-202.110946,155.051788,-71.260825,-257.871521,133.205734,-35.603084,-205.581398,118.452888,0.00,0.00,0.00,0.00,0.00,0.00,0.00,0.00,0.00,0.00,0.00,0.00
126.993707,-53.449948,-209.100685,155.278015,-72.654522,-263.283635,133.460434,-34.649501,-212.495506,119.449226,0.00,0.00,0.00,0.00,0.00,0.00,0.00,0.00,0.00,0.00,0.00,0.00
127.119125,-52.7927,-214.548666,155.572296,-73.361571,-264.832779,132.394501,-34.981988,-217.849187,120.037369,0.00,0.00,0.00,0.00,0.00,0.00,0.00,0.00,0.00,0.00,0.00,0.00
127.244236,-51.861046,-219.104329,155.078598,-71.150416,-258.000299,130.217102,-35.176097,-221.971063,119.699303,0.00,0.00,0.00,0.00,0.00,0.00,0.00,0.00,0.00,0.00,0.00,0.00
127.370014,-50.467281,-223.536024,154.59288,-65.732416,-248.700424,124.188179,-35.503204,-225.321547,119.210876,0.00,0.00,0.00,0.00,0.00,0.00,0.00,0.00,0.00,0.00,0.00,0.00
127.495458,-46.587472,-226.749839,153.054214,-56.33504,-243.289458,117.992218,-35.57859,-227.408614,118.682076,0.00,0.00,0.00,0.00,0.00,0.00,0.00,0.00,0.00,0.00,0.00,0.00
127.620633,-41.694553,-228.276473,151.25563,-47.051792,-241.411546,114.215034,-33.754191,-228.089733,117.97023,0.00,0.00,0.00,0.00,0.00,0.00,0.00,0.00,0.00,0.00,0.00,0.00
127.731727,-36.842979,-229.386319,150.352707,-41.223409,-241.388461,112.894119,-30.729994,-228.411397,116.678894,0.00,0.00,0.00,0.00,0.00,0.00,0.00,0.00,0.00,0.00,0.00,0.00
127.857272,-30.240993,-230.950637,149.775513,-33.538734,-243.989153,111.049301,-25.198088,-229.015161,115.432907,0.00,0.00,0.00,0.00,0.00,0.00,0.00,0.00,0.00,0.00,0.00,0.00
127.982356,-21.884872,-232.582792,149.518997,-22.787733,-246.347617,109.878082,-16.424545,-229.400757,114.311424,0.00,0.00,0.00,0.00,0.00,0.00,0.00,0.00,0.00,0.00,0.00,0.00
128.108073,-11.45118,-233.764178,150.134476,-9.300163,-248.375372,109.70266,-4.486994,-230.599378,113.599449,0.00,0.00,0.00,0.00,0.00,0.00,0.00,0.00,0.00,0.00,0.00,0.00
128.233085,-0.707997,-234.696716,150.838242,4.01415,-250.074622,112.279053,7.154021,-231.23578,115.255562,0.00,0.00,0.00,0.00,0.00,0.00,0.00,0.00,0.00,0.00,0.00,0.00
128.358345,10.050032,-235.876954,151.829346,15.863652,-251.219974,113.438171,17.568911,-231.507082,116.724319,0.00,0.00,0.00,0.00,0.00,0.00,0.00,0.00,0.00,0.00,0.00,0.00
128.483583,21.696628,-236.783425,151.527267,27.911866,-251.736708,112.29995,28.518703,-231.789455,115.717018,0.00,0.00,0.00,0.00,0.00,0.00,0.00,0.00,0.00,0.00,0.00,0.00
128.608993,34.241493,-237.674971,149.735977,42.690617,-251.922842,109.719398,41.794204,-231.947079,113.293625,0.00,0.00,0.00,0.00,0.00,0.00,0.00,0.00,0.00,0.00,0.00,0.00
128.734328,47.175766,-237.968522,150.588257,59.334828,-251.610004,111.908669,55.437292,-231.338515,114.006653,0.00,0.00,0.00,0.00,0.00,0.00,0.00,0.00,0.00,0.00,0.00,0.00
128.859836,59.630948,-236.285355,153.214142,73.882409,-247.979069,114.776688,65.160544,-227.681112,116.141891,0.00,0.00,0.00,0.00,0.00,0.00,0.00,0.00,0.00,0.00,0.00,0.00
128.98497,71.139844,-233.624747,153.402496,85.811567,-242.222035,115.053848,74.172135,-222.471313,115.327339,0.00,0.00,0.00,0.00,0.00,0.00,0.00,0.00,0.00,0.00,0.00,0.00
129.110147,81.676387,-230.564483,151.277039,97.548519,-236.836029,113.529198,86.085908,-216.177129,113.016212,0.00,0.00,0.00,0.00,0.00,0.00,0.00,0.00,0.00,0.00,0.00,0.00
129.235482,91.923506,-226.350966,151.659134,108.872404,-231.778981,114.24791,101.101848,-208.55136,113.988174,0.00,0.00,0.00,0.00,0.00,0.00,0.00,0.00,0.00,0.00,0.00,0.00
129.360553,101.381653,-221.6708,153.428909,117.924441,-226.776899,115.812279,116.265424,-201.325589,118.021111,0.00,0.00,0.00,0.00,0.00,0.00,0.00,0.00,0.00,0.00,0.00,0.00
129.485817,110.082597,-216.578818,154.788162,126.771573,-221.953272,116.209572,131.817136,-192.836118,121.62619,0.00,0.00,0.00,0.00,0.00,0.00,0.00,0.00,0.00,0.00,0.00,0.00
129.611089,118.419658,-210.966933,153.521118,135.934547,-215.831092,114.746704,146.913915,-182.837752,124.24176,0.00,0.00,0.00,0.00,0.00,0.00,0.00,0.00,0.00,0.00,0.00,0.00
129.736347,127.130344,-205.444419,152.743088,145.17844,-210.258055,114.067604,161.08241,-173.417632,127.287094,0.00,0.00,0.00,0.00,0.00,0.00,0.00,0.00,0.00,0.00,0.00,0.00
129.861714,135.168641,-199.37854,153.650543,152.162866,-205.639534,115.096764,173.722641,-165.426004,129.644478,0.00,0.00,0.00,0.00,0.00,0.00,0.00,0.00,0.00,0.00,0.00,0.00
129.98695,141.887066,-193.045803,155.413895,156.501535,-202.604448,115.733612,183.020028,-159.718069,131.582573,0.00,0.00,0.00,0.00,0.00,0.00,0.00,0.00,0.00,0.00,0.00,0.00
130.112465,147.245073,-187.030138,155.494949,158.623833,-199.656584,115.575867,192.446648,-154.943406,132.118637,0.00,0.00,0.00,0.00,0.00,0.00,0.00,0.00,0.00,0.00,0.00,0.00
130.237501,151.297518,-181.482515,155.598663,159.295496,-195.908009,115.009048,198.445352,-152.626604,131.315796,0.00,0.00,0.00,0.00,0.00,0.00,0.00,0.00,0.00,0.00,0.00,0.00
130.363119,153.594109,-177.688948,156.103241,159.536278,-192.767607,115.771599,196.294272,-151.857848,131.382675,0.00,0.00,0.00,0.00,0.00,0.00,0.00,0.00,0.00,0.00,0.00,0.00
130.488372,155.09862,-176.614121,156.220062,159.031546,-190.673255,116.194534,186.634444,-154.288046,130.661148,0.00,0.00,0.00,0.00,0.00,0.00,0.00,0.00,0.00,0.00,0.00,0.00
130.614174,155.317569,-179.159769,155.626678,156.985832,-190.125566,115.429298,179.00605,-160.719756,126.157669,0.00,0.00,0.00,0.00,0.00,0.00,0.00,0.00,0.00,0.00,0.00,0.00
130.740035,151.99602,-182.616148,153.701996,153.876802,-190.636477,114.24855,174.107522,-170.30722,121.475151,0.00,0.00,0.00,0.00,0.00,0.00,0.00,0.00,0.00,0.00,0.00,0.00
130.866664,146.379099,-185.522245,152.310608,148.671268,-192.043599,113.068535,167.304604,-180.263982,117.303482,0.00,0.00,0.00,0.00,0.00,0.00,0.00,0.00,0.00,0.00,0.00,0.00
130.990487,140.836239,-187.869402,151.088913,142.826095,-194.14182,111.91938,160.095639,-187.776123,115.957321,0.00,0.00,0.00,0.00,0.00,0.00,0.00,0.00,0.00,0.00,0.00,0.00
131.115509,134.800729,-191.438742,150.20546,135.73744,-196.707314,110.701912,151.971358,-194.784161,115.875534,0.00,0.00,0.00,0.00,0.00,0.00,0.00,0.00,0.00,0.00,0.00,0.00
131.240559,127.57494,-196.001737,150.070343,126.677627,-201.465738,109.903801,141.906388,-202.942951,115.180023,0.00,0.00,0.00,0.00,0.00,0.00,0.00,0.00,0.00,0.00,0.00,0.00
131.365934,119.914331,-201.06149,151.039368,115.406269,-207.162421,110.608727,130.678053,-211.009612,115.430359,0.00,0.00,0.00,0.00,0.00,0.00,0.00,0.00,0.00,0.00,0.00,0.00
131.491128,112.390921,-206.306538,152.270844,104.922551,-212.629853,111.242653,120.784746,-217.831032,116.372078,0.00,0.00,0.00,0.00,0.00,0.00,0.00,0.00,0.00,0.00,0.00,0.00
131.616366,104.932691,-211.835877,152.950699,94.960716,-217.817227,111.147446,112.580865,-224.058357,117.013367,0.00,0.00,0.00,0.00,0.00,0.00,0.00,0.00,0.00,0.00,0.00,0.00
131.741812,97.76618,-217.752388,152.489792,82.580742,-224.825282,111.885567,104.433355,-231.72452,116.123024,0.00,0.00,0.00,0.00,0.00,0.00,0.00,0.00,0.00,0.00,0.00,0.00
131.867367,91.49619,-223.92253,150.993225,68.562097,-232.625228,115.185005,96.722483,-240.530012,115.438736,0.00,0.00,0.00,0.00,0.00,0.00,0.00,0.00,0.00,0.00,0.00,0.00
131.992178,85.329285,-230.071942,151.862869,54.693282,-240.025875,120.246239,88.561078,-248.187031,116.529396,0.00,0.00,0.00,0.00,0.00,0.00,0.00,0.00,0.00,0.00,0.00,0.00
132.11748,78.08529,-234.931453,153.430038,41.702565,-246.677802,126.255981,81.462879,-252.463464,118.428688,0.00,0.00,0.00,0.00,0.00,0.00,0.00,0.00,0.00,0.00,0.00,0.00
132.242477,70.162872,-238.495273,153.324448,29.03074,-252.847832,130.755165,75.58356,-255.553087,118.267822,0.00,0.00,0.00,0.00,0.00,0.00,0.00,0.00,0.00,0.00,0.00,0.00
132.367648,61.622478,-240.72915,152.680878,16.415614,-259.46101,133.361298,69.879962,-257.327056,117.365517,0.00,0.00,0.00,0.00,0.00,0.00,0.00,0.00,0.00,0.00,0.00,0.00
132.492815,51.956881,-242.34767,153.643463,5.846555,-266.364986,133.553604,62.343816,-257.516287,116.987289,0.00,0.00,0.00,0.00,0.00,0.00,0.00,0.00,0.00,0.00,0.00,0.00
132.61844,43.757355,-243.46272,154.836777,1.050002,-271.649769,131.751183,55.197381,-256.163343,117.851509,0.00,0.00,0.00,0.00,0.00,0.00,0.00,0.00,0.00,0.00,0.00,0.00
132.744015,38.253794,-243.806585,155.129395,0.214051,-274.64323,130.242508,51.363109,-255.079215,118.115715,0.00,0.00,0.00,0.00,0.00,0.00,0.00,0.00,0.00,0.00,0.00,0.00
132.869432,35.438579,-243.75037,155.079453,1.547382,-272.124823,129.769005,49.302588,-253.995089,118.167854,0.00,0.00,0.00,0.00,0.00,0.00,0.00,0.00,0.00,0.00,0.00,0.00
132.994618,35.257194,-244.622166,155.068222,7.185905,-265.574182,128.564873,48.48116,-252.751678,117.662628,0.00,0.00,0.00,0.00,0.00,0.00,0.00,0.00,0.00,0.00,0.00,0.00
133.120349,37.781617,-246.31302,154.736328,17.070061,-260.248544,125.1213,49.601548,-251.532878,117.454018,0.00,0.00,0.00,0.00,0.00,0.00,0.00,0.00,0.00,0.00,0.00,0.00
133.231904,43.582396,-247.209377,153.786774,28.042697,-259.062597,120.304169,52.51847,-250.293902,117.538803,0.00,0.00,0.00,0.00,0.00,0.00,0.00,0.00,0.00,0.00,0.00,0.00
133.357624,52.446934,-244.938673,151.818787,41.696523,-258.906514,114.998344,57.819124,-247.406719,116.837112,0.00,0.00,0.00,0.00,0.00,0.00,0.00,0.00,0.00,0.00,0.00,0.00
133.483038,60.640793,-240.477485,149.918182,54.415879,-256.945068,111.769623,64.848976,-243.5126,115.189163,0.00,0.00,0.00,0.00,0.00,0.00,0.00,0.00,0.00,0.00,0.00,0.00
133.607953,68.336963,-235.879778,148.363403,66.559333,-253.993043,109.720161,72.977084,-239.022619,113.1661,0.00,0.00,0.00,0.00,0.00,0.00,0.00,0.00,0.00,0.00,0.00,0.00
133.732985,76.434271,-230.738853,148.572952,79.957257,-250.111306,109.006935,82.335386,-233.849928,112.938705,0.00,0.00,0.00,0.00,0.00,0.00,0.00,0.00,0.00,0.00,0.00,0.00
133.857971,84.107097,-226.298586,149.225449,92.248459,-244.7148,110.115105,90.530238,-227.997062,113.295486,0.00,0.00,0.00,0.00,0.00,0.00,0.00,0.00,0.00,0.00,0.00,0.00
133.983319,90.492594,-222.389458,149.67244,102.097645,-239.231209,110.435104,96.070492,-222.257199,113.693359,0.00,0.00,0.00,0.00,0.00,0.00,0.00,0.00,0.00,0.00,0.00,0.00
134.10847,96.707249,-218.202917,149.815308,111.733715,-231.899897,109.58094,100.509295,-215.868901,113.491173,0.00,0.00,0.00,0.00,0.00,0.00,0.00,0.00,0.00,0.00,0.00,0.00
134.233569,102.791499,-213.21848,148.933411,119.873314,-221.348359,108.779198,104.718624,-208.792622,112.43998,0.00,0.00,0.00,0.00,0.00,0.00,0.00,0.00,0.00,0.00,0.00,0.00
134.35852,108.264285,-205.363458,149.952209,124.408257,-209.059852,109.731079,106.108363,-201.532742,113.265305,0.00,0.00,0.00,0.00,0.00,0.00,0.00,0.00,0.00,0.00,0.00,0.00
134.484153,112.327173,-195.701198,149.668976,125.968231,-195.794389,108.484032,105.708406,-191.477186,112.838165,0.00,0.00,0.00,0.00,0.00,0.00,0.00,0.00,0.00,0.00,0.00,0.00
134.609689,115.18122,-184.978139,148.753738,126.403604,-182.102898,108.612686,105.126836,-179.203006,112.371605,0.00,0.00,0.00,0.00,0.00,0.00,0.00,0.00,0.00,0.00,0.00,0.00
134.734373,117.158152,-173.406977,149.865219,127.922295,-166.835754,108.478516,106.116429,-164.740811,113.589363,0.00,0.00,0.00,0.00,0.00,0.00,0.00,0.00,0.00,0.00,0.00,0.00
134.859809,119.444933,-161.085928,152.045654,130.011324,-154.077218,111.271935,109.604795,-150.318509,115.756607,0.00,0.00,0.00,0.00,0.00,0.00,0.00,0.00,0.00,0.00,0.00,0.00
134.985696,122.204043,-149.152169,152.687775,133.786439,-142.622107,111.390091,114.612886,-136.397007,117.262978,0.00,0.00,0.00,0.00,0.00,0.00,0.00,0.00,0.00,0.00,0.00,0.00
135.110364,125.502906,-136.974129,151.656662,138.796971,-130.627632,109.030968,120.966614,-120.957993,118.008415,0.00,0.00,0.00,0.00,0.00,0.00,0.00,0.00,0.00,0.00,0.00,0.00
135.235923,128.925604,-124.848553,151.296478,143.445983,-118.819565,108.584145,127.661324,-105.138029,118.929939,0.00,0.00,0.00,0.00,0.00,0.00,0.00,0.00,0.00,0.00,0.00,0.00
135.361349,131.941916,-112.823182,153.23674,146.506624,-107.227214,110.41687,135.005824,-89.737036,120.364227,0.00,0.00,0.00,0.00,0.00,0.00,0.00,0.00,0.00,0.00,0.00,0.00
135.486441,134.622587,-101.221407,154.683792,148.717389,-97.641729,112.431305,142.940989,-74.214037,121.400398,0.00,0.00,0.00,0.00,0.00,0.00,0.00,0.00,0.00,0.00,0.00,0.00
135.611984,137.488984,-90.173939,153.484833,151.622449,-89.674206,111.070374,152.029873,-58.556364,122.199478,0.00,0.00,0.00,0.00,0.00,0.00,0.00,0.00,0.00,0.00,0.00,0.00
135.73706,140.631199,-79.257794,152.435135,154.412779,-81.703173,108.328712,162.17098,-43.627285,124.288612,0.00,0.00,0.00,0.00,0.00,0.00,0.00,0.00,0.00,0.00,0.00,0.00
135.862449,144.064047,-69.235768,153.583176,156.506299,-74.180313,108.630997,172.38574,-31.142352,126.422958,0.00,0.00,0.00,0.00,0.00,0.00,0.00,0.00,0.00,0.00,0.00,0.00
135.988099,148.177774,-61.455817,155.437836,159.174334,-69.268408,109.721024,182.237968,-21.740662,128.211288,0.00,0.00,0.00,0.00,0.00,0.00,0.00,0.00,0.00,0.00,0.00,0.00
136.113099,152.749408,-55.347095,155.660507,163.75554,-65.258905,109.46701,190.144062,-15.359298,129.604042,0.00,0.00,0.00,0.00,0.00,0.00,0.00,0.00,0.00,0.00,0.00,0.00
136.238336,157.745515,-50.998412,155.906036,170.094525,-60.799879,109.998695,196.320787,-10.603598,130.073792,0.00,0.00,0.00,0.00,0.00,0.00,0.00,0.00,0.00,0.00,0.00,0.00
136.363916,162.381338,-47.952006,156.697998,175.679543,-57.277143,112.428017,199.191725,-9.50772,129.88607,0.00,0.00,0.00,0.00,0.00,0.00,0.00,0.00,0.00,0.00,0.00,0.00
136.489022,164.651596,-45.786781,156.874786,178.952633,-52.984861,113.820328,191.785594,-13.851759,128.569023,0.00,0.00,0.00,0.00,0.00,0.00,0.00,0.00,0.00,0.00,0.00,0.00
136.614257,163.690024,-43.228194,156.159134,179.460826,-46.320878,114.186409,178.072225,-19.679943,123.908737,0.00,0.00,0.00,0.00,0.00,0.00,0.00,0.00,0.00,0.00,0.00,0.00
136.739265,158.674328,-41.007555,154.742233,176.251289,-38.975011,114.054253,165.175401,-25.430199,118.442123,0.00,0.00,0.00,0.00,0.00,0.00,0.00,0.00,0.00,0.00,0.00,0.00
136.86538,151.469233,-41.112789,152.734512,169.264685,-32.832111,113.521996,153.79602,-30.860901,114.363182,0.00,0.00,0.00,0.00,0.00,0.00,0.00,0.00,0.00,0.00,0.00,0.00
136.990302,143.872397,-42.530445,151.300354,159.028971,-28.921521,113.12429,144.209496,-35.375499,112.804466,0.00,0.00,0.00,0.00,0.00,0.00,0.00,0.00,0.00,0.00,0.00,0.00
137.11566,135.849706,-43.322682,150.019669,147.284124,-27.827332,111.885803,136.080552,-37.805631,112.044472,0.00,0.00,0.00,0.00,0.00,0.00,0.00,0.00,0.00,0.00,0.00,0.00
137.24087,125.9402,-43.680731,149.648544,134.608613,-27.874515,110.606445,125.151389,-39.417167,111.605637,0.00,0.00,0.00,0.00,0.00,0.00,0.00,0.00,0.00,0.00,0.00,0.00
137.366361,114.826613,-44.661285,150.591858,119.979752,-28.264533,109.855774,111.979739,-41.490317,112.037148,0.00,0.00,0.00,0.00,0.00,0.00,0.00,0.00,0.00,0.00,0.00,0.00
137.491669,103.843123,-45.658864,152.198563,105.631947,-29.225531,110.876053,99.95489,-43.670529,113.606377,0.00,0.00,0.00,0.00,0.00,0.00,0.00,0.00,0.00,0.00,0.00,0.00
137.617478,93.274543,-46.015762,152.815186,93.136948,-29.761954,111.989777,90.043331,-45.440146,113.783295,0.00,0.00,0.00,0.00,0.00,0.00,0.00,0.00,0.00,0.00,0.00,0.00
137.742497,82.115424,-45.775963,151.13942,79.423699,-29.418369,110.183388,78.83023,-46.858193,111.662094,0.00,0.00,0.00,0.00,0.00,0.00,0.00,0.00,0.00,0.00,0.00,0.00
137.867547,69.410118,-44.947958,149.339066,63.667448,-28.385665,107.915512,64.56689,-47.398039,109.645325,0.00,0.00,0.00,0.00,0.00,0.00,0.00,0.00,0.00,0.00,0.00,0.00
137.993178,55.588836,-44.535716,149.838257,46.137363,-27.609014,109.360237,48.717607,-47.911837,110.571983,0.00,0.00,0.00,0.00,0.00,0.00,0.00,0.00,0.00,0.00,0.00,0.00
138.118249,42.629329,-45.998152,151.70903,30.511231,-30.238752,112.155083,38.542073,-53.322195,113.409393,0.00,0.00,0.00,0.00,0.00,0.00,0.00,0.00,0.00,0.00,0.00,0.00
138.243392,30.349549,-49.334467,151.366913,16.131234,-36.031125,112.562645,30.559441,-60.542872,112.074928,0.00,0.00,0.00,0.00,0.00,0.00,0.00,0.00,0.00,0.00,0.00,0.00
138.368742,18.578291,-53.977506,148.766235,4.363424,-45.776376,109.862274,20.858128,-66.455069,109.722679,0.00,0.00,0.00,0.00,0.00,0.00,0.00,0.00,0.00,0.00,0.00,0.00
138.494071,6.861959,-59.573071,148.829956,-7.411836,-54.560075,108.753853,9.022776,-73.130846,110.183716,0.00,0.00,0.00,0.00,0.00,0.00,0.00,0.00,0.00,0.00,0.00,0.00
138.619521,-3.902224,-64.660792,151.437592,-20.318393,-59.714238,112.030891,-2.595324,-78.522793,113.911003,0.00,0.00,0.00,0.00,0.00,0.00,0.00,0.00,0.00,0.00,0.00,0.00
138.744331,-13.221043,-67.709275,153.444138,-33.783002,-63.018538,114.846207,-11.18773,-81.310284,117.644424,0.00,0.00,0.00,0.00,0.00,0.00,0.00,0.00,0.00,0.00,0.00,0.00
138.869742,-22.440882,-69.624832,153.437469,-49.362971,-66.08591,116.23465,-18.175218,-84.341081,117.993362,0.00,0.00,0.00,0.00,0.00,0.00,0.00,0.00,0.00,0.00,0.00,0.00
138.995009,-32.638755,-71.690064,153.289688,-68.350346,-69.403068,120.356934,-25.167175,-88.6428,118.057693,0.00,0.00,0.00,0.00,0.00,0.00,0.00,0.00,0.00,0.00,0.00,0.00
139.12058,-44.603078,-73.952412,153.37146,-90.121475,-72.876605,126.778152,-34.136946,-93.349893,117.553772,0.00,0.00,0.00,0.00,0.00,0.00,0.00,0.00,0.00,0.00,0.00,0.00
139.231873,-56.421727,-75.808866,154.235764,-109.306689,-75.115575,131.158524,-43.378447,-97.098231,117.03772,0.00,0.00,0.00,0.00,0.00,0.00,0.00,0.00,0.00,0.00,0.00,0.00
139.357333,-68.516525,-77.556277,154.83284,-126.235795,-76.137485,132.203583,-50.831823,-99.6816,117.486008,0.00,0.00,0.00,0.00,0.00,0.00,0.00,0.00,0.00,0.00,0.00,0.00
139.482473,-77.925724,-78.709036,153.595215,-136.455927,-76.614373,131.878319,-53.630347,-101.711563,115.401711,0.00,0.00,0.00,0.00,0.00,0.00,0.00,0.00,0.00,0.00,0.00,0.00
139.607652,-84.092683,-79.36347,152.445053,-142.452314,-77.445358,132.125748,-56.661387,-101.676313,114.668159,0.00,0.00,0.00,0.00,0.00,0.00,0.00,0.00,0.00,0.00,0.00,0.00
139.732766,-86.563605,-79.366409,152.342514,-142.820639,-77.933236,132.048126,-58.651999,-101.264548,114.710884,0.00,0.00,0.00,0.00,0.00,0.00,0.00,0.00,0.00,0.00,0.00,0.00
139.857892,-85.569243,-80.191546,154.154648,-133.28163,-78.796835,130.902298,-59.059541,-100.416666,115.450195,0.00,0.00,0.00,0.00,0.00,0.00,0.00,0.00,0.00,0.00,0.00,0.00
139.983903,-80.747511,-82.461902,155.338882,-118.869796,-81.04441,125.475685,-58.056029,-98.235244,116.739693,0.00,0.00,0.00,0.00,0.00,0.00,0.00,0.00,0.00,0.00,0.00,0.00
140.109682,-72.143611,-83.706961,154.713989,-104.119494,-86.094253,117.934113,-56.758741,-93.844978,119.001175,0.00,0.00,0.00,0.00,0.00,0.00,0.00,0.00,0.00,0.00,0.00,0.00
140.234438,-62.993803,-81.419009,153.088074,-87.983682,-92.554974,112.99041,-55.223717,-88.546023,121.412865,0.00,0.00,0.00,0.00,0.00,0.00,0.00,0.00,0.00,0.00,0.00,0.00
140.359442,-55.970839,-77.525359,151.963028,-71.635454,-94.651959,113.4571,-50.025855,-83.895111,120.450714,0.00,0.00,0.00,0.00,0.00,0.00,0.00,0.00,0.00,0.00,0.00,0.00
140.485055,-50.278131,-74.284572,151.324249,-60.218777,-93.787206,114.192192,-44.182818,-79.440205,118.840614,0.00,0.00,0.00,0.00,0.00,0.00,0.00,0.00,0.00,0.00,0.00,0.00
140.610009,-43.471446,-71.124559,150.026779,-49.523905,-92.340978,113.530602,-37.717685,-74.316233,117.471519,0.00,0.00,0.00,0.00,0.00,0.00,0.00,0.00,0.00,0.00,0.00,0.00
140.735495,-34.740077,-67.435174,148.286926,-36.879927,-88.526268,112.647095,-29.643007,-68.740449,114.979317,0.00,0.00,0.00,0.00,0.00,0.00,0.00,0.00,0.00,0.00,0.00,0.00
140.860188,-24.004715,-62.526213,146.69014,-22.724998,-82.342205,110.700005,-19.914291,-61.732866,112.735428,0.00,0.00,0.00,0.00,0.00,0.00,0.00,0.00,0.00,0.00,0.00,0.00
140.985418,-13.952128,-57.085379,146.940216,-9.296551,-74.619545,111.878586,-11.912635,-52.952154,113.417496,0.00,0.00,0.00,0.00,0.00,0.00,0.00,0.00,0.00,0.00,0.00,0.00
141.110801,-5.526784,-52.067821,146.813232,1.57508,-69.566175,114.037186,-7.403081,-44.781196,114.493538,0.00,0.00,0.00,0.00,0.00,0.00,0.00,0.00,0.00,0.00,0.00,0.00
141.23509,1.644223,-47.326439,146.134079,11.460978,-66.819911,115.704124,-5.745692,-37.486853,115.814522,0.00,0.00,0.00,0.00,0.00,0.00,0.00,0.00,0.00,0.00,0.00,0.00
141.359712,8.694994,-42.148315,145.713028,22.573108,-62.073683,115.524727,-4.480923,-31.940682,115.978508,0.00,0.00,0.00,0.00,0.00,0.00,0.00,0.00,0.00,0.00,0.00,0.00
141.486084,16.370697,-36.624667,144.714081,33.882715,-55.231065,114.380745,2.326431,-26.613415,114.368683,0.00,0.00,0.00,0.00,0.00,0.00,0.00,0.00,0.00,0.00,0.00,0.00
141.613537,27.27423,-30.124933,145.072983,45.703002,-46.877965,112.41745,16.844193,-19.229373,114.979019,0.00,0.00,0.00,0.00,0.00,0.00,0.00,0.00,0.00,0.00,0.00,0.00
141.738247,38.355329,-22.703835,146.966217,55.224882,-38.530113,113.412613,30.298694,-11.577049,117.424911,0.00,0.00,0.00,0.00,0.00,0.00,0.00,0.00,0.00,0.00,0.00,0.00
141.863701,46.918846,-14.905257,149.009827,63.75188,-28.276361,114.94384,36.497888,-5.950989,119.033958,0.00,0.00,0.00,0.00,0.00,0.00,0.00,0.00,0.00,0.00,0.00,0.00
141.988756,53.897903,-7.191232,149.170929,70.354236,-17.067579,115.901978,41.382775,1.223212,117.683876,0.00,0.00,0.00,0.00,0.00,0.00,0.00,0.00,0.00,0.00,0.00,0.00
142.114054,60.125515,0.833189,147.609283,74.401357,-7.028552,113.897018,47.703486,11.211521,115.771561,0.00,0.00,0.00,0.00,0.00,0.00,0.00,0.00,0.00,0.00,0.00,0.00
142.239522,65.948748,9.40799,147.766449,78.708912,2.30438,112.356598,55.262582,22.967402,116.520515,0.00,0.00,0.00,0.00,0.00,0.00,0.00,0.00,0.00,0.00,0.00,0.00
142.364775,72.534148,17.714785,149.325836,84.526688,9.620259,114.223839,64.525363,32.738261,119.373001,0.00,0.00,0.00,0.00,0.00,0.00,0.00,0.00,0.00,0.00,0.00,0.00
142.48972,79.738121,25.052385,149.856735,91.712441,13.915482,114.715889,74.446154,40.737911,120.744957,0.00,0.00,0.00,0.00,0.00,0.00,0.00,0.00,0.00,0.00,0.00,0.00
142.614948,86.589407,31.407508,148.910599,97.558858,18.788924,113.108246,83.419943,47.825107,120.25975,0.00,0.00,0.00,0.00,0.00,0.00,0.00,0.00,0.00,0.00,0.00,0.00
142.740669,93.596508,37.054302,149.298599,103.781226,23.631635,111.903984,92.782584,53.954599,119.71003,0.00,0.00,0.00,0.00,0.00,0.00,0.00,0.00,0.00,0.00,0.00,0.00
1,97.629117,2,100.510817,3,102.752439,4,106.512195,5,109.867181,1,112.082039,2,115.089247,3,117.427978,4,121.228579,5,124.709234,1,126.951899,2,130.112465,3,132.562585,4,136.154623,5,139.524025,
