317.040227,78.89588,62.524623,151.606781,54.75276,67.160227,125.174942,95.134586,50.131935,128.970535,0.00,0.00,0.00,0.00,0.00,0.00,0.00,0.00,0.00,0.00,0.00,0.00
317.166054,74.782728,57.490591,151.600525,51.932032,62.306853,126.285843,92.003139,45.596169,129.414001,0.00,0.00,0.00,0.00,0.00,0.00,0.00,0.00,0.00,0.00,0.00,0.00
317.290901,70.865857,51.948836,151.48085,49.794244,55.692067,126.666252,89.071926,40.10575,129.177063,0.00,0.00,0.00,0.00,0.00,0.00,0.00,0.00,0.00,0.00,0.00,0.00
317.416443,67.530119,45.520828,150.968033,48.227054,48.327634,125.913399,86.405047,33.020923,128.576065,0.00,0.00,0.00,0.00,0.00,0.00,0.00,0.00,0.00,0.00,0.00,0.00
317.541521,65.51051,38.22108,150.428818,45.714313,42.07041,125.168289,83.715361,24.21002,128.591087,0.00,0.00,0.00,0.00,0.00,0.00,0.00,0.00,0.00,0.00,0.00,0.00
317.667476,63.770961,30.353711,151.214615,43.421749,35.095292,124.630821,80.876583,14.590283,129.91642,0.00,0.00,0.00,0.00,0.00,0.00,0.00,0.00,0.00,0.00,0.00,0.00
317.792325,61.128703,23.348829,152.399109,40.540807,28.623879,125.700691,76.91212,7.187733,131.354034,0.00,0.00,0.00,0.00,0.00,0.00,0.00,0.00,0.00,0.00,0.00,0.00
317.918001,57.286709,17.0473,152.845322,36.027685,24.426685,126.10379,71.284479,0.456908,131.205635,0.00,0.00,0.00,0.00,0.00,0.00,0.00,0.00,0.00,0.00,0.00,0.00
318.043445,51.729475,10.636295,152.441696,28.594196,20.849982,125.38932,64.104806,-6.400739,130.394966,0.00,0.00,0.00,0.00,0.00,0.00,0.00,0.00,0.00,0.00,0.00,0.00
318.168639,44.405364,3.797869,151.929245,19.131484,15.879603,124.396133,55.595504,-13.097972,129.340332,0.00,0.00,0.00,0.00,0.00,0.00,0.00,0.00,0.00,0.00,0.00,0.00
318.293971,36.287197,-3.781235,152.822647,9.635176,7.092523,125.227303,48.365648,-19.724705,129.469887,0.00,0.00,0.00,0.00,0.00,0.00,0.00,0.00,0.00,0.00,0.00,0.00
318.419321,28.959491,-12.421338,153.574738,3.190997,-4.213735,126.865761,42.58244,-27.676294,129.710205,0.00,0.00,0.00,0.00,0.00,0.00,0.00,0.00,0.00,0.00,0.00,0.00
318.545026,22.428552,-22.093996,153.412262,-3.272046,-17.110092,125.635544,37.402238,-36.684602,128.49379,0.00,0.00,0.00,0.00,0.00,0.00,0.00,0.00,0.00,0.00,0.00,0.00
318.670312,17.007667,-32.221591,153.270676,-9.086863,-28.336432,125.996758,31.807925,-47.377283,127.680565,0.00,0.00,0.00,0.00,0.00,0.00,0.00,0.00,0.00,0.00,0.00,0.00
318.795253,11.966671,-42.652038,154.966034,-16.001535,-38.794168,127.217026,25.756254,-58.033201,129.364151,0.00,0.00,0.00,0.00,0.00,0.00,0.00,0.00,0.00,0.00,0.00,0.00
318.921158,6.427712,-52.708715,156.524231,-21.882775,-48.500404,129.045822,18.551192,-67.85313,130.549019,0.00,0.00,0.00,0.00,0.00,0.00,0.00,0.00,0.00,0.00,0.00,0.00
319.046819,0.200419,-62.603489,156.294617,-28.696016,-59.303477,127.387932,11.280432,-77.891855,130.39537,0.00,0.00,0.00,0.00,0.00,0.00,0.00,0.00,0.00,0.00,0.00,0.00
319.17172,-6.874142,-72.469853,155.180679,-36.174748,-72.008856,124.955566,4.758658,-88.50211,129.488892,0.00,0.00,0.00,0.00,0.00,0.00,0.00,0.00,0.00,0.00,0.00,0.00
319.297336,-13.691102,-83.885324,156.79451,-42.093326,-85.284905,126.740486,-1.989123,-100.86644,130.289078,0.00,0.00,0.00,0.00,0.00,0.00,0.00,0.00,0.00,0.00,0.00,0.00
319.422456,-19.1901,-96.200598,157.426193,-46.356394,-99.344289,127.771927,-6.991943,-113.021669,130.436218,0.00,0.00,0.00,0.00,0.00,0.00,0.00,0.00,0.00,0.00,0.00,0.00
319.547662,-23.636197,-108.632917,155.855026,-47.883586,-113.935263,126.398338,-10.788404,-126.638088,128.488625,0.00,0.00,0.00,0.00,0.00,0.00,0.00,0.00,0.00,0.00,0.00,0.00
319.673411,-26.949053,-120.871807,154.981094,-49.068766,-126.311799,125.021393,-15.742346,-142.184426,128.085526,0.00,0.00,0.00,0.00,0.00,0.00,0.00,0.00,0.00,0.00,0.00,0.00
319.798504,-30.295561,-133.168299,156.37587,-51.488266,-137.469988,124.861969,-22.869629,-157.654054,129.355568,0.00,0.00,0.00,0.00,0.00,0.00,0.00,0.00,0.00,0.00,0.00,0.00
319.923937,-34.3498,-144.684111,156.859634,-55.257401,-147.633796,124.320038,-31.106499,-173.431366,129.672295,0.00,0.00,0.00,0.00,0.00,0.00,0.00,0.00,0.00,0.00,0.00,0.00
320.049194,-38.813008,-155.694595,155.14476,-60.585006,-159.027576,121.646233,-38.335344,-187.847779,129.043152,0.00,0.00,0.00,0.00,0.00,0.00,0.00,0.00,0.00,0.00,0.00,0.00
320.174241,-43.642517,-166.552481,154.050186,-66.185418,-171.128926,120.958405,-45.117805,-201.511764,129.305603,0.00,0.00,0.00,0.00,0.00,0.00,0.00,0.00,0.00,0.00,0.00,0.00
320.299462,-48.558659,-177.367169,155.667526,-70.213968,-183.712285,123.288445,-51.45505,-215.176948,129.841499,0.00,0.00,0.00,0.00,0.00,0.00,0.00,0.00,0.00,0.00,0.00,0.00
320.424882,-52.620651,-187.25525,156.671295,-71.797707,-193.905811,124.734276,-56.775035,-227.382243,131.159286,0.00,0.00,0.00,0.00,0.00,0.00,0.00,0.00,0.00,0.00,0.00,0.00
320.550488,-56.034189,-196.455013,155.547043,-73.520353,-202.301627,123.606819,-61.916603,-240.798694,131.666306,0.00,0.00,0.00,0.00,0.00,0.00,0.00,0.00,0.00,0.00,0.00,0.00
320.675889,-58.684268,-205.229731,155.530914,-74.992428,-209.301162,121.263008,-66.517617,-252.965168,131.973389,0.00,0.00,0.00,0.00,0.00,0.00,0.00,0.00,0.00,0.00,0.00,0.00
320.801126,-61.176724,-212.895505,156.362885,-76.42244,-214.637128,121.183937,-70.736252,-262.55532,132.665405,0.00,0.00,0.00,0.00,0.00,0.00,0.00,0.00,0.00,0.00,0.00,0.00
320.925828,-63.26911,-218.463344,156.643661,-78.672766,-218.719204,121.695595,-73.48946,-269.447374,131.856216,0.00,0.00,0.00,0.00,0.00,0.00,0.00,0.00,0.00,0.00,0.00,0.00
321.051014,-64.90799,-221.932875,156.201782,-80.728436,-222.289394,122.041519,-74.058998,-272.35862,130.704285,0.00,0.00,0.00,0.00,0.00,0.00,0.00,0.00,0.00,0.00,0.00,0.00
321.176709,-65.190766,-223.585853,155.849609,-82.011243,-225.800551,122.597473,-72.106333,-266.737243,131.777458,0.00,0.00,0.00,0.00,0.00,0.00,0.00,0.00,0.00,0.00,0.00,0.00
321.302264,-64.012269,-223.784361,154.700623,-81.494061,-230.199932,122.671562,-66.300289,-254.283361,131.954552,0.00,0.00,0.00,0.00,0.00,0.00,0.00,0.00,0.00,0.00,0.00,0.00
321.427849,-62.340607,-223.029251,153.396515,-78.690462,-234.771678,122.928162,-59.048155,-241.542886,129.455116,0.00,0.00,0.00,0.00,0.00,0.00,0.00,0.00,0.00,0.00,0.00,0.00
321.552961,-60.089251,-221.785419,152.6707,-73.847746,-238.047438,122.88472,-53.407679,-231.192489,126.746185,0.00,0.00,0.00,0.00,0.00,0.00,0.00,0.00,0.00,0.00,0.00,0.00
321.664723,-58.281692,-220.431525,152.762421,-68.996678,-239.298357,123.033966,-49.328388,-223.912797,125.655525,0.00,0.00,0.00,0.00,0.00,0.00,0.00,0.00,0.00,0.00,0.00,0.00
321.789881,-56.101699,-218.399108,153.50795,-63.095622,-239.174086,122.766785,-45.693631,-217.130669,126.201515,0.00,0.00,0.00,0.00,0.00,0.00,0.00,0.00,0.00,0.00,0.00,0.00
321.915127,-53.675446,-216.575806,154.138199,-56.56734,-238.126952,122.746605,-42.213376,-212.558862,126.934662,0.00,0.00,0.00,0.00,0.00,0.00,0.00,0.00,0.00,0.00,0.00,0.00
322.04024,-50.973171,-215.119888,154.159531,-50.91155,-236.914172,122.836891,-38.975515,-210.349742,127.125366,0.00,0.00,0.00,0.00,0.00,0.00,0.00,0.00,0.00,0.00,0.00,0.00
322.165654,-46.124404,-214.985404,153.241394,-44.904164,-236.999115,122.462013,-33.968766,-208.597258,126.713043,0.00,0.00,0.00,0.00,0.00,0.00,0.00,0.00,0.00,0.00,0.00,0.00
322.29048,-39.317017,-216.772814,150.871872,-39.814286,-237.303867,122.793037,-27.798017,-206.699864,126.54248,0.00,0.00,0.00,0.00,0.00,0.00,0.00,0.00,0.00,0.00,0.00,0.00
322.415645,-31.138253,-219.125579,148.871262,-33.57157,-239.668602,122.464783,-21.150306,-206.269388,126.182556,0.00,0.00,0.00,0.00,0.00,0.00,0.00,0.00,0.00,0.00,0.00,0.00
322.540891,-21.809296,-222.198457,145.62326,-24.442548,-243.652477,121.473625,-13.382657,-207.742494,125.128738,0.00,0.00,0.00,0.00,0.00,0.00,0.00,0.00,0.00,0.00,0.00,0.00
322.665854,-11.296928,-225.958474,141.584396,-12.768956,-247.621489,121.232765,-5.224428,-210.823279,123.831299,0.00,0.00,0.00,0.00,0.00,0.00,0.00,0.00,0.00,0.00,0.00,0.00
322.790422,0.193747,-229.690838,140.800827,0.236983,-250.869764,122.042397,3.26603,-213.866847,122.986107,0.00,0.00,0.00,0.00,0.00,0.00,0.00,0.00,0.00,0.00,0.00,0.00
322.915629,11.203659,-232.137496,141.684052,12.798592,-252.955553,122.154396,10.765915,-215.253698,123.260643,0.00,0.00,0.00,0.00,0.00,0.00,0.00,0.00,0.00,0.00,0.00,0.00
323.041287,22.372323,-233.628448,142.29744,25.816397,-253.64284,120.908203,20.144782,-215.22456,123.165314,0.00,0.00,0.00,0.00,0.00,0.00,0.00,0.00,0.00,0.00,0.00,0.00
323.167414,33.057902,-233.187341,143.711472,37.968704,-253.104522,121.732407,32.30259,-214.788018,123.665268,0.00,0.00,0.00,0.00,0.00,0.00,0.00,0.00,0.00,0.00,0.00,0.00
323.293182,44.337757,-231.764693,146.112656,50.348321,-252.887808,122.529572,45.134771,-214.292741,125.93856,0.00,0.00,0.00,0.00,0.00,0.00,0.00,0.00,0.00,0.00,0.00,0.00
323.418376,55.853876,-230.669715,148.385925,63.412753,-252.584152,123.21122,56.592627,-213.598385,127.47641,0.00,0.00,0.00,0.00,0.00,0.00,0.00,0.00,0.00,0.00,0.00,0.00
323.54432,66.922881,-229.522486,148.472305,78.224674,-251.28913,122.066025,67.438419,-212.358481,126.982994,0.00,0.00,0.00,0.00,0.00,0.00,0.00,0.00,0.00,0.00,0.00,0.00
323.669961,78.281196,-227.592428,148.794052,93.876858,-247.106111,122.522217,77.557675,-209.660533,125.678802,0.00,0.00,0.00,0.00,0.00,0.00,0.00,0.00,0.00,0.00,0.00,0.00
323.794857,89.286996,-223.466473,151.034744,107.700942,-239.234379,124.52684,87.01565,-205.251843,125.957634,0.00,0.00,0.00,0.00,0.00,0.00,0.00,0.00,0.00,0.00,0.00,0.00
323.919676,99.214173,-217.575147,151.998505,118.865472,-229.399235,124.695854,96.012391,-198.023755,125.242882,0.00,0.00,0.00,0.00,0.00,0.00,0.00,0.00,0.00,0.00,0.00,0.00
324.045274,107.954362,-210.370932,151.197083,126.977724,-220.067455,123.318665,107.587108,-188.467389,124.504356,0.00,0.00,0.00,0.00,0.00,0.00,0.00,0.00,0.00,0.00,0.00,0.00
324.170134,115.850938,-202.173324,151.697876,133.78175,-212.88506,122.048729,123.785976,-178.401332,125.431824,0.00,0.00,0.00,0.00,0.00,0.00,0.00,0.00,0.00,0.00,0.00,0.00
324.29547,123.73976,-194.776161,153.25502,140.121143,-207.842454,122.11026,141.782656,-170.572406,127.523201,0.00,0.00,0.00,0.00,0.00,0.00,0.00,0.00,0.00,0.00,0.00,0.00
324.421013,131.3877,-188.614491,153.612595,146.130575,-204.84015,122.172157,158.631481,-164.508503,128.651703,0.00,0.00,0.00,0.00,0.00,0.00,0.00,0.00,0.00,0.00,0.00,0.00
324.546819,138.354008,-183.556676,153.179321,152.688238,-201.434196,121.169121,172.23946,-158.565043,129.158836,0.00,0.00,0.00,0.00,0.00,0.00,0.00,0.00,0.00,0.00,0.00,0.00
324.672048,145.307784,-179.392254,154.358658,157.911461,-197.786243,122.216911,183.022808,-154.03309,130.279083,0.00,0.00,0.00,0.00,0.00,0.00,0.00,0.00,0.00,0.00,0.00,0.00
324.797175,150.362934,-175.6659,155.200974,160.016176,-195.442251,123.34465,192.00598,-151.288282,131.421593,0.00,0.00,0.00,0.00,0.00,0.00,0.00,0.00,0.00,0.00,0.00,0.00
324.922604,153.24321,-172.733944,155.02803,160.078965,-193.839427,123.323143,197.322764,-149.638704,131.388916,0.00,0.00,0.00,0.00,0.00,0.00,0.00,0.00,0.00,0.00,0.00,0.00
325.04815,154.867025,-171.689333,155.369934,158.154329,-192.238539,123.140305,196.042366,-149.994118,131.845047,0.00,0.00,0.00,0.00,0.00,0.00,0.00,0.00,0.00,0.00,0.00,0.00
325.173659,155.233065,-172.846713,155.27092,155.506675,-190.518265,122.786453,188.644624,-153.059933,132.590485,0.00,0.00,0.00,0.00,0.00,0.00,0.00,0.00,0.00,0.00,0.00,0.00
325.29921,153.51864,-174.592438,154.955338,152.745128,-189.188651,122.509804,181.383091,-157.826831,131.430977,0.00,0.00,0.00,0.00,0.00,0.00,0.00,0.00,0.00,0.00,0.00,0.00
325.424751,150.548072,-176.000908,154.676147,149.578527,-189.312832,122.539856,175.226356,-162.729837,130.428535,0.00,0.00,0.00,0.00,0.00,0.00,0.00,0.00,0.00,0.00,0.00,0.00
325.549735,148.052385,-176.655513,154.681702,147.244271,-189.915291,123.45536,171.420208,-167.850399,129.38533,0.00,0.00,0.00,0.00,0.00,0.00,0.00,0.00,0.00,0.00,0.00,0.00
325.675054,145.139887,-176.973309,154.876907,144.419102,-190.795978,123.839729,169.096517,-172.126769,128.83773,0.00,0.00,0.00,0.00,0.00,0.00,0.00,0.00,0.00,0.00,0.00,0.00
325.80036,143.399717,-177.088866,154.924316,142.182986,-191.558105,123.903473,168.193229,-175.488452,128.279144,0.00,0.00,0.00,0.00,0.00,0.00,0.00,0.00,0.00,0.00,0.00,0.00
325.925677,142.325662,-177.143332,154.861008,141.220957,-191.848795,123.939331,166.936055,-177.74652,128.693443,0.00,0.00,0.00,0.00,0.00,0.00,0.00,0.00,0.00,0.00,0.00,0.00
326.050807,142.016423,-177.553116,154.624222,140.696184,-192.057215,123.831154,166.248812,-179.776416,128.664032,0.00,0.00,0.00,0.00,0.00,0.00,0.00,0.00,0.00,0.00,0.00,0.00
326.17614,141.636015,-179.102461,153.642899,139.34025,-192.719206,123.627632,164.238061,-184.827188,127.584488,0.00,0.00,0.00,0.00,0.00,0.00,0.00,0.00,0.00,0.00,0.00,0.00
326.300653,139.405065,-183.142986,152.852829,136.877081,-194.444439,122.807983,162.888798,-191.345607,125.535515,0.00,0.00,0.00,0.00,0.00,0.00,0.00,0.00,0.00,0.00,0.00,0.00
326.426733,134.456692,-188.23163,151.305267,130.727404,-198.010216,121.576027,156.711345,-199.799865,125.460236,0.00,0.00,0.00,0.00,0.00,0.00,0.00,0.00,0.00,0.00,0.00,0.00
326.551487,127.172747,-194.040648,149.661163,121.221328,-202.849799,121.338036,147.53752,-208.879662,125.664749,0.00,0.00,0.00,0.00,0.00,0.00,0.00,0.00,0.00,0.00,0.00,0.00
326.676555,119.002299,-200.748962,150.095276,111.914992,-207.649458,121.488121,136.301389,-218.867268,126.303284,0.00,0.00,0.00,0.00,0.00,0.00,0.00,0.00,0.00,0.00,0.00,0.00
326.802221,110.308619,-207.880188,150.710327,102.466119,-211.767842,120.629173,123.881203,-228.086613,127.241249,0.00,0.00,0.00,0.00,0.00,0.00,0.00,0.00,0.00,0.00,0.00,0.00
326.927386,101.466659,-215.410759,150.358826,91.681622,-215.946306,119.122177,109.819619,-237.753544,126.685768,0.00,0.00,0.00,0.00,0.00,0.00,0.00,0.00,0.00,0.00,0.00,0.00
327.052877,93.50747,-222.690548,149.553726,81.180958,-218.220884,118.05426,93.373885,-245.904174,126.526505,0.00,0.00,0.00,0.00,0.00,0.00,0.00,0.00,0.00,0.00,0.00,0.00
327.164197,84.689597,-228.199642,151.519897,73.503341,-219.068051,118.427162,76.609708,-249.564652,128.182449,0.00,0.00,0.00,0.00,0.00,0.00,0.00,0.00,0.00,0.00,0.00,0.00
327.289332,74.057457,-232.364787,152.747803,65.171352,-219.243429,118.283455,59.720822,-251.337418,129.873207,0.00,0.00,0.00,0.00,0.00,0.00,0.00,0.00,0.00,0.00,0.00,0.00
327.414634,63.107292,-235.298668,152.066589,54.0034,-219.597786,117.130905,45.561748,-252.373726,129.991776,0.00,0.00,0.00,0.00,0.00,0.00,0.00,0.00,0.00,0.00,0.00,0.00
327.539776,52.046289,-237.173701,152.288422,39.591456,-221.438454,117.872551,34.148262,-254.333837,129.797447,0.00,0.00,0.00,0.00,0.00,0.00,0.00,0.00,0.00,0.00,0.00,0.00
327.665226,41.340157,-238.967121,153.880936,25.719585,-225.760113,121.377113,24.435848,-256.864223,130.330421,0.00,0.00,0.00,0.00,0.00,0.00,0.00,0.00,0.00,0.00,0.00,0.00
327.790462,32.104322,-241.020346,154.278885,14.251154,-231.442873,124.22892,16.003872,-260.726963,130.566574,0.00,0.00,0.00,0.00,0.00,0.00,0.00,0.00,0.00,0.00,0.00,0.00
327.915627,24.495856,-242.64968,152.631653,5.962423,-235.399495,124.462921,9.477376,-263.70853,130.178047,0.00,0.00,0.00,0.00,0.00,0.00,0.00,0.00,0.00,0.00,0.00,0.00
328.041476,17.573046,-244.196214,152.722427,-1.579752,-237.660805,122.848633,3.865645,-266.130726,130.443146,0.00,0.00,0.00,0.00,0.00,0.00,0.00,0.00,0.00,0.00,0.00,0.00
328.166781,11.975999,-244.849052,153.585739,-7.92242,-240.228121,122.617775,-1.621992,-270.577428,130.735939,0.00,0.00,0.00,0.00,0.00,0.00,0.00,0.00,0.00,0.00,0.00,0.00
328.292257,7.771896,-244.846266,153.180313,-12.906754,-243.6509,122.917068,-2.330244,-270.682791,130.911018,0.00,0.00,0.00,0.00,0.00,0.00,0.00,0.00,0.00,0.00,0.00,0.00
328.417282,5.163971,-245.023054,153.409134,-15.537933,-247.86599,123.347939,1.868719,-264.249556,131.250648,0.00,0.00,0.00,0.00,0.00,0.00,0.00,0.00,0.00,0.00,0.00,0.00
328.542665,4.879594,-244.692772,152.794357,-14.872072,-251.880188,123.020805,7.600972,-255.971327,130.116386,0.00,0.00,0.00,0.00,0.00,0.00,0.00,0.00,0.00,0.00,0.00,0.00
328.667901,7.072425,-243.668053,152.1138,-10.618688,-256.127302,122.541611,14.076763,-248.786895,127.912445,0.00,0.00,0.00,0.00,0.00,0.00,0.00,0.00,0.00,0.00,0.00,0.00
328.793952,11.774902,-242.21004,150.959305,-2.409879,-258.466962,122.177704,21.433075,-241.453274,126.405884,0.00,0.00,0.00,0.00,0.00,0.00,0.00,0.00,0.00,0.00,0.00,0.00
328.918686,18.130264,-240.001328,150.230438,8.688081,-259.440517,121.101143,27.759553,-234.386409,125.627411,0.00,0.00,0.00,0.00,0.00,0.00,0.00,0.00,0.00,0.00,0.00,0.00
329.043876,25.524709,-236.728077,149.857819,21.311704,-259.264249,120.417572,34.033262,-226.664836,125.877548,0.00,0.00,0.00,0.00,0.00,0.00,0.00,0.00,0.00,0.00,0.00,0.00
329.169262,33.260624,-233.498595,149.561798,34.36142,-257.769146,120.332245,40.100564,-218.586862,127.429176,0.00,0.00,0.00,0.00,0.00,0.00,0.00,0.00,0.00,0.00,0.00,0.00
329.29456,41.138086,-231.441485,149.529755,45.88692,-255.55545,121.395271,45.478835,-214.817534,127.841141,0.00,0.00,0.00,0.00,0.00,0.00,0.00,0.00,0.00,0.00,0.00,0.00
329.419414,49.705697,-230.744189,149.453781,57.762255,-254.845616,121.35746,51.550451,-213.999721,127.765312,0.00,0.00,0.00,0.00,0.00,0.00,0.00,0.00,0.00,0.00,0.00,0.00
329.54463,59.038111,-231.514822,149.06604,70.928084,-254.790276,121.657806,58.514844,-214.556686,126.659531,0.00,0.00,0.00,0.00,0.00,0.00,0.00,0.00,0.00,0.00,0.00,0.00
329.670027,68.963793,-232.072979,150.27063,85.506752,-252.909637,123.079803,65.274053,-215.138902,126.603775,0.00,0.00,0.00,0.00,0.00,0.00,0.00,0.00,0.00,0.00,0.00,0.00
329.795832,79.001723,-230.263689,152.386887,98.495666,-246.606567,123.887138,70.713572,-213.603787,127.729134,0.00,0.00,0.00,0.00,0.00,0.00,0.00,0.00,0.00,0.00,0.00,0.00
329.921219,87.546334,-226.146062,152.228622,109.263499,-236.766961,122.542656,75.134396,-210.561831,127.011925,0.00,0.00,0.00,0.00,0.00,0.00,0.00,0.00,0.00,0.00,0.00,0.00
330.046749,94.121848,-220.11614,151.838531,116.22728,-228.026583,122.965462,81.389257,-204.806281,125.949677,0.00,0.00,0.00,0.00,0.00,0.00,0.00,0.00,0.00,0.00,0.00,0.00
330.171664,100.171177,-211.994783,151.839996,123.64512,-218.80017,122.964172,88.574771,-198.353697,126.761154,0.00,0.00,0.00,0.00,0.00,0.00,0.00,0.00,0.00,0.00,0.00,0.00
330.296763,106.035873,-202.951758,151.671204,130.661686,-208.601592,123.083427,95.523774,-190.621794,126.917595,0.00,0.00,0.00,0.00,0.00,0.00,0.00,0.00,0.00,0.00,0.00,0.00
330.421798,111.536578,-193.549197,150.381332,136.80005,-195.389921,121.842041,100.238925,-182.259736,126.546219,0.00,0.00,0.00,0.00,0.00,0.00,0.00,0.00,0.00,0.00,0.00,0.00
330.54694,116.629227,-182.511886,150.920059,139.970115,-179.789636,122.914665,102.858949,-172.3969,126.8703,0.00,0.00,0.00,0.00,0.00,0.00,0.00,0.00,0.00,0.00,0.00,0.00
330.672191,119.777299,-170.224936,152.194321,140.306759,-164.193305,125.050095,103.464161,-161.245798,127.336235,0.00,0.00,0.00,0.00,0.00,0.00,0.00,0.00,0.00,0.00,0.00,0.00
330.797343,121.224932,-157.262528,151.550247,139.93306,-149.789039,125.138802,103.323577,-148.336789,126.118042,0.00,0.00,0.00,0.00,0.00,0.00,0.00,0.00,0.00,0.00,0.00,0.00
330.922468,121.109214,-143.868692,150.873184,140.237195,-136.779867,124.055496,102.570165,-133.352412,126.335197,0.00,0.00,0.00,0.00,0.00,0.00,0.00,0.00,0.00,0.00,0.00,0.00
331.048399,119.96509,-129.731867,152.356384,140.961845,-123.373846,124.314529,103.056842,-116.975449,128.307884,0.00,0.00,0.00,0.00,0.00,0.00,0.00,0.00,0.00,0.00,0.00,0.00
331.173257,119.324244,-115.894967,153.442413,141.616986,-111.273161,126.388908,105.849491,-101.050267,130.14592,0.00,0.00,0.00,0.00,0.00,0.00,0.00,0.00,0.00,0.00,0.00,0.00
331.298643,119.326458,-102.697595,152.423248,142.944006,-99.247455,125.713531,108.71781,-85.119467,130.06459,0.00,0.00,0.00,0.00,0.00,0.00,0.00,0.00,0.00,0.00,0.00,0.00
331.424507,120.043774,-89.467179,152.06662,144.914557,-85.340533,123.976898,110.913812,-70.537205,129.456406,0.00,0.00,0.00,0.00,0.00,0.00,0.00,0.00,0.00,0.00,0.00,0.00
331.549071,120.685551,-77.537999,153.32428,144.631322,-74.314752,126.110817,114.081797,-57.255462,130.000488,0.00,0.00,0.00,0.00,0.00,0.00,0.00,0.00,0.00,0.00,0.00,0.00
331.674273,120.717852,-66.42295,153.938721,144.010209,-66.209133,126.620461,118.501721,-43.736213,129.759125,0.00,0.00,0.00,0.00,0.00,0.00,0.00,0.00,0.00,0.00,0.00,0.00
331.799588,120.622884,-56.166306,152.358826,142.359471,-62.318589,124.851494,126.865152,-30.912837,128.999512,0.00,0.00,0.00,0.00,0.00,0.00,0.00,0.00,0.00,0.00,0.00,0.00
331.925026,121.287936,-45.719285,153.201508,139.268357,-59.16747,122.357338,136.833059,-21.172016,129.555649,0.00,0.00,0.00,0.00,0.00,0.00,0.00,0.00,0.00,0.00,0.00,0.00
332.05094,123.730659,-36.390503,154.432922,138.657956,-55.313673,121.089371,145.247269,-15.158472,130.670776,0.00,0.00,0.00,0.00,0.00,0.00,0.00,0.00,0.00,0.00,0.00,0.00
332.176783,127.789752,-28.205387,154.14975,139.96251,-50.360623,120.698372,153.295225,-10.587428,130.640144,0.00,0.00,0.00,0.00,0.00,0.00,0.00,0.00,0.00,0.00,0.00,0.00
332.302455,132.810476,-21.703615,154.006485,143.053972,-44.555881,120.712425,163.784103,-6.294746,129.37516,0.00,0.00,0.00,0.00,0.00,0.00,0.00,0.00,0.00,0.00,0.00,0.00
332.427716,137.300632,-15.921159,154.594116,143.695733,-39.502186,122.687675,176.566193,-3.321594,128.035332,0.00,0.00,0.00,0.00,0.00,0.00,0.00,0.00,0.00,0.00,0.00,0.00
332.553034,141.045891,-10.657835,154.116379,141.607988,-36.317257,122.900322,189.133553,-1.617716,127.468422,0.00,0.00,0.00,0.00,0.00,0.00,0.00,0.00,0.00,0.00,0.00,0.00
332.664323,144.003143,-6.596859,153.779297,137.937417,-33.566741,123.233475,196.898514,-1.970227,126.947601,0.00,0.00,0.00,0.00,0.00,0.00,0.00,0.00,0.00,0.00,0.00,0.00
332.789678,145.95114,-3.908537,153.304123,134.653931,-31.333365,123.371269,198.354819,-2.868156,126.786041,0.00,0.00,0.00,0.00,0.00,0.00,0.00,0.00,0.00,0.00,0.00,0.00
332.914938,144.320508,-5.73548,153.742966,131.729107,-30.973358,123.577698,190.945171,-2.672213,127.049454,0.00,0.00,0.00,0.00,0.00,0.00,0.00,0.00,0.00,0.00,0.00,0.00
333.040151,139.383117,-10.983952,154.763977,126.656454,-31.17612,124.505188,175.857066,-2.71092,126.80555,0.00,0.00,0.00,0.00,0.00,0.00,0.00,0.00,0.00,0.00,0.00,0.00
333.165668,132.479093,-14.81242,154.945709,120.490956,-30.640233,125.140518,161.942171,-6.536141,126.755898,0.00,0.00,0.00,0.00,0.00,0.00,0.00,0.00,0.00,0.00,0.00,0.00
333.290304,125.919904,-16.061826,154.721771,114.586926,-29.11802,124.825386,152.734788,-11.625351,127.644279,0.00,0.00,0.00,0.00,0.00,0.00,0.00,0.00,0.00,0.00,0.00,0.00
333.415423,121.646135,-15.302307,154.933258,110.43938,-25.796896,124.209671,147.690785,-16.887584,129.702835,0.00,0.00,0.00,0.00,0.00,0.00,0.00,0.00,0.00,0.00,0.00,0.00
333.540687,118.884453,-13.24024,155.139786,108.345086,-22.642323,123.676422,144.490965,-21.17806,130.761032,0.00,0.00,0.00,0.00,0.00,0.00,0.00,0.00,0.00,0.00,0.00,0.00
333.666535,117.494997,-11.111751,155.767868,107.617739,-20.849125,123.021057,141.207931,-22.891143,131.155579,0.00,0.00,0.00,0.00,0.00,0.00,0.00,0.00,0.00,0.00,0.00,0.00
333.791884,116.051898,-10.506146,154.966629,107.994136,-20.239512,122.190994,136.19857,-25.0804,130.360657,0.00,0.00,0.00,0.00,0.00,0.00,0.00,0.00,0.00,0.00,0.00,0.00
333.916911,112.92568,-12.01334,151.607559,107.459715,-19.715662,120.995094,130.779742,-27.915049,129.277733,0.00,0.00,0.00,0.00,0.00,0.00,0.00,0.00,0.00,0.00,0.00,0.00
334.041783,107.666541,-14.735604,149.123642,104.700116,-19.164335,119.843292,123.813988,-30.962137,129.139496,0.00,0.00,0.00,0.00,0.00,0.00,0.00,0.00,0.00,0.00,0.00,0.00
334.166938,100.258745,-17.711689,147.473404,95.650434,-17.76028,118.749084,114.016553,-34.750675,128.801826,0.00,0.00,0.00,0.00,0.00,0.00,0.00,0.00,0.00,0.00,0.00,0.00
334.291791,90.745942,-21.103196,147.153427,79.335479,-13.743133,119.552757,102.764291,-38.722847,128.947372,0.00,0.00,0.00,0.00,0.00,0.00,0.00,0.00,0.00,0.00,0.00,0.00
334.417384,79.827325,-25.206869,148.674591,64.107646,-11.099068,121.712555,91.162272,-43.26469,129.11116,0.00,0.00,0.00,0.00,0.00,0.00,0.00,0.00,0.00,0.00,0.00,0.00
334.543043,68.888479,-29.812587,150.182556,51.712895,-13.335548,124.280251,79.519471,-48.530457,129.63739,0.00,0.00,0.00,0.00,0.00,0.00,0.00,0.00,0.00,0.00,0.00,0.00
334.668612,58.193635,-34.524328,150.461639,40.761343,-18.358802,125.253395,68.298743,-53.702383,129.454041,0.00,0.00,0.00,0.00,0.00,0.00,0.00,0.00,0.00,0.00,0.00,0.00
334.793876,47.896187,-39.878116,149.731827,30.133073,-22.717972,126.20919,56.064662,-59.527921,128.732521,0.00,0.00,0.00,0.00,0.00,0.00,0.00,0.00,0.00,0.00,0.00,0.00
334.919112,36.200316,-45.88985,150.995956,18.618279,-26.977579,126.137428,42.750799,-64.62842,129.565575,0.00,0.00,0.00,0.00,0.00,0.00,0.00,0.00,0.00,0.00,0.00,0.00
335.04448,24.030083,-50.582405,151.059448,7.33668,-30.850136,126.495354,29.625137,-68.855388,130.227615,0.00,0.00,0.00,0.00,0.00,0.00,0.00,0.00,0.00,0.00,0.00,0.00
335.170103,12.197411,-54.214764,148.598419,-4.711723,-33.678375,125.61795,18.598235,-72.670829,129.59539,0.00,0.00,0.00,0.00,0.00,0.00,0.00,0.00,0.00,0.00,0.00,0.00
335.295079,-0.044986,-57.777886,147.549988,-16.71764,-37.767727,125.579834,7.871167,-76.391416,128.837898,0.00,0.00,0.00,0.00,0.00,0.00,0.00,0.00,0.00,0.00,0.00,0.00
335.420409,-11.400267,-62.108101,147.912888,-27.132786,-41.540997,125.914604,-3.876817,-81.772247,129.108658,0.00,0.00,0.00,0.00,0.00,0.00,0.00,0.00,0.00,0.00,0.00,0.00
335.545665,-22.48138,-66.640661,147.355637,-36.627448,-44.385894,124.801987,-17.464861,-87.752484,128.881233,0.00,0.00,0.00,0.00,0.00,0.00,0.00,0.00,0.00,0.00,0.00,0.00
335.671111,-32.929546,-70.80718,147.488556,-42.558849,-46.590326,122.705109,-34.551275,-93.150641,129.018837,0.00,0.00,0.00,0.00,0.00,0.00,0.00,0.00,0.00,0.00,0.00,0.00
335.796346,-42.792484,-73.791391,149.763428,-47.303593,-48.24367,120.229477,-53.462562,-93.075585,131.095009,0.00,0.00,0.00,0.00,0.00,0.00,0.00,0.00,0.00,0.00,0.00,0.00
335.921775,-51.444557,-75.180015,152.153168,-51.953274,-48.181077,120.35836,-73.018629,-90.376271,132.758713,0.00,0.00,0.00,0.00,0.00,0.00,0.00,0.00,0.00,0.00,0.00,0.00
336.046715,-59.607738,-75.545986,152.528717,-58.338143,-47.404633,119.839386,-91.761273,-87.171614,132.40332,0.00,0.00,0.00,0.00,0.00,0.00,0.00,0.00,0.00,0.00,0.00,0.00
336.172236,-67.444768,-75.465688,152.85759,-65.017248,-46.842831,120.448044,-108.55366,-83.842184,131.650368,0.00,0.00,0.00,0.00,0.00,0.00,0.00,0.00,0.00,0.00,0.00,0.00
336.297711,-74.654375,-75.783253,153.340439,-68.234634,-47.172124,119.950302,-122.379351,-80.850226,130.699738,0.00,0.00,0.00,0.00,0.00,0.00,0.00,0.00,0.00,0.00,0.00,0.00
336.423479,-80.414007,-75.965188,152.172043,-68.760677,-47.989643,118.824722,-133.525378,-79.15489,129.80719,0.00,0.00,0.00,0.00,0.00,0.00,0.00,0.00,0.00,0.00,0.00,0.00
336.548855,-85.567377,-76.664831,151.16713,-68.81959,-48.810056,118.34169,-140.647148,-78.644399,129.425735,0.00,0.00,0.00,0.00,0.00,0.00,0.00,0.00,0.00,0.00,0.00,0.00
336.674126,-88.225405,-78.036624,151.144669,-71.055941,-49.605936,118.703606,-142.413135,-78.75825,129.644028,0.00,0.00,0.00,0.00,0.00,0.00,0.00,0.00,0.00,0.00,0.00,0.00
336.799054,-87.662384,-79.670273,153.221664,-75.682954,-51.598921,120.07959,-131.024537,-80.669407,129.878593,0.00,0.00,0.00,0.00,0.00,0.00,0.00,0.00,0.00,0.00,0.00,0.00
336.924855,-84.738553,-82.12928,155.153992,-81.690141,-54.327254,121.498352,-110.607001,-86.801961,128.649323,0.00,0.00,0.00,0.00,0.00,0.00,0.00,0.00,0.00,0.00,0.00,0.00
337.050328,-81.16775,-84.990278,155.151611,-89.068862,-58.942558,122.122902,-92.527826,-91.543752,126.792175,0.00,0.00,0.00,0.00,0.00,0.00,0.00,0.00,0.00,0.00,0.00,0.00
337.175173,-77.520823,-87.162278,154.428345,-95.436828,-66.394532,123.076988,-81.060224,-94.60328,127.176254,0.00,0.00,0.00,0.00,0.00,0.00,0.00,0.00,0.00,0.00,0.00,0.00
337.300643,-73.807255,-89.259721,154.500397,-95.393683,-74.485386,124.752968,-73.058668,-97.327283,128.288467,0.00,0.00,0.00,0.00,0.00,0.00,0.00,0.00,0.00,0.00,0.00,0.00
337.425971,-70.268814,-91.917818,154.758575,-93.311686,-82.398113,124.208862,-66.696169,-100.738854,128.435722,0.00,0.00,0.00,0.00,0.00,0.00,0.00,0.00,0.00,0.00,0.00,0.00
337.551053,-67.412886,-96.508911,154.30809,-90.394193,-91.040736,123.849731,-60.509005,-105.22752,128.139748,0.00,0.00,0.00,0.00,0.00,0.00,0.00,0.00,0.00,0.00,0.00,0.00
337.676552,-64.591706,-103.367554,151.569138,-86.665022,-100.753212,123.540298,-53.313705,-111.7384,127.919083,0.00,0.00,0.00,0.00,0.00,0.00,0.00,0.00,0.00,0.00,0.00,0.00
337.801973,-61.148468,-112.271886,148.342392,-82.615644,-110.454367,123.09082,-45.785749,-119.346125,127.968529,0.00,0.00,0.00,0.00,0.00,0.00,0.00,0.00,0.00,0.00,0.00,0.00
337.92687,-57.261252,-122.71443,146.97934,-78.633596,-119.875064,122.382309,-40.009426,-129.563434,127.776009,0.00,0.00,0.00,0.00,0.00,0.00,0.00,0.00,0.00,0.00,0.00,0.00
338.051935,-54.703968,-133.939941,146.697586,-75.976935,-129.376223,122.30983,-37.647207,-140.653673,127.605743,0.00,0.00,0.00,0.00,0.00,0.00,0.00,0.00,0.00,0.00,0.00,0.00
338.17749,-53.676226,-144.925493,147.390732,-75.734495,-139.358524,122.294655,-38.284246,-152.295505,127.587395,0.00,0.00,0.00,0.00,0.00,0.00,0.00,0.00,0.00,0.00,0.00,0.00
338.302562,-54.102393,-155.277017,148.489502,-76.086393,-151.377267,122.419769,-39.549847,-164.33911,128.268173,0.00,0.00,0.00,0.00,0.00,0.00,0.00,0.00,0.00,0.00,0.00,0.00
338.414264,-55.159787,-164.219703,149.609711,-77.236013,-163.507848,123.029663,-41.30935,-175.313736,128.508141,0.00,0.00,0.00,0.00,0.00,0.00,0.00,0.00,0.00,0.00,0.00,0.00
338.539658,-56.336151,-174.685745,152.320007,-77.139843,-176.859794,125.304344,-43.99457,-188.180176,129.688187,0.00,0.00,0.00,0.00,0.00,0.00,0.00,0.00,0.00,0.00,0.00,0.00
338.665008,-56.754156,-184.642663,153.313995,-76.208123,-186.741912,126.344604,-46.603137,-201.594198,130.027275,0.00,0.00,0.00,0.00,0.00,0.00,0.00,0.00,0.00,0.00,0.00,0.00
338.789946,-57.02758,-193.590167,152.034424,-77.018019,-195.34189,124.576813,-51.015895,-216.74454,129.579666,0.00,0.00,0.00,0.00,0.00,0.00,0.00,0.00,0.00,0.00,0.00,0.00
338.915556,-57.131502,-202.926516,152.764725,-77.479414,-203.688756,122.733749,-57.617655,-233.249899,129.723579,0.00,0.00,0.00,0.00,0.00,0.00,0.00,0.00,0.00,0.00,0.00,0.00
339.040982,-57.864164,-210.477149,154.159302,-78.116332,-210.05731,122.786301,-63.969993,-246.819901,131.295052,0.00,0.00,0.00,0.00,0.00,0.00,0.00,0.00,0.00,0.00,0.00,0.00
339.165756,-59.070444,-216.267795,154.769211,-79.40902,-214.045376,123.63295,-69.756342,-258.757306,131.897171,0.00,0.00,0.00,0.00,0.00,0.00,0.00,0.00,0.00,0.00,0.00,0.00
339.290964,-60.695186,-220.526734,154.777405,-81.187109,-217.299834,123.862915,-72.583837,-266.969835,131.573517,0.00,0.00,0.00,0.00,0.00,0.00,0.00,0.00,0.00,0.00,0.00,0.00
339.416806,-62.591079,-223.457781,154.880646,-83.166436,-219.838553,124.224358,-74.241661,-270.912616,131.165604,0.00,0.00,0.00,0.00,0.00,0.00,0.00,0.00,0.00,0.00,0.00,0.00
339.542447,-64.159417,-225.244484,154.939163,-85.015816,-222.159529,124.442856,-74.61516,-269.82092,131.663208,0.00,0.00,0.00,0.00,0.00,0.00,0.00,0.00,0.00,0.00,0.00,0.00
339.667632,-64.887667,-226.338129,154.983887,-85.894355,-225.998786,124.151588,-68.873063,-255.602599,133.198547,0.00,0.00,0.00,0.00,0.00,0.00,0.00,0.00,0.00,0.00,0.00,0.00
339.792782,-63.237775,-227.392844,154.313278,-84.342103,-231.30806,124.00592,-59.17749,-241.535261,131.19294,0.00,0.00,0.00,0.00,0.00,0.00,0.00,0.00,0.00,0.00,0.00,0.00
339.918175,-59.836,-227.666044,153.485275,-79.592576,-236.546467,124.188477,-51.164229,-232.294354,128.45507,0.00,0.00,0.00,0.00,0.00,0.00,0.00,0.00,0.00,0.00,0.00,0.00
340.043648,-55.79014,-227.522952,152.293137,-72.555518,-240.702668,123.995926,-46.567157,-225.169371,125.998474,0.00,0.00,0.00,0.00,0.00,0.00,0.00,0.00,0.00,0.00,0.00,0.00
340.169232,-50.604819,-227.115079,150.103058,-64.319623,-243.442549,123.699028,-43.750197,-220.892867,123.566177,0.00,0.00,0.00,0.00,0.00,0.00,0.00,0.00,0.00,0.00,0.00,0.00
340.2944,-44.068024,-226.944504,148.919769,-54.280179,-245.410163,122.644058,-39.28475,-218.573798,122.556381,0.00,0.00,0.00,0.00,0.00,0.00,0.00,0.00,0.00,0.00,0.00,0.00
340.419321,-37.009939,-227.043695,148.366959,-44.279545,-246.781767,122.098473,-32.892494,-217.566577,122.008682,0.00,0.00,0.00,0.00,0.00,0.00,0.00,0.00,0.00,0.00,0.00,0.00
340.545008,-28.496743,-227.891868,149.155502,-34.195453,-248.323466,122.29187,-24.463235,-218.119226,122.369041,0.00,0.00,0.00,0.00,0.00,0.00,0.00,0.00,0.00,0.00,0.00,0.00
340.67026,-19.283345,-229.793976,149.836884,-23.814832,-251.00394,122.393097,-14.467654,-220.476288,122.623161,0.00,0.00,0.00,0.00,0.00,0.00,0.00,0.00,0.00,0.00,0.00,0.00
340.795429,-8.888223,-232.725887,149.821777,-10.602164,-254.980069,121.329361,-3.35223,-223.212197,123.073013,0.00,0.00,0.00,0.00,0.00,0.00,0.00,0.00,0.00,0.00,0.00,0.00
340.920686,2.066575,-236.079211,150.358002,4.850411,-258.490663,121.697739,7.719005,-226.274867,122.954559,0.00,0.00,0.00,0.00,0.00,0.00,0.00,0.00,0.00,0.00,0.00,0.00
341.046105,14.583169,-238.3637,152.064423,21.040595,-259.892706,123.378128,18.494256,-227.332846,124.409203,0.00,0.00,0.00,0.00,0.00,0.00,0.00,0.00,0.00,0.00,0.00,0.00
341.171382,27.283115,-238.930443,152.28331,36.474865,-258.647418,123.722244,29.643426,-225.907944,124.084061,0.00,0.00,0.00,0.00,0.00,0.00,0.00,0.00,0.00,0.00,0.00,0.00
341.296863,39.813852,-237.608365,151.406082,50.901203,-256.687659,122.687347,42.098379,-223.452596,122.788353,0.00,0.00,0.00,0.00,0.00,0.00,0.00,0.00,0.00,0.00,0.00,0.00
341.422203,52.473835,-234.755208,152.00946,65.057506,-254.557643,122.818153,55.726648,-220.818962,123.374321,0.00,0.00,0.00,0.00,0.00,0.00,0.00,0.00,0.00,0.00,0.00,0.00
341.547603,64.973148,-231.844735,153.465897,79.392742,-251.544272,124.34626,68.397537,-217.750829,124.992134,0.00,0.00,0.00,0.00,0.00,0.00,0.00,0.00,0.00,0.00,0.00,0.00
341.672917,77.065187,-228.621661,153.587479,93.754959,-247.58496,124.714226,79.945065,-213.180821,124.725525,0.00,0.00,0.00,0.00,0.00,0.00,0.00,0.00,0.00,0.00,0.00,0.00
341.798155,88.455806,-225.022857,152.915436,108.95365,-240.650508,123.926872,89.941669,-207.641659,124.113846,0.00,0.00,0.00,0.00,0.00,0.00,0.00,0.00,0.00,0.00,0.00,0.00
341.923298,100.029841,-219.92127,154.154114,121.745235,-230.665318,124.302856,99.909684,-201.017477,124.999763,0.00,0.00,0.00,0.00,0.00,0.00,0.00,0.00,0.00,0.00,0.00,0.00
342.048683,110.601421,-213.460153,154.007767,131.529192,-222.027181,123.735809,110.584409,-192.750695,125.577362,0.00,0.00,0.00,0.00,0.00,0.00,0.00,0.00,0.00,0.00,0.00,0.00
342.173701,119.959665,-205.776062,152.850189,139.670418,-216.446457,122.596123,123.581663,-182.474838,125.664169,0.00,0.00,0.00,0.00,0.00,0.00,0.00,0.00,0.00,0.00,0.00,0.00
342.298924,128.26499,-197.083031,153.294067,146.80327,-211.233133,121.967262,138.946319,-172.881961,127.58947,0.00,0.00,0.00,0.00,0.00,0.00,0.00,0.00,0.00,0.00,0.00,0.00
342.424504,136.219937,-189.270432,154.535614,153.425983,-205.624824,122.493271,155.945183,-164.693035,129.414589,0.00,0.00,0.00,0.00,0.00,0.00,0.00,0.00,0.00,0.00,0.00,0.00
342.549734,143.198194,-182.912155,154.262543,158.912353,-201.234458,122.740311,170.885576,-157.646365,130.250771,0.00,0.00,0.00,0.00,0.00,0.00,0.00,0.00,0.00,0.00,0.00,0.00
342.675022,149.249078,-178.038458,153.973206,164.333672,-196.427044,122.469154,182.232134,-152.80955,131.138367,0.00,0.00,0.00,0.00,0.00,0.00,0.00,0.00,0.00,0.00,0.00,0.00
342.799586,153.937661,-173.885295,155.029587,166.263451,-192.846136,123.787193,190.981538,-150.499849,131.806923,0.00,0.00,0.00,0.00,0.00,0.00,0.00,0.00,0.00,0.00,0.00,0.00
342.925458,156.492851,-170.557411,154.756714,166.283586,-190.719598,123.645477,196.617828,-149.333631,130.908066,0.00,0.00,0.00,0.00,0.00,0.00,0.00,0.00,0.00,0.00,0.00,0.00
343.051079,157.754581,-168.520845,155.1548,164.049016,-189.763528,124.169159,197.522106,-149.437646,130.299164,0.00,0.00,0.00,0.00,0.00,0.00,0.00,0.00,0.00,0.00,0.00,0.00
343.176273,158.300515,-169.404023,155.472931,160.121164,-190.195277,124.479752,189.53619,-152.369007,132.362518,0.00,0.00,0.00,0.00,0.00,0.00,0.00,0.00,0.00,0.00,0.00,0.00
343.30213,156.187289,-173.313197,154.916168,153.415436,-190.566382,124.663979,179.739989,-159.960162,132.239914,0.00,0.00,0.00,0.00,0.00,0.00,0.00,0.00,0.00,0.00,0.00,0.00
343.427386,151.76255,-176.674681,154.237396,146.423377,-189.956434,124.01754,172.025883,-169.272353,131.352783,0.00,0.00,0.00,0.00,0.00,0.00,0.00,0.00,0.00,0.00,0.00,0.00
343.552737,145.374993,-179.331775,153.229324,139.229619,-188.78764,122.213356,164.947403,-178.092615,130.979355,0.00,0.00,0.00,0.00,0.00,0.00,0.00,0.00,0.00,0.00,0.00,0.00
343.677695,138.407426,-181.783455,152.32814,131.559224,-188.209172,120.18985,156.64779,-187.074192,130.188049,0.00,0.00,0.00,0.00,0.00,0.00,0.00,0.00,0.00,0.00,0.00,0.00
343.789294,132.118145,-184.694765,151.289749,124.632415,-189.149273,118.603508,148.123799,-194.543579,129.404121,0.00,0.00,0.00,0.00,0.00,0.00,0.00,0.00,0.00,0.00,0.00,0.00
343.929838,124.156881,-189.797051,150.722061,116.945869,-191.901076,117.734505,137.236908,-203.780782,128.485161,0.00,0.00,0.00,0.00,0.00,0.00,0.00,0.00,0.00,0.00,0.00,0.00
344.039343,118.351833,-195.315596,150.987823,110.077868,-196.115593,117.029465,129.269769,-211.168299,127.60717,0.00,0.00,0.00,0.00,0.00,0.00,0.00,0.00,0.00,0.00,0.00,0.00
344.165064,112.426276,-202.449289,151.147217,101.847909,-201.945157,116.878349,119.995942,-220.712129,125.878067,0.00,0.00,0.00,0.00,0.00,0.00,0.00,0.00,0.00,0.00,0.00,0.00
344.290079,106.431966,-210.459602,150.699829,93.795206,-207.433048,116.78627,107.529289,-231.887008,125.253494,0.00,0.00,0.00,0.00,0.00,0.00,0.00,0.00,0.00,0.00,0.00,0.00
344.415186,99.274005,-218.475345,151.174545,86.570642,-211.350441,116.411118,91.365777,-240.706537,126.21978,0.00,0.00,0.00,0.00,0.00,0.00,0.00,0.00,0.00,0.00,0.00,0.00
344.540297,89.976532,-224.984191,152.783585,79.202422,-214.080611,115.86364,73.307982,-245.549572,127.482597,0.00,0.00,0.00,0.00,0.00,0.00,0.00,0.00,0.00,0.00,0.00,0.00
344.665991,79.730879,-229.206593,152.927826,70.677546,-215.943414,115.198616,55.291755,-249.159653,127.87664,0.00,0.00,0.00,0.00,0.00,0.00,0.00,0.00,0.00,0.00,0.00,0.00
344.790779,69.629969,-232.225716,152.691238,59.662898,-217.896316,114.5718,39.932253,-253.084459,127.922562,0.00,0.00,0.00,0.00,0.00,0.00,0.00,0.00,0.00,0.00,0.00,0.00
344.91631,59.292965,-235.0852,153.948486,48.41897,-220.733789,116.730324,27.538613,-257.482825,129.345398,0.00,0.00,0.00,0.00,0.00,0.00,0.00,0.00,0.00,0.00,0.00,0.00
345.041765,50.082829,-238.220537,154.784058,38.325603,-224.243245,118.685165,17.058447,-261.970145,131.352127,0.00,0.00,0.00,0.00,0.00,0.00,0.00,0.00,0.00,0.00,0.00,0.00
345.167123,41.981892,-241.586485,153.252029,28.237981,-227.91735,118.45134,7.881024,-267.095846,132.005768,0.00,0.00,0.00,0.00,0.00,0.00,0.00,0.00,0.00,0.00,0.00,0.00
345.292096,34.720996,-244.890264,153.416809,18.902593,-231.557625,119.05294,0.343786,-271.74049,131.423309,0.00,0.00,0.00,0.00,0.00,0.00,0.00,0.00,0.00,0.00,0.00,0.00
345.417779,28.540392,-247.17931,154.582947,10.993134,-235.959073,121.245956,-0.938497,-272.396422,131.636024,0.00,0.00,0.00,0.00,0.00,0.00,0.00,0.00,0.00,0.00,0.00,0.00
345.543389,24.72098,-248.642459,154.270294,5.195069,-241.63974,122.582108,4.558845,-268.815968,131.643219,0.00,0.00,0.00,0.00,0.00,0.00,0.00,0.00,0.00,0.00,0.00,0.00
345.668685,22.622138,-249.826297,154.048309,2.90299,-248.767927,122.964073,13.754961,-264.703977,129.527397,0.00,0.00,0.00,0.00,0.00,0.00,0.00,0.00,0.00,0.00,0.00,0.00
345.794367,23.172093,-250.650381,153.766586,4.655318,-254.805419,122.493607,21.934204,-260.444321,127.245369,0.00,0.00,0.00,0.00,0.00,0.00,0.00,0.00,0.00,0.00,0.00,0.00
345.919718,27.244184,-249.969613,152.720688,10.907532,-259.525359,121.257881,29.936142,-255.805174,125.666527,0.00,0.00,0.00,0.00,0.00,0.00,0.00,0.00,0.00,0.00,0.00,0.00
346.045015,33.590383,-247.968373,151.312469,21.202097,-262.529783,120.228531,37.063747,-251.031019,123.739868,0.00,0.00,0.00,0.00,0.00,0.00,0.00,0.00,0.00,0.00,0.00,0.00
346.170373,41.548551,-244.816054,149.578384,34.208588,-262.613685,118.994957,45.434633,-245.992805,121.540802,0.00,0.00,0.00,0.00,0.00,0.00,0.00,0.00,0.00,0.00,0.00,0.00
346.295009,49.955088,-240.978028,148.381805,47.819968,-260.755985,118.416191,53.836658,-240.999343,120.52182,0.00,0.00,0.00,0.00,0.00,0.00,0.00,0.00,0.00,0.00,0.00,0.00
346.420297,58.279214,-237.905937,147.926239,60.426158,-258.493345,118.587234,60.96311,-237.134921,120.701294,0.00,0.00,0.00,0.00,0.00,0.00,0.00,0.00,0.00,0.00,0.00,0.00
346.545813,66.563418,-236.272692,147.606918,71.693164,-257.19319,118.35939,68.173677,-235.421151,121.043091,0.00,0.00,0.00,0.00,0.00,0.00,0.00,0.00,0.00,0.00,0.00,0.00
346.670958,74.607622,-235.532739,147.09729,84.450248,-256.632129,117.821663,75.879818,-233.704953,120.51461,0.00,0.00,0.00,0.00,0.00,0.00,0.00,0.00,0.00,0.00,0.00,0.00
346.795818,83.030078,-234.544699,147.444733,97.72802,-253.453816,119.248177,82.921308,-230.488461,120.613876,0.00,0.00,0.00,0.00,0.00,0.00,0.00,0.00,0.00,0.00,0.00,0.00
346.921262,91.579586,-231.032567,149.290802,108.136108,-246.132472,120.886734,88.257094,-224.829119,121.95607,0.00,0.00,0.00,0.00,0.00,0.00,0.00,0.00,0.00,0.00,0.00,0.00
347.046814,98.692912,-225.242164,149.623642,116.680966,-234.985063,119.539955,91.661939,-218.273598,122.307152,0.00,0.00,0.00,0.00,0.00,0.00,0.00,0.00,0.00,0.00,0.00,0.00
347.171754,104.004938,-217.655179,148.9599,123.519948,-223.338412,120.184044,94.905016,-209.404933,121.48941,0.00,0.00,0.00,0.00,0.00,0.00,0.00,0.00,0.00,0.00,0.00,0.00
347.297009,107.847036,-207.558101,149.626526,128.60277,-212.780924,120.745667,100.230402,-199.390684,122.324257,0.00,0.00,0.00,0.00,0.00,0.00,0.00,0.00,0.00,0.00,0.00,0.00
347.422267,111.203596,-196.415724,150.647186,132.933744,-201.264645,120.488899,104.169881,-188.306925,123.990135,0.00,0.00,0.00,0.00,0.00,0.00,0.00,0.00,0.00,0.00,0.00,0.00
347.547367,114.307712,-184.722453,149.58992,136.987313,-186.79794,120.214035,105.985522,-175.916365,124.310066,0.00,0.00,0.00,0.00,0.00,0.00,0.00,0.00,0.00,0.00,0.00,0.00
347.67221,117.838742,-171.614089,149.689835,139.848483,-169.292897,121.042458,106.665113,-162.759092,124.381256,0.00,0.00,0.00,0.00,0.00,0.00,0.00,0.00,0.00,0.00,0.00,0.00
347.79754,120.176916,-157.875684,150.708084,139.729768,-152.827302,122.737282,105.864388,-149.712475,125.203735,0.00,0.00,0.00,0.00,0.00,0.00,0.00,0.00,0.00,0.00,0.00,0.00
347.922667,121.239156,-143.692009,149.506165,138.980074,-137.754929,122.462669,104.646025,-134.750852,124.10405,0.00,0.00,0.00,0.00,0.00,0.00,0.00,0.00,0.00,0.00,0.00,0.00
348.047995,121.334729,-129.838111,148.108826,140.188016,-125.043909,121.744621,105.59454,-117.705703,123.570312,0.00,0.00,0.00,0.00,0.00,0.00,0.00,0.00,0.00,0.00,0.00,0.00
348.173305,121.73219,-115.441505,149.638245,142.091701,-113.436635,122.172287,109.918951,-100.53338,125.555305,0.00,0.00,0.00,0.00,0.00,0.00,0.00,0.00,0.00,0.00,0.00,0.00
348.298497,123.146905,-101.847158,150.497345,144.769839,-102.404905,122.34552,115.692918,-84.197055,126.418365,0.00,0.00,0.00,0.00,0.00,0.00,0.00,0.00,0.00,0.00,0.00,0.00
348.423555,124.881273,-89.136145,149.369812,147.834621,-91.249807,120.430641,120.86729,-69.366045,125.790924,0.00,0.00,0.00,0.00,0.00,0.00,0.00,0.00,0.00,0.00,0.00,0.00
348.549048,127.533889,-76.408834,149.79863,150.482125,-79.818541,120.113647,124.92526,-55.976298,126.026588,0.00,0.00,0.00,0.00,0.00,0.00,0.00,0.00,0.00,0.00,0.00,0.00
348.674408,128.783364,-64.942046,151.541306,150.452476,-70.91525,121.661896,129.40815,-44.162369,126.772232,0.00,0.00,0.00,0.00,0.00,0.00,0.00,0.00,0.00,0.00,0.00,0.00
348.799746,129.421408,-53.729004,151.541565,150.037461,-62.964708,121.422844,134.660716,-32.150096,126.013924,0.00,0.00,0.00,0.00,0.00,0.00,0.00,0.00,0.00,0.00,0.00,0.00
348.925369,130.039977,-42.482137,150.317337,147.366511,-55.796142,119.190697,142.905431,-20.857129,124.925438,0.00,0.00,0.00,0.00,0.00,0.00,0.00,0.00,0.00,0.00,0.00,0.00
349.051451,131.268714,-31.731765,151.165436,142.244373,-50.448825,116.862564,154.626082,-12.454455,124.772362,0.00,0.00,0.00,0.00,0.00,0.00,0.00,0.00,0.00,0.00,0.00,0.00
349.17719,133.70528,-23.902053,152.487991,138.695212,-47.450125,117.642441,167.997629,-8.132032,125.897354,0.00,0.00,0.00,0.00,0.00,0.00,0.00,0.00,0.00,0.00,0.00,0.00
349.302388,136.605498,-19.092737,152.737473,135.17498,-46.077314,119.071938,181.595293,-6.024137,127.302391,0.00,0.00,0.00,0.00,0.00,0.00,0.00,0.00,0.00,0.00,0.00,0.00
349.427881,140.536955,-16.85652,151.787643,133.679703,-46.474007,118.877464,192.595899,-4.427525,127.903,0.00,0.00,0.00,0.00,0.00,0.00,0.00,0.00,0.00,0.00,0.00,0.00
349.53923,143.231135,-16.159934,150.807449,132.747828,-46.240082,119.109467,196.128853,-4.940624,127.852364,0.00,0.00,0.00,0.00,0.00,0.00,0.00,0.00,0.00,0.00,0.00,0.00
349.664562,143.161629,-17.874984,151.814911,132.546053,-46.736436,119.537552,188.784823,-7.900658,127.324181,0.00,0.00,0.00,0.00,0.00,0.00,0.00,0.00,0.00,0.00,0.00,0.00
349.79018,139.89297,-22.464674,154.118484,130.006206,-46.613951,121.654121,171.587538,-14.08364,126.162605,0.00,0.00,0.00,0.00,0.00,0.00,0.00,0.00,0.00,0.00,0.00,0.00
349.915371,133.894227,-27.49747,154.780899,125.387,-44.924133,122.95845,156.689872,-20.790689,125.172012,0.00,0.00,0.00,0.00,0.00,0.00,0.00,0.00,0.00,0.00,0.00,0.00
350.040545,127.353464,-29.282381,153.56575,120.30199,-41.43116,121.316414,146.716039,-27.538111,123.9711,0.00,0.00,0.00,0.00,0.00,0.00,0.00,0.00,0.00,0.00,0.00,0.00
350.165387,121.510518,-27.298429,151.622742,114.83779,-33.769702,118.276062,138.720889,-31.677394,123.624565,0.00,0.00,0.00,0.00,0.00,0.00,0.00,0.00,0.00,0.00,0.00,0.00
350.290892,116.773114,-24.131394,150.677017,111.007369,-26.488018,116.621094,131.519915,-32.531684,124.062866,0.00,0.00,0.00,0.00,0.00,0.00,0.00,0.00,0.00,0.00,0.00,0.00
350.416002,112.562751,-21.007862,150.67189,106.76856,-21.331748,116.913727,124.084662,-32.885599,124.313736,0.00,0.00,0.00,0.00,0.00,0.00,0.00,0.00,0.00,0.00,0.00,0.00
350.541258,107.974895,-19.685999,150.783035,99.273647,-17.24578,116.921478,116.352966,-33.750773,124.84333,0.00,0.00,0.00,0.00,0.00,0.00,0.00,0.00,0.00,0.00,0.00,0.00
350.666208,101.835364,-20.049434,151.588531,90.538133,-13.726522,117.217926,107.175515,-35.155357,125.000114,0.00,0.00,0.00,0.00,0.00,0.00,0.00,0.00,0.00,0.00,0.00,0.00
350.791674,93.744164,-20.447302,151.979172,80.906792,-10.555975,117.672684,95.691202,-36.326217,125.457603,0.00,0.00,0.00,0.00,0.00,0.00,0.00,0.00,0.00,0.00,0.00,0.00
350.917001,83.877716,-21.02971,152.13147,69.543323,-9.086815,118.213585,84.219584,-37.755226,127.037628,0.00,0.00,0.00,0.00,0.00,0.00,0.00,0.00,0.00,0.00,0.00,0.00
351.042673,73.001054,-24.200867,151.72258,58.364674,-10.033567,119.62513,73.519237,-41.442976,127.296928,0.00,0.00,0.00,0.00,0.00,0.00,0.00,0.00,0.00,0.00,0.00,0.00
351.167873,61.832436,-29.296121,150.347382,46.530302,-14.705648,120.366455,64.203065,-47.260841,126.618797,0.00,0.00,0.00,0.00,0.00,0.00,0.00,0.00,0.00,0.00,0.00,0.00
351.292675,51.14254,-35.712281,148.657883,34.85954,-20.030642,121.71051,53.348706,-54.170619,125.951714,0.00,0.00,0.00,0.00,0.00,0.00,0.00,0.00,0.00,0.00,0.00,0.00
351.417939,39.913869,-43.138977,148.558487,25.081558,-23.815345,123.461479,40.916146,-59.953404,126.485161,0.00,0.00,0.00,0.00,0.00,0.00,0.00,0.00,0.00,0.00,0.00,0.00
351.543432,28.614607,-49.021615,149.223495,13.772775,-27.466515,123.804169,29.875957,-64.770102,127.133377,0.00,0.00,0.00,0.00,0.00,0.00,0.00,0.00,0.00,0.00,0.00,0.00
351.668958,18.20916,-53.723803,148.57608,1.928592,-31.685757,123.585205,20.368158,-69.310108,126.466782,0.00,0.00,0.00,0.00,0.00,0.00,0.00,0.00,0.00,0.00,0.00,0.00
351.794242,7.775637,-57.748403,148.511597,-10.633584,-36.789478,123.456505,10.496533,-73.389318,125.242905,0.00,0.00,0.00,0.00,0.00,0.00,0.00,0.00,0.00,0.00,0.00,0.00
351.919303,-2.642912,-62.225777,149.829254,-20.922035,-42.241426,124.442223,0.088322,-78.806396,125.646751,0.00,0.00,0.00,0.00,0.00,0.00,0.00,0.00,0.00,0.00,0.00,0.00
352.044556,-13.915918,-66.597682,150.480637,-31.461262,-46.708459,123.915154,-13.500377,-85.380495,125.04715,0.00,0.00,0.00,0.00,0.00,0.00,0.00,0.00,0.00,0.00,0.00,0.00
352.169757,-24.503274,-70.626897,150.403412,-38.679464,-49.123141,121.987427,-32.308554,-91.211601,125.148705,0.00,0.00,0.00,0.00,0.00,0.00,0.00,0.00,0.00,0.00,0.00,0.00
352.295416,-35.748105,-74.590652,151.514648,-43.433142,-50.741964,118.214645,-56.347335,-91.779574,127.108376,0.00,0.00,0.00,0.00,0.00,0.00,0.00,0.00,0.00,0.00,0.00,0.00
352.42081,-46.720534,-76.068408,152.633286,-47.100728,-50.898611,115.541046,-80.992444,-87.424038,129.533142,0.00,0.00,0.00,0.00,0.00,0.00,0.00,0.00,0.00,0.00,0.00,0.00
352.546533,-56.820229,-75.471076,152.35434,-52.297449,-50.122599,113.597633,-101.619101,-83.152105,130.558434,0.00,0.00,0.00,0.00,0.00,0.00,0.00,0.00,0.00,0.00,0.00,0.00
352.671737,-67.304715,-73.40729,150.805481,-61.654066,-47.824,112.335838,-119.08001,-80.902763,131.319145,0.00,0.00,0.00,0.00,0.00,0.00,0.00,0.00,0.00,0.00,0.00,0.00
352.797734,-76.200419,-71.790517,150.050171,-66.950553,-46.580132,112.779694,-132.741365,-79.076509,131.782295,0.00,0.00,0.00,0.00,0.00,0.00,0.00,0.00,0.00,0.00,0.00,0.00
352.922109,-82.330311,-71.309435,148.698669,-68.867455,-45.703369,112.073235,-141.303754,-77.692431,130.907051,0.00,0.00,0.00,0.00,0.00,0.00,0.00,0.00,0.00,0.00,0.00,0.00
353.04742,-86.109376,-72.285393,147.840759,-70.963587,-45.746916,112.132683,-146.162177,-78.480429,129.262161,0.00,0.00,0.00,0.00,0.00,0.00,0.00,0.00,0.00,0.00,0.00,0.00
353.172805,-87.718171,-73.755933,148.950104,-75.985414,-46.388767,113.144676,-138.870165,-79.138473,128.834633,0.00,0.00,0.00,0.00,0.00,0.00,0.00,0.00,0.00,0.00,0.00,0.00
353.298899,-85.761839,-77.748974,151.974838,-82.872078,-49.752081,115.761581,-115.114681,-83.446712,126.439026,0.00,0.00,0.00,0.00,0.00,0.00,0.00,0.00,0.00,0.00,0.00,0.00
353.423936,-80.691235,-83.612045,154.108521,-89.359891,-57.088751,118.628914,-94.168101,-89.616834,125.109726,0.00,0.00,0.00,0.00,0.00,0.00,0.00,0.00,0.00,0.00,0.00,0.00
353.549754,-73.58783,-89.08877,155.18248,-91.664931,-70.274726,122.609795,-79.776684,-95.217022,125.895859,0.00,0.00,0.00,0.00,0.00,0.00,0.00,0.00,0.00,0.00,0.00,0.00
353.674758,-67.39655,-93.389648,155.88916,-88.429394,-83.539873,124.044685,-68.577361,-99.905495,126.537628,0.00,0.00,0.00,0.00,0.00,0.00,0.00,0.00,0.00,0.00,0.00,0.00
353.800074,-61.381474,-98.486197,155.229568,-81.354663,-95.815157,123.908524,-58.58859,-104.399002,126.018433,0.00,0.00,0.00,0.00,0.00,0.00,0.00,0.00,0.00,0.00,0.00,0.00
353.925281,-55.335885,-104.682063,153.007919,-74.00249,-105.283593,122.024742,-48.588005,-110.449885,125.025192,0.00,0.00,0.00,0.00,0.00,0.00,0.00,0.00,0.00,0.00,0.00,0.00
354.050408,-50.72509,-112.007041,151.68898,-68.731319,-112.972519,120.61879,-41.415521,-118.669734,124.216118,0.00,0.00,0.00,0.00,0.00,0.00,0.00,0.00,0.00,0.00,0.00,0.00
354.175913,-48.579325,-120.523466,151.720535,-67.545637,-119.863829,119.108131,-38.895681,-129.246176,123.499763,0.00,0.00,0.00,0.00,0.00,0.00,0.00,0.00,0.00,0.00,0.00,0.00
354.300942,-48.484502,-130.108987,151.317749,-68.977754,-128.902599,117.11866,-39.456451,-141.618758,123.118927,0.00,0.00,0.00,0.00,0.00,0.00,0.00,0.00,0.00,0.00,0.00,0.00
354.426305,-49.838674,-140.281492,151.319962,-71.096498,-140.699598,115.935303,-41.490534,-154.87021,123.844452,0.00,0.00,0.00,0.00,0.00,0.00,0.00,0.00,0.00,0.00,0.00,0.00
354.551491,-52.050102,-151.13839,152.972992,-73.353345,-155.055964,116.715294,-44.333294,-169.325012,125.313858,0.00,0.00,0.00,0.00,0.00,0.00,0.00,0.00,0.00,0.00,0.00,0.00
354.677151,-53.713468,-161.90655,154.567123,-73.462808,-167.311045,118.752922,-47.830471,-185.437542,126.798988,0.00,0.00,0.00,0.00,0.00,0.00,0.00,0.00,0.00,0.00,0.00,0.00
354.802418,-54.443913,-172.613887,154.576355,-73.340507,-179.111145,118.938316,-50.366979,-201.724297,126.967026,0.00,0.00,0.00,0.00,0.00,0.00,0.00,0.00,0.00,0.00,0.00,0.00
354.927919,-55.033461,-183.000597,153.070602,-73.158659,-189.470058,117.257095,-53.478289,-217.892913,127.251175,0.00,0.00,0.00,0.00,0.00,0.00,0.00,0.00,0.00,0.00,0.00,0.00
355.053063,-56.476663,-193.418611,153.628967,-73.581072,-198.715073,116.187042,-59.211374,-232.920468,128.269104,0.00,0.00,0.00,0.00,0.00,0.00,0.00,0.00,0.00,0.00,0.00,0.00
355.164532,-58.738559,-201.514597,154.976562,-75.912432,-206.476781,116.235199,-64.913897,-244.961836,130.024696,0.00,0.00,0.00,0.00,0.00,0.00,0.00,0.00,0.00,0.00,0.00,0.00
355.289819,-61.777569,-209.048414,154.974319,-79.205954,-214.639155,116.227997,-69.556463,-256.302948,130.994179,0.00,0.00,0.00,0.00,0.00,0.00,0.00,0.00,0.00,0.00,0.00,0.00
355.415009,-64.639083,-215.193799,155.113541,-81.863657,-221.756033,116.344017,-72.355999,-264.603564,131.862656,0.00,0.00,0.00,0.00,0.00,0.00,0.00,0.00,0.00,0.00,0.00,0.00
355.539762,-66.03492,-220.008721,155.572968,-82.927467,-226.690776,118.246765,-73.390505,-268.63197,132.433197,0.00,0.00,0.00,0.00,0.00,0.00,0.00,0.00,0.00,0.00,0.00,0.00
355.664827,-65.116177,-223.265274,155.048691,-82.382369,-232.064936,118.955673,-69.721477,-260.773617,132.817688,0.00,0.00,0.00,0.00,0.00,0.00,0.00,0.00,0.00,0.00,0.00,0.00
355.790886,-61.504198,-224.981834,152.603821,-79.040852,-237.593523,119.297379,-60.872784,-244.51439,129.04866,0.00,0.00,0.00,0.00,0.00,0.00,0.00,0.00,0.00,0.00,0.00,0.00
355.915995,-56.703906,-225.330024,150.042221,-71.939436,-242.307245,118.933289,-53.116661,-232.779173,124.542397,0.00,0.00,0.00,0.00,0.00,0.00,0.00,0.00,0.00,0.00,0.00,0.00
356.040851,-50.792907,-225.593541,148.699982,-61.852208,-245.596151,118.59919,-47.538344,-225.459412,122.367676,0.00,0.00,0.00,0.00,0.00,0.00,0.00,0.00,0.00,0.00,0.00,0.00
356.166342,-43.802115,-226.445502,148.1819,-49.572272,-247.479337,118.212715,-40.860251,-222.798017,121.432915,0.00,0.00,0.00,0.00,0.00,0.00,0.00,0.00,0.00,0.00,0.00,0.00
356.292082,-35.438827,-227.492158,147.930832,-36.867061,-248.568545,117.903343,-31.665702,-221.493821,121.242554,0.00,0.00,0.00,0.00,0.00,0.00,0.00,0.00,0.00,0.00,0.00,0.00
356.416953,-25.413661,-228.523673,148.422363,-24.307415,-250.297833,117.560867,-19.963946,-220.562645,121.813477,0.00,0.00,0.00,0.00,0.00,0.00,0.00,0.00,0.00,0.00,0.00,0.00
356.542606,-13.717707,-229.80508,150.693466,-12.050035,-252.079159,118.366379,-7.628411,-221.236157,124.197319,0.00,0.00,0.00,0.00,0.00,0.00,0.00,0.00,0.00,0.00,0.00,0.00
356.668028,-2.027549,-231.66875,151.765808,0.531473,-254.233689,118.082428,4.200473,-223.23011,125.77092,0.00,0.00,0.00,0.00,0.00,0.00,0.00,0.00,0.00,0.00,0.00,0.00
356.793299,10.255672,-234.008345,151.161316,14.528453,-257.619104,117.269897,17.222126,-225.584081,125.267441,0.00,0.00,0.00,0.00,0.00,0.00,0.00,0.00,0.00,0.00,0.00,0.00
356.918643,23.331481,-236.443039,150.941101,31.61688,-260.492755,118.089218,30.855039,-226.607532,124.889786,0.00,0.00,0.00,0.00,0.00,0.00,0.00,0.00,0.00,0.00,0.00,0.00
357.043924,36.992081,-237.331801,153.499863,49.31272,-259.532919,121.252388,43.718788,-225.832077,125.885727,0.00,0.00,0.00,0.00,0.00,0.00,0.00,0.00,0.00,0.00,0.00,0.00
357.169531,49.887526,-236.917858,154.257401,65.200395,-256.291291,122.979118,55.317966,-223.368347,125.251274,0.00,0.00,0.00,0.00,0.00,0.00,0.00,0.00,0.00,0.00,0.00,0.00
357.294374,61.660518,-235.437885,152.845703,78.964274,-253.115261,122.356216,68.173484,-219.583463,124.282913,0.00,0.00,0.00,0.00,0.00,0.00,0.00,0.00,0.00,0.00,0.00,0.00
357.419947,73.076283,-232.023862,153.266647,91.947753,-249.76714,121.790268,83.118454,-214.644075,125.457764,0.00,0.00,0.00,0.00,0.00,0.00,0.00,0.00,0.00,0.00,0.00,0.00
357.545129,84.275477,-228.198129,154.728088,105.062833,-245.521576,122.673393,98.558165,-209.111458,127.942329,0.00,0.00,0.00,0.00,0.00,0.00,0.00,0.00,0.00,0.00,0.00,0.00
357.67065,95.466517,-223.763736,154.217026,118.217392,-240.105244,122.763924,113.792576,-202.625242,128.857208,0.00,0.00,0.00,0.00,0.00,0.00,0.00,0.00,0.00,0.00,0.00,0.00
357.795395,106.502416,-218.655836,153.147705,131.007665,-232.654464,122.220047,127.829532,-194.67295,128.583412,0.00,0.00,0.00,0.00,0.00,0.00,0.00,0.00,0.00,0.00,0.00,0.00
357.920962,116.562029,-212.33627,154.294449,139.95749,-223.797589,123.351646,140.684093,-185.976824,128.604477,0.00,0.00,0.00,0.00,0.00,0.00,0.00,0.00,0.00,0.00,0.00,0.00
358.046314,125.043306,-204.940608,154.529739,146.959655,-215.38604,123.08326,151.593128,-177.102024,128.496124,0.00,0.00,0.00,0.00,0.00,0.00,0.00,0.00,0.00,0.00,0.00,0.00
358.171635,132.343521,-196.67026,153.090958,152.740051,-207.563653,121.049667,162.387116,-167.779366,128.230995,0.00,0.00,0.00,0.00,0.00,0.00,0.00,0.00,0.00,0.00,0.00,0.00
358.296949,139.073528,-188.00074,153.188309,156.942032,-200.899462,119.121147,173.323036,-159.674433,129.07312,0.00,0.00,0.00,0.00,0.00,0.00,0.00,0.00,0.00,0.00,0.00,0.00
358.422523,145.2252,-181.192924,155.01004,160.621512,-196.144829,119.53997,183.632382,-154.432786,130.896118,0.00,0.00,0.00,0.00,0.00,0.00,0.00,0.00,0.00,0.00,0.00,0.00
358.547458,149.843479,-177.028868,156.361588,162.92997,-194.4504,121.653549,193.05962,-151.09692,131.64772,0.00,0.00,0.00,0.00,0.00,0.00,0.00,0.00,0.00,0.00,0.00,0.00
358.672199,152.477492,-175.344255,156.291855,164.4636,-194.403456,121.995743,197.441524,-149.883928,131.043533,0.00,0.00,0.00,0.00,0.00,0.00,0.00,0.00,0.00,0.00,0.00,0.00
358.798343,153.8922,-175.841849,156.376846,164.62005,-195.867747,122.413803,193.612086,-152.417084,131.780937,0.00,0.00,0.00,0.00,0.00,0.00,0.00,0.00,0.00,0.00,0.00,0.00
358.924122,154.979742,-178.682475,155.955627,162.30113,-198.249499,122.92688,182.18349,-159.71449,132.683624,0.00,0.00,0.00,0.00,0.00,0.00,0.00,0.00,0.00,0.00,0.00,0.00
359.049291,155.381879,-182.87559,155.365067,157.859807,-199.960633,123.039383,173.470776,-168.531163,131.26313,0.00,0.00,0.00,0.00,0.00,0.00,0.00,0.00,0.00,0.00,0.00,0.00
359.175058,153.999539,-186.259992,154.465866,152.061869,-200.216179,122.360329,170.67295,-177.071652,129.686172,0.00,0.00,0.00,0.00,0.00,0.00,0.00,0.00,0.00,0.00,0.00,0.00
359.300583,150.211084,-188.365014,153.225067,145.518251,-197.969909,120.399887,168.505417,-185.198997,128.237419,0.00,0.00,0.00,0.00,0.00,0.00,0.00,0.00,0.00,0.00,0.00,0.00
359.425248,145.725956,-189.284254,152.183868,139.809172,-195.678056,118.301666,164.199327,-192.28388,127.570778,0.00,0.00,0.00,0.00,0.00,0.00,0.00,0.00,0.00,0.00,0.00,0.00
359.55052,141.027081,-191.150493,151.102417,135.236291,-195.399753,116.956345,157.73723,-198.776552,126.514793,0.00,0.00,0.00,0.00,0.00,0.00,0.00,0.00,0.00,0.00,0.00,0.00
359.675443,135.694711,-195.217435,149.902222,128.940169,-197.68998,115.706795,148.899655,-205.560546,125.389153,0.00,0.00,0.00,0.00,0.00,0.00,0.00,0.00,0.00,0.00,0.00,0.00
359.801066,128.763154,-201.396088,149.477585,119.987359,-202.111854,114.944962,138.240973,-213.671721,124.728889,0.00,0.00,0.00,0.00,0.00,0.00,0.00,0.00,0.00,0.00,0.00,0.00
359.926529,120.200673,-208.749808,150.933823,108.732142,-209.057162,115.716042,127.30729,-222.134726,125.61161,0.00,0.00,0.00,0.00,0.00,0.00,0.00,0.00,0.00,0.00,0.00,0.00
360.051658,111.953176,-215.304756,152.480408,98.986447,-214.326322,118.110565,116.974685,-229.526437,126.974792,0.00,0.00,0.00,0.00,0.00,0.00,0.00,0.00,0.00,0.00,0.00,0.00
360.176656,103.398196,-220.857086,153.565536,90.068044,-217.629547,119.257347,105.78374,-236.680621,127.713005,0.00,0.00,0.00,0.00,0.00,0.00,0.00,0.00,0.00,0.00,0.00,0.00
360.302326,94.27489,-226.000506,153.022675,80.518221,-219.868396,118.664436,91.70816,-243.864434,128.020683,0.00,0.00,0.00,0.00,0.00,0.00,0.00,0.00,0.00,0.00,0.00,0.00
360.427785,84.054063,-230.63485,153.156357,70.802849,-221.128616,117.747856,74.70352,-248.754692,128.773636,0.00,0.00,0.00,0.00,0.00,0.00,0.00,0.00,0.00,0.00,0.00,0.00
360.55321,72.725883,-234.118657,154.662064,62.314287,-220.472112,117.902542,57.135686,-251.243893,130.496246,0.00,0.00,0.00,0.00,0.00,0.00,0.00,0.00,0.00,0.00,0.00,0.00
360.677906,61.508835,-236.563358,154.779678,51.878668,-219.971522,117.501595,41.313758,-254.21713,131.011047,0.00,0.00,0.00,0.00,0.00,0.00,0.00,0.00,0.00,0.00,0.00,0.00
360.78944,52.460805,-238.165857,153.351715,40.184281,-220.972217,118.284225,29.888379,-257.142503,130.828674,0.00,0.00,0.00,0.00,0.00,0.00,0.00,0.00,0.00,0.00,0.00,0.00
360.914654,42.56884,-239.745156,154.296661,27.016043,-224.474082,120.692818,18.038571,-259.786307,131.272476,0.00,0.00,0.00,0.00,0.00,0.00,0.00,0.00,0.00,0.00,0.00,0.00
361.039806,33.917074,-241.128904,155.37561,16.096436,-229.097234,123.265816,6.982868,-264.5098,131.936157,0.00,0.00,0.00,0.00,0.00,0.00,0.00,0.00,0.00,0.00,0.00,0.00
361.165293,27.158093,-242.58715,154.399994,8.406356,-232.837499,124.4618,-0.329658,-270.145502,131.125359,0.00,0.00,0.00,0.00,0.00,0.00,0.00,0.00,0.00,0.00,0.00,0.00
361.290677,21.962477,-244.251397,154.823288,2.785601,-235.456355,124.366524,0.494437,-268.709278,131.291199,0.00,0.00,0.00,0.00,0.00,0.00,0.00,0.00,0.00,0.00,0.00,0.00
361.416266,18.456301,-245.597308,154.815933,-1.327702,-239.558786,124.234444,8.893447,-261.942438,132.016159,0.00,0.00,0.00,0.00,0.00,0.00,0.00,0.00,0.00,0.00,0.00,0.00
361.541299,18.105161,-246.274728,153.365555,-2.538347,-245.938849,123.675041,17.468124,-257.841261,130.034859,0.00,0.00,0.00,0.00,0.00,0.00,0.00,0.00,0.00,0.00,0.00,0.00
361.666896,20.082737,-245.725467,152.172668,0.196205,-252.111746,123.862434,23.179951,-253.422001,126.929192,0.00,0.00,0.00,0.00,0.00,0.00,0.00,0.00,0.00,0.00,0.00,0.00
361.792241,22.391541,-243.768352,150.808807,5.426354,-256.465112,121.569756,27.432495,-248.327736,124.039436,0.00,0.00,0.00,0.00,0.00,0.00,0.00,0.00,0.00,0.00,0.00,0.00
361.917669,26.935309,-241.296319,149.931244,13.79034,-258.474433,120.722511,32.242455,-242.368575,121.527916,0.00,0.00,0.00,0.00,0.00,0.00,0.00,0.00,0.00,0.00,0.00,0.00
362.042802,32.400801,-238.435069,149.064362,24.738386,-258.323892,119.931114,38.058304,-236.235121,119.732971,0.00,0.00,0.00,0.00,0.00,0.00,0.00,0.00,0.00,0.00,0.00,0.00
362.168009,39.09027,-235.433589,147.979996,36.563687,-256.857191,119.433228,44.419572,-231.389842,118.818214,0.00,0.00,0.00,0.00,0.00,0.00,0.00,0.00,0.00,0.00,0.00,0.00
362.293069,46.31096,-232.856531,147.990128,48.660851,-254.886384,119.167007,51.491885,-228.85889,119.207497,0.00,0.00,0.00,0.00,0.00,0.00,0.00,0.00,0.00,0.00,0.00,0.00
362.418106,54.460743,-231.789536,148.392151,60.62923,-253.83722,118.933014,59.573877,-226.616772,119.741898,0.00,0.00,0.00,0.00,0.00,0.00,0.00,0.00,0.00,0.00,0.00,0.00
362.543626,63.369625,-231.828012,148.271088,73.657109,-253.56069,118.920547,67.252135,-224.290693,120.031395,0.00,0.00,0.00,0.00,0.00,0.00,0.00,0.00,0.00,0.00,0.00,0.00
362.668541,71.93851,-231.921203,147.343018,87.613997,-251.234227,119.376572,73.607878,-222.288814,119.946053,0.00,0.00,0.00,0.00,0.00,0.00,0.00,0.00,0.00,0.00,0.00,0.00
362.793943,81.236561,-230.025098,149.047974,100.81959,-244.419778,119.246712,78.69324,-219.418256,121.005562,0.00,0.00,0.00,0.00,0.00,0.00,0.00,0.00,0.00,0.00,0.00,0.00
362.919301,89.4558,-225.487317,150.343857,109.865217,-233.43354,118.891502,81.287154,-214.284406,121.273674,0.00,0.00,0.00,0.00,0.00,0.00,0.00,0.00,0.00,0.00,0.00,0.00
363.044832,95.914555,-218.900633,150.005264,116.012409,-221.836542,117.837013,82.906748,-207.195276,119.748962,0.00,0.00,0.00,0.00,0.00,0.00,0.00,0.00,0.00,0.00,0.00,0.00
363.170138,100.848074,-210.018975,150.225113,121.514346,-211.191544,117.851295,85.378779,-197.523992,118.866684,0.00,0.00,0.00,0.00,0.00,0.00,0.00,0.00,0.00,0.00,0.00,0.00
363.295255,105.461282,-199.330396,151.467697,127.381158,-199.811394,118.158424,89.440312,-187.158231,119.472672,0.00,0.00,0.00,0.00,0.00,0.00,0.00,0.00,0.00,0.00,0.00,0.00
363.420669,109.949056,-187.280927,150.910004,133.91384,-186.537133,117.633919,93.745422,-174.895043,119.221275,0.00,0.00,0.00,0.00,0.00,0.00,0.00,0.00,0.00,0.00,0.00,0.00
363.545738,114.291199,-174.097425,150.766541,139.044857,-170.531101,116.851082,97.753996,-161.490211,119.670158,0.00,0.00,0.00,0.00,0.00,0.00,0.00,0.00,0.00,0.00,0.00,0.00
363.671299,117.885887,-159.885385,153.005005,140.424444,-152.648372,118.636124,99.858392,-148.322549,121.130348,0.00,0.00,0.00,0.00,0.00,0.00,0.00,0.00,0.00,0.00,0.00,0.00
363.796665,119.598834,-145.476703,153.621155,139.141517,-135.952568,120.458038,100.824281,-133.899481,120.435135,0.00,0.00,0.00,0.00,0.00,0.00,0.00,0.00,0.00,0.00,0.00,0.00
363.922109,120.306289,-131.043317,151.95694,138.569872,-121.324103,120.546082,102.401573,-116.486562,118.629921,0.00,0.00,0.00,0.00,0.00,0.00,0.00,0.00,0.00,0.00,0.00,0.00
364.047292,120.719418,-116.406058,151.985596,140.69572,-108.901905,119.937546,107.45853,-95.903725,120.106796,0.00,0.00,0.00,0.00,0.00,0.00,0.00,0.00,0.00,0.00,0.00,0.00
364.172415,122.199529,-102.357365,154.254959,143.645812,-98.03335,120.535904,118.276485,-76.041063,124.129799,0.00,0.00,0.00,0.00,0.00,0.00,0.00,0.00,0.00,0.00,0.00,0.00
364.297531,124.36885,-89.257846,153.812454,147.631221,-89.79597,119.673935,131.840495,-58.380318,126.855736,0.00,0.00,0.00,0.00,0.00,0.00,0.00,0.00,0.00,0.00,0.00,0.00
364.422753,127.556401,-76.609709,152.34848,151.176893,-81.283279,117.477173,144.176812,-44.069475,127.969505,0.00,0.00,0.00,0.00,0.00,0.00,0.00,0.00,0.00,0.00,0.00,0.00
364.54822,131.35802,-64.574805,153.104813,153.011879,-71.904582,117.634636,156.194807,-31.422484,127.581123,0.00,0.00,0.00,0.00,0.00,0.00,0.00,0.00,0.00,0.00,0.00,0.00
364.673752,134.641057,-53.538378,154.549194,151.845435,-65.60932,119.33699,167.118172,-21.613709,127.216522,0.00,0.00,0.00,0.00,0.00,0.00,0.00,0.00,0.00,0.00,0.00,0.00
364.799374,137.400895,-43.811319,154.166748,148.935433,-60.911048,118.682388,177.822126,-14.094156,126.882553,0.00,0.00,0.00,0.00,0.00,0.00,0.00,0.00,0.00,0.00,0.00,0.00
364.924913,140.912836,-34.674487,154.06723,144.349623,-55.377654,116.496307,187.819934,-8.412977,127.010887,0.00,0.00,0.00,0.00,0.00,0.00,0.00,0.00,0.00,0.00,0.00,0.00
365.050322,144.557502,-27.55721,154.076202,140.882914,-50.598682,115.939499,196.143392,-5.173404,127.161903,0.00,0.00,0.00,0.00,0.00,0.00,0.00,0.00,0.00,0.00,0.00,0.00
365.175657,146.248966,-23.882697,153.807587,138.693864,-48.123275,117.317024,198.380581,-4.539062,127.363617,0.00,0.00,0.00,0.00,0.00,0.00,0.00,0.00,0.00,0.00,0.00,0.00
365.301045,144.541633,-25.886082,153.984558,136.022447,-47.630314,118.270531,191.622613,-7.96809,129.092506,0.00,0.00,0.00,0.00,0.00,0.00,0.00,0.00,0.00,0.00,0.00,0.00
365.426417,138.816695,-32.112791,153.905762,130.484416,-47.79783,119.094849,174.554846,-16.651928,129.980988,0.00,0.00,0.00,0.00,0.00,0.00,0.00,0.00,0.00,0.00,0.00,0.00
365.551969,130.076304,-36.124152,152.178146,124.380917,-46.679992,118.670982,158.855973,-27.271429,126.900604,0.00,0.00,0.00,0.00,0.00,0.00,0.00,0.00,0.00,0.00,0.00,0.00
365.676384,122.378539,-36.229413,151.436523,119.603781,-43.947568,117.647522,148.048727,-36.786506,124.741249,0.00,0.00,0.00,0.00,0.00,0.00,0.00,0.00,0.00,0.00,0.00,0.00
365.801579,117.555711,-34.013751,150.594788,115.897613,-40.053624,116.267479,139.165403,-41.607658,123.915558,0.00,0.00,0.00,0.00,0.00,0.00,0.00,0.00,0.00,0.00,0.00,0.00
365.926997,113.617877,-32.831988,149.879593,110.775564,-36.143788,114.752632,131.113083,-45.147419,122.726662,0.00,0.00,0.00,0.00,0.00,0.00,0.00,0.00,0.00,0.00,0.00,0.00
366.052253,108.54644,-32.888653,149.449387,102.341726,-32.87929,114.247398,121.727155,-46.582661,122.545151,0.00,0.00,0.00,0.00,0.00,0.00,0.00,0.00,0.00,0.00,0.00,0.00
366.177518,101.028768,-33.103535,149.347198,91.488881,-28.978367,113.96859,109.741888,-47.604545,121.818916,0.00,0.00,0.00,0.00,0.00,0.00,0.00,0.00,0.00,0.00,0.00,0.00
366.302747,90.899862,-33.469346,149.806213,79.241413,-23.712105,114.306381,95.253713,-48.578296,121.392899,0.00,0.00,0.00,0.00,0.00,0.00,0.00,0.00,0.00,0.00,0.00,0.00
366.414601,80.641505,-33.869839,149.934937,67.132536,-20.048508,115.169968,81.305223,-49.948039,121.939651,0.00,0.00,0.00,0.00,0.00,0.00,0.00,0.00,0.00,0.00,0.00,0.00
366.539839,68.325819,-35.64453,150.753036,52.502932,-19.735105,117.116386,67.577406,-51.647533,123.159294,0.00,0.00,0.00,0.00,0.00,0.00,0.00,0.00,0.00,0.00,0.00,0.00
366.665332,56.43043,-38.483017,151.097275,39.206511,-22.219237,120.129196,56.670129,-54.0394,123.725075,0.00,0.00,0.00,0.00,0.00,0.00,0.00,0.00,0.00,0.00,0.00,0.00
366.789625,44.909695,-42.010858,150.340714,26.154795,-25.490259,120.761574,45.611396,-58.432064,123.364883,0.00,0.00,0.00,0.00,0.00,0.00,0.00,0.00,0.00,0.00,0.00,0.00
366.914861,33.757808,-46.223826,150.141647,14.821315,-27.82706,120.827454,32.980159,-63.298291,124.047417,0.00,0.00,0.00,0.00,0.00,0.00,0.00,0.00,0.00,0.00,0.00,0.00
367.040037,22.346919,-50.127388,151.233032,4.032519,-30.264547,120.196915,20.997038,-67.085602,126.508026,0.00,0.00,0.00,0.00,0.00,0.00,0.00,0.00,0.00,0.00,0.00,0.00
367.165505,10.876033,-53.886608,150.707779,-6.8146,-32.382196,120.118881,9.224196,-71.349048,127.405647,0.00,0.00,0.00,0.00,0.00,0.00,0.00,0.00,0.00,0.00,0.00,0.00
367.290468,-0.940647,-57.487663,149.106171,-18.568469,-34.49335,119.219734,-3.13266,-75.481087,126.768089,0.00,0.00,0.00,0.00,0.00,0.00,0.00,0.00,0.00,0.00,0.00,0.00
367.415977,-13.148456,-61.03039,150.132111,-30.321252,-38.351432,119.794991,-16.425502,-79.544637,126.771179,0.00,0.00,0.00,0.00,0.00,0.00,0.00,0.00,0.00,0.00,0.00,0.00
367.541577,-23.887826,-65.032341,151.694153,-38.928588,-42.475727,121.24099,-30.634256,-84.256014,127.062622,0.00,0.00,0.00,0.00,0.00,0.00,0.00,0.00,0.00,0.00,0.00,0.00
367.666942,-33.839809,-68.955662,152.249481,-44.077959,-44.906002,120.902481,-46.486793,-88.836563,127.350334,0.00,0.00,0.00,0.00,0.00,0.00,0.00,0.00,0.00,0.00,0.00,0.00
367.792447,-42.985107,-73.153563,151.921402,-45.956356,-47.56955,119.014359,-64.444576,-90.1716,128.326157,0.00,0.00,0.00,0.00,0.00,0.00,0.00,0.00,0.00,0.00,0.00,0.00
367.918015,-52.21599,-76.024636,153.241287,-49.302435,-49.908629,117.127533,-82.805764,-87.574526,129.391449,0.00,0.00,0.00,0.00,0.00,0.00,0.00,0.00,0.00,0.00,0.00,0.00
368.04312,-60.150621,-77.192316,154.140381,-53.255944,-51.563817,117.314697,-98.917693,-84.57358,129.677422,0.00,0.00,0.00,0.00,0.00,0.00,0.00,0.00,0.00,0.00,0.00,0.00
368.168776,-67.064248,-77.028098,154.327744,-59.333619,-51.884788,116.82412,-112.28037,-82.687789,129.439026,0.00,0.00,0.00,0.00,0.00,0.00,0.00,0.00,0.00,0.00,0.00,0.00
368.294203,-73.953544,-77.138739,154.304459,-64.946552,-52.989582,117.332382,-123.850305,-81.637636,129.810669,0.00,0.00,0.00,0.00,0.00,0.00,0.00,0.00,0.00,0.00,0.00,0.00
368.419693,-79.70567,-77.050339,153.999405,-68.268546,-54.777324,116.990021,-132.800949,-80.71687,129.920273,0.00,0.00,0.00,0.00,0.00,0.00,0.00,0.00,0.00,0.00,0.00,0.00
368.544733,-84.664177,-77.405247,153.836304,-70.185123,-56.899359,116.313843,-139.955768,-79.482628,130.419876,0.00,0.00,0.00,0.00,0.00,0.00,0.00,0.00,0.00,0.00,0.00,0.00
368.670551,-88.350747,-78.113781,153.241501,-72.572959,-58.087834,115.549141,-144.174018,-79.278695,131.11129,0.00,0.00,0.00,0.00,0.00,0.00,0.00,0.00,0.00,0.00,0.00,0.00
368.795529,-89.982148,-78.693715,152.920197,-73.4187,-58.502197,115.511612,-145.309064,-79.0639,131.506424,0.00,0.00,0.00,0.00,0.00,0.00,0.00,0.00,0.00,0.00,0.00,0.00
368.920714,-88.850909,-79.072554,153.949127,-72.121597,-59.215814,116.035728,-139.551493,-78.813809,133.486221,0.00,0.00,0.00,0.00,0.00,0.00,0.00,0.00,0.00,0.00,0.00,0.00
369.046163,-85.325416,-78.934701,155.518753,-73.871533,-58.341609,118.996048,-120.899709,-82.665423,134.931351,0.00,0.00,0.00,0.00,0.00,0.00,0.00,0.00,0.00,0.00,0.00,0.00
369.171722,-81.00204,-79.799655,156.133041,-75.339637,-58.553071,120.568481,-101.054163,-87.800055,133.371567,0.00,0.00,0.00,0.00,0.00,0.00,0.00,0.00,0.00,0.00,0.00,0.00
369.296754,-77.203447,-83.539029,156.103287,-78.724461,-60.755213,121.34288,-87.428474,-90.896654,131.310226,0.00,0.00,0.00,0.00,0.00,0.00,0.00,0.00,0.00,0.00,0.00,0.00
369.421952,-72.356882,-88.118544,155.709412,-81.822959,-63.620575,120.860153,-79.668108,-91.336092,129.260605,0.00,0.00,0.00,0.00,0.00,0.00,0.00,0.00,0.00,0.00,0.00,0.00
369.547677,-68.178302,-90.593665,155.73822,-84.215595,-66.676505,120.624107,-75.853932,-91.139543,128.115967,0.00,0.00,0.00,0.00,0.00,0.00,0.00,0.00,0.00,0.00,0.00,0.00
369.673028,-66.421549,-91.400698,155.839706,-86.18796,-69.38356,120.400108,-74.558603,-91.870153,127.900581,0.00,0.00,0.00,0.00,0.00,0.00,0.00,0.00,0.00,0.00,0.00,0.00
369.79796,-66.714544,-91.725262,156.029114,-85.943127,-70.091652,121.194534,-75.310369,-91.951066,128.244942,0.00,0.00,0.00,0.00,0.00,0.00,0.00,0.00,0.00,0.00,0.00,0.00
369.923439,-68.970784,-91.2361,156.353409,-84.036175,-67.761343,120.812424,-76.996728,-90.301717,128.392296,0.00,0.00,0.00,0.00,0.00,0.00,0.00,0.00,0.00,0.00,0.00,0.00
370.049227,-74.1045,-86.501622,156.481567,-77.943266,-64.175588,121.377022,-78.567966,-87.264553,127.909088,0.00,0.00,0.00,0.00,0.00,0.00,0.00,0.00,0.00,0.00,0.00,0.00
370.174208,-74.303104,-79.43726,154.564453,-68.218919,-62.772151,122.195915,-79.696072,-83.736408,127.096657,0.00,0.00,0.00,0.00,0.00,0.00,0.00,0.00,0.00,0.00,0.00,0.00
370.29918,-69.380768,-75.484694,152.193604,-55.786261,-65.10625,122.881393,-80.252067,-78.918598,126.545395,0.00,0.00,0.00,0.00,0.00,0.00,0.00,0.00,0.00,0.00,0.00,0.00
370.423365,-62.414826,-74.344644,150.38295,-43.554447,-71.064626,123.161201,-77.415202,-73.79272,127.32325,0.00,0.00,0.00,0.00,0.00,0.00,0.00,0.00,0.00,0.00,0.00,0.00
370.548488,-54.709032,-74.812934,148.944168,-33.961707,-78.87473,124.148399,-70.879434,-69.451883,126.943794,0.00,0.00,0.00,0.00,0.00,0.00,0.00,0.00,0.00,0.00,0.00,0.00
370.673648,-47.137057,-75.026938,147.635742,-26.815914,-85.344291,123.402245,-62.417358,-65.81593,126.463669,0.00,0.00,0.00,0.00,0.00,0.00,0.00,0.00,0.00,0.00,0.00,0.00
370.799067,-38.804389,-74.016575,146.497986,-19.638057,-88.450256,122.783531,-52.80142,-62.385133,125.932426,0.00,0.00,0.00,0.00,0.00,0.00,0.00,0.00,0.00,0.00,0.00,0.00
370.92434,-29.856765,-71.742049,145.616989,-10.232391,-87.3503,122.454659,-43.175757,-59.007841,125.347717,0.00,0.00,0.00,0.00,0.00,0.00,0.00,0.00,0.00,0.00,0.00,0.00
371.049697,-21.213999,-67.823281,146.375076,-1.673624,-82.678696,123.344521,-35.100502,-54.760253,125.330811,0.00,0.00,0.00,0.00,0.00,0.00,0.00,0.00,0.00,0.00,0.00,0.00
371.175035,-13.254037,-62.516516,146.808685,5.759403,-75.598309,122.441536,-28.39099,-49.742446,125.591034,0.00,0.00,0.00,0.00,0.00,0.00,0.00,0.00,0.00,0.00,0.00,0.00
371.300655,-5.32096,-55.962545,146.889847,12.973547,-66.95232,121.851021,-21.549039,-42.822035,125.185921,0.00,0.00,0.00,0.00,0.00,0.00,0.00,0.00,0.00,0.00,0.00,0.00
371.42602,1.479932,-47.891989,147.036469,20.696688,-58.862736,123.054916,-15.42635,-34.111579,125.743607,0.00,0.00,0.00,0.00,0.00,0.00,0.00,0.00,0.00,0.00,0.00,0.00
371.551752,8.467482,-38.164801,148.025131,29.291484,-50.493956,123.919762,-7.147752,-23.047061,126.035942,0.00,0.00,0.00,0.00,0.00,0.00,0.00,0.00,0.00,0.00,0.00,0.00
371.677184,16.96089,-28.314576,148.915649,37.599811,-41.240456,123.401375,4.647631,-13.148555,127.501244,0.00,0.00,0.00,0.00,0.00,0.00,0.00,0.00,0.00,0.00,0.00,0.00
371.802366,26.90479,-18.731688,149.468445,47.52563,-32.444676,122.936874,16.327281,-3.436884,128.370888,0.00,0.00,0.00,0.00,0.00,0.00,0.00,0.00,0.00,0.00,0.00,0.00
371.927508,36.771705,-9.607493,148.298737,58.929387,-21.16349,121.515648,24.757018,5.564412,127.478699,0.00,0.00,0.00,0.00,0.00,0.00,0.00,0.00,0.00,0.00,0.00,0.00
372.05266,47.224296,0.306963,149.40062,69.982655,-7.284713,123.258026,33.815101,14.34018,127.165932,0.00,0.00,0.00,0.00,0.00,0.00,0.00,0.00,0.00,0.00,0.00,0.00
372.177386,56.278516,10.100232,151.020432,77.580245,4.894022,126.502769,41.843534,23.126193,128.222183,0.00,0.00,0.00,0.00,0.00,0.00,0.00,0.00,0.00,0.00,0.00,0.00
372.302443,64.088722,19.481543,149.743423,84.864305,14.624285,126.402359,50.588332,33.109667,126.741577,0.00,0.00,0.00,0.00,0.00,0.00,0.00,0.00,0.00,0.00,0.00,0.00
372.427636,71.48995,28.622777,148.613068,91.19952,20.804377,124.677689,59.913837,43.756107,126.643753,0.00,0.00,0.00,0.00,0.00,0.00,0.00,0.00,0.00,0.00,0.00,0.00
372.552954,79.4255,37.353939,148.637436,97.070366,25.371412,122.734612,70.895565,53.298187,127.473907,0.00,0.00,0.00,0.00,0.00,0.00,0.00,0.00,0.00,0.00,0.00,0.00
1,320.801126,2,324.755572,3,327.95761,4,332.553034,5,336.47908,1,339.207475,2,342.786065,3,345.125253,4,349.386416,5,352.866406,1,355.387004,2,358.506174,3,361.053778,4,364.938889,5,368.503206,stop
