311.388178,63.308113,51.230951,152.889954,44.845852,48.053227,111.841835,78.433146,37.703947,116.616432,0.00,0.00,0.00,0.00,0.00,0.00,0.00,0.00,0.00,0.00,0.00,0.00
311.513768,58.904561,40.691139,152.026398,41.382082,37.459315,110.57476,74.073505,26.577235,115.430809,0.00,0.00,0.00,0.00,0.00,0.00,0.00,0.00,0.00,0.00,0.00,0.00
311.63919,54.81252,29.38415,150.738434,37.142406,26.800495,108.931747,68.221553,13.309458,114.123085,0.00,0.00,0.00,0.00,0.00,0.00,0.00,0.00,0.00,0.00,0.00,0.00
311.764329,50.1695,17.353947,152.071533,32.245291,16.693576,109.421532,60.925931,0.078752,115.935059,0.00,0.00,0.00,0.00,0.00,0.00,0.00,0.00,0.00,0.00,0.00,0.00
311.889616,44.337177,5.91497,152.74913,26.624485,8.134003,110.402954,52.687215,-11.385931,117.603821,0.00,0.00,0.00,0.00,0.00,0.00,0.00,0.00,0.00,0.00,0.00,0.00
312.015058,37.119127,-5.263666,151.600937,18.19599,-0.914061,108.442505,43.898183,-22.553779,116.799248,0.00,0.00,0.00,0.00,0.00,0.00,0.00,0.00,0.00,0.00,0.00,0.00
312.140541,28.529315,-16.691977,149.809723,7.702571,-12.148782,106.231094,34.478422,-33.814126,115.387718,0.00,0.00,0.00,0.00,0.00,0.00,0.00,0.00,0.00,0.00,0.00,0.00
312.265518,18.997494,-28.340044,151.358536,-3.240236,-25.738916,108.348625,24.939859,-45.666485,115.536049,0.00,0.00,0.00,0.00,0.00,0.00,0.00,0.00,0.00,0.00,0.00,0.00
312.391063,10.378057,-40.681267,154.25647,-12.325267,-40.11941,111.236923,18.498323,-55.85607,116.597481,0.00,0.00,0.00,0.00,0.00,0.00,0.00,0.00,0.00,0.00,0.00,0.00
312.5167,3.065252,-52.845902,154.834869,-19.448037,-55.12892,111.644081,13.504276,-66.990348,116.166039,0.00,0.00,0.00,0.00,0.00,0.00,0.00,0.00,0.00,0.00,0.00,0.00
312.641992,-3.613598,-65.114257,152.951599,-26.130075,-70.583421,110.190956,7.291303,-79.833239,114.52816,0.00,0.00,0.00,0.00,0.00,0.00,0.00,0.00,0.00,0.00,0.00,0.00
312.767321,-9.218612,-78.642588,153.46907,-31.692289,-85.507199,110.478477,0.757807,-94.188448,114.927498,0.00,0.00,0.00,0.00,0.00,0.00,0.00,0.00,0.00,0.00,0.00,0.00
312.892745,-14.698152,-92.598163,155.545578,-36.413472,-99.131585,112.108688,-5.641983,-108.484167,117.610367,0.00,0.00,0.00,0.00,0.00,0.00,0.00,0.00,0.00,0.00,0.00,0.00
313.017949,-20.761928,-106.138792,156.467392,-42.297945,-112.020016,112.258209,-11.768258,-122.062107,119.894768,0.00,0.00,0.00,0.00,0.00,0.00,0.00,0.00,0.00,0.00,0.00,0.00
313.1437,-26.623672,-119.710191,154.834488,-48.541289,-126.151893,110.082581,-17.426145,-136.184147,118.944397,0.00,0.00,0.00,0.00,0.00,0.00,0.00,0.00,0.00,0.00,0.00,0.00
313.269058,-32.563411,-133.293287,154.321793,-54.628487,-143.3548,109.084312,-22.378349,-150.315024,117.478958,0.00,0.00,0.00,0.00,0.00,0.00,0.00,0.00,0.00,0.00,0.00,0.00
313.394392,-37.652949,-147.064085,156.517822,-58.385492,-162.809649,113.522285,-25.601805,-161.953896,119.06115,0.00,0.00,0.00,0.00,0.00,0.00,0.00,0.00,0.00,0.00,0.00,0.00
313.519429,-41.398364,-159.833446,157.293137,-60.717946,-183.510677,119.321815,-26.743823,-173.051951,119.452507,0.00,0.00,0.00,0.00,0.00,0.00,0.00,0.00,0.00,0.00,0.00,0.00
313.644587,-44.331482,-171.749836,155.259613,-62.68182,-204.290217,123.718002,-27.677949,-184.431734,116.886253,0.00,0.00,0.00,0.00,0.00,0.00,0.00,0.00,0.00,0.00,0.00,0.00
313.769796,-46.774763,-183.614688,153.908112,-64.7551,-222.153255,126.753159,-28.609816,-196.964276,115.235878,0.00,0.00,0.00,0.00,0.00,0.00,0.00,0.00,0.00,0.00,0.00,0.00
313.894859,-49.156292,-194.665058,154.795959,-67.451662,-237.562191,129.507607,-30.066816,-207.410765,117.785194,0.00,0.00,0.00,0.00,0.00,0.00,0.00,0.00,0.00,0.00,0.00,0.00
314.020007,-51.721634,-204.319345,156.334167,-70.928553,-250.496539,132.035812,-31.749346,-214.784936,120.07692,0.00,0.00,0.00,0.00,0.00,0.00,0.00,0.00,0.00,0.00,0.00,0.00
314.144934,-54.214873,-212.654192,155.872879,-73.344171,-260.831854,133.049149,-33.176375,-220.141384,119.489937,0.00,0.00,0.00,0.00,0.00,0.00,0.00,0.00,0.00,0.00,0.00,0.00
314.270195,-56.483302,-219.749558,155.811676,-74.85918,-266.575489,132.65361,-35.494276,-224.793746,118.463341,0.00,0.00,0.00,0.00,0.00,0.00,0.00,0.00,0.00,0.00,0.00,0.00
314.395649,-57.355558,-225.619657,155.864166,-74.924536,-267.37102,132.095108,-37.707904,-228.838889,118.296638,0.00,0.00,0.00,0.00,0.00,0.00,0.00,0.00,0.00,0.00,0.00,0.00
314.521208,-53.958443,-230.182726,154.985962,-69.37016,-261.274197,129.40873,-37.630863,-230.662651,118.307693,0.00,0.00,0.00,0.00,0.00,0.00,0.00,0.00,0.00,0.00,0.00,0.00
314.64644,-47.633796,-232.862523,153.08168,-60.29672,-255.565965,122.626823,-34.790328,-231.174236,117.581993,0.00,0.00,0.00,0.00,0.00,0.00,0.00,0.00,0.00,0.00,0.00,0.00
314.771493,-40.062617,-234.400969,150.898239,-48.759078,-252.495448,115.165382,-29.735513,-230.942238,115.784172,0.00,0.00,0.00,0.00,0.00,0.00,0.00,0.00,0.00,0.00,0.00,0.00
314.896607,-30.81839,-235.387011,148.644257,-36.037002,-251.174764,110.223656,-22.233993,-230.072802,113.199188,0.00,0.00,0.00,0.00,0.00,0.00,0.00,0.00,0.00,0.00,0.00,0.00
315.022232,-19.017109,-235.730249,147.637344,-21.469876,-251.822569,107.705025,-11.416391,-229.543979,111.100227,0.00,0.00,0.00,0.00,0.00,0.00,0.00,0.00,0.00,0.00,0.00,0.00
315.147744,-5.623098,-235.741351,149.201828,-5.190521,-253.383247,107.718544,1.669139,-229.483359,112.498787,0.00,0.00,0.00,0.00,0.00,0.00,0.00,0.00,0.00,0.00,0.00,0.00
315.273238,6.62232,-236.126286,150.549377,9.881409,-253.80833,109.257545,13.994127,-229.38528,114.207367,0.00,0.00,0.00,0.00,0.00,0.00,0.00,0.00,0.00,0.00,0.00,0.00
315.398171,18.997931,-236.748922,151.013229,24.37515,-254.118881,109.150917,25.947659,-228.842349,114.683395,0.00,0.00,0.00,0.00,0.00,0.00,0.00,0.00,0.00,0.00,0.00,0.00
315.523834,32.239707,-237.320302,149.983337,40.238202,-254.156163,106.73999,39.423484,-228.157654,113.326889,0.00,0.00,0.00,0.00,0.00,0.00,0.00,0.00,0.00,0.00,0.00,0.00
315.64924,46.228083,-237.217803,150.220703,57.591214,-252.370768,107.217781,52.698903,-225.660397,112.526901,0.00,0.00,0.00,0.00,0.00,0.00,0.00,0.00,0.00,0.00,0.00,0.00
315.774407,60.06018,-234.96405,152.681885,73.498576,-247.822223,110.184944,63.530237,-222.419364,114.708275,0.00,0.00,0.00,0.00,0.00,0.00,0.00,0.00,0.00,0.00,0.00,0.00
315.899619,72.647054,-231.088636,153.079102,87.625195,-241.100181,111.05925,74.186251,-217.034363,114.699097,0.00,0.00,0.00,0.00,0.00,0.00,0.00,0.00,0.00,0.00,0.00,0.00
316.011166,82.924369,-226.529877,151.346191,98.720901,-234.67978,109.243362,85.254549,-210.17711,113.010887,0.00,0.00,0.00,0.00,0.00,0.00,0.00,0.00,0.00,0.00,0.00,0.00
316.136367,94.280922,-219.998777,151.956177,110.342413,-227.809971,109.070114,101.510547,-200.691669,114.353973,0.00,0.00,0.00,0.00,0.00,0.00,0.00,0.00,0.00,0.00,0.00,0.00
316.261823,104.980907,-213.424115,153.586624,120.51366,-221.163774,110.944778,119.34255,-191.681244,117.764893,0.00,0.00,0.00,0.00,0.00,0.00,0.00,0.00,0.00,0.00,0.00,0.00
316.386725,115.16571,-207.255944,154.220154,130.191159,-215.192115,111.517601,137.498919,-182.843829,121.160561,0.00,0.00,0.00,0.00,0.00,0.00,0.00,0.00,0.00,0.00,0.00,0.00
316.511881,124.610751,-201.385294,153.145859,140.097967,-208.66778,109.715393,154.392094,-174.507346,123.68924,0.00,0.00,0.00,0.00,0.00,0.00,0.00,0.00,0.00,0.00,0.00,0.00
316.637544,133.945366,-195.395246,154.210831,148.448411,-202.713326,110.701111,170.732173,-166.161217,126.141243,0.00,0.00,0.00,0.00,0.00,0.00,0.00,0.00,0.00,0.00,0.00,0.00
316.762058,141.548623,-189.053772,155.822693,152.870163,-198.705131,111.606522,183.842515,-159.099579,128.566887,0.00,0.00,0.00,0.00,0.00,0.00,0.00,0.00,0.00,0.00,0.00,0.00
316.888298,147.199729,-182.973491,156.079636,154.587602,-195.687769,111.136749,193.086086,-153.831576,129.734711,0.00,0.00,0.00,0.00,0.00,0.00,0.00,0.00,0.00,0.00,0.00,0.00
317.013201,151.29984,-177.958353,155.648895,154.101461,-192.038871,109.87075,196.269622,-151.946738,129.638069,0.00,0.00,0.00,0.00,0.00,0.00,0.00,0.00,0.00,0.00,0.00,0.00
317.138483,154.375617,-176.471127,156.610748,151.634633,-188.792285,110.664383,191.647126,-155.588242,127.052177,0.00,0.00,0.00,0.00,0.00,0.00,0.00,0.00,0.00,0.00,0.00,0.00
317.264129,153.752918,-178.804468,155.573959,149.753754,-187.557062,111.098351,183.775457,-165.308269,121.806244,0.00,0.00,0.00,0.00,0.00,0.00,0.00,0.00,0.00,0.00,0.00,0.00
317.390093,148.979005,-181.435253,153.995865,145.376738,-187.506793,111.23085,174.216037,-176.232534,115.844925,0.00,0.00,0.00,0.00,0.00,0.00,0.00,0.00,0.00,0.00,0.00,0.00
317.515228,143.014338,-183.597809,152.396942,139.764276,-188.847686,110.928864,163.804678,-184.991558,112.610466,0.00,0.00,0.00,0.00,0.00,0.00,0.00,0.00,0.00,0.00,0.00,0.00
317.640426,136.333575,-186.639522,151.110504,133.56396,-191.825239,110.311653,153.769469,-192.890599,111.998528,0.00,0.00,0.00,0.00,0.00,0.00,0.00,0.00,0.00,0.00,0.00,0.00
317.766053,129.36061,-191.45398,150.065445,126.088304,-196.642168,108.521873,143.382438,-201.414496,112.185425,0.00,0.00,0.00,0.00,0.00,0.00,0.00,0.00,0.00,0.00,0.00,0.00
317.891498,122.082597,-197.504793,149.806671,116.552619,-203.567101,107.93866,132.878866,-209.903705,112.140266,0.00,0.00,0.00,0.00,0.00,0.00,0.00,0.00,0.00,0.00,0.00,0.00
318.016581,115.054294,-204.351065,151.554047,105.555847,-210.799869,109.266228,123.124484,-218.500732,112.748497,0.00,0.00,0.00,0.00,0.00,0.00,0.00,0.00,0.00,0.00,0.00,0.00
318.141735,108.006894,-211.816309,153.199905,95.46777,-217.712889,110.735168,115.178039,-226.721653,113.746361,0.00,0.00,0.00,0.00,0.00,0.00,0.00,0.00,0.00,0.00,0.00,0.00
318.267035,100.843216,-219.243401,153.51796,81.643035,-226.84162,112.567284,107.275704,-235.307845,112.783676,0.00,0.00,0.00,0.00,0.00,0.00,0.00,0.00,0.00,0.00,0.00,0.00
318.392001,94.103806,-225.96454,152.09465,65.618935,-236.158565,116.173584,99.339537,-243.833925,112.133247,0.00,0.00,0.00,0.00,0.00,0.00,0.00,0.00,0.00,0.00,0.00,0.00
318.516751,87.299873,-232.393231,152.809845,50.618772,-244.511037,120.844749,90.822057,-251.714948,113.13311,0.00,0.00,0.00,0.00,0.00,0.00,0.00,0.00,0.00,0.00,0.00,0.00
318.642135,79.874622,-237.712447,154.550629,36.45544,-252.249069,126.021843,84.038502,-256.119154,115.684212,0.00,0.00,0.00,0.00,0.00,0.00,0.00,0.00,0.00,0.00,0.00,0.00
318.767367,71.83164,-241.649162,155.010956,23.3535,-260.006451,130.16111,78.064568,-258.17006,116.32209,0.00,0.00,0.00,0.00,0.00,0.00,0.00,0.00,0.00,0.00,0.00,0.00
318.892787,63.290221,-244.245045,154.786926,12.169832,-267.427754,132.806656,72.092939,-258.641709,115.364349,0.00,0.00,0.00,0.00,0.00,0.00,0.00,0.00,0.00,0.00,0.00,0.00
319.017922,54.656819,-245.940231,155.632263,4.809925,-272.260693,134.32486,64.664094,-258.471519,115.320534,0.00,0.00,0.00,0.00,0.00,0.00,0.00,0.00,0.00,0.00,0.00,0.00
319.14315,48.338282,-247.236848,156.220032,4.916614,-271.807022,134.063339,58.659611,-258.50879,116.552032,0.00,0.00,0.00,0.00,0.00,0.00,0.00,0.00,0.00,0.00,0.00,0.00
319.268729,45.443757,-249.139622,156.147873,14.993589,-267.301555,130.398514,56.412835,-258.31479,117.080452,0.00,0.00,0.00,0.00,0.00,0.00,0.00,0.00,0.00,0.00,0.00,0.00
319.394579,46.640782,-251.171193,155.512665,28.426795,-264.497698,123.887138,57.322748,-256.817051,116.910187,0.00,0.00,0.00,0.00,0.00,0.00,0.00,0.00,0.00,0.00,0.00,0.00
319.520332,53.210356,-251.550054,154.010925,41.940729,-262.58643,117.51004,61.612269,-253.314429,115.971642,0.00,0.00,0.00,0.00,0.00,0.00,0.00,0.00,0.00,0.00,0.00,0.00
319.646061,62.185606,-247.651592,151.951035,53.911831,-259.039683,113.520401,67.877362,-247.712585,114.894485,0.00,0.00,0.00,0.00,0.00,0.00,0.00,0.00,0.00,0.00,0.00,0.00
319.771114,70.799758,-241.357464,150.150131,65.334457,-256.569701,110.955948,75.396056,-241.224422,113.155151,0.00,0.00,0.00,0.00,0.00,0.00,0.00,0.00,0.00,0.00,0.00,0.00
319.896262,78.885386,-234.107429,148.475555,78.790079,-250.612479,108.966286,83.6924,-233.790103,111.571999,0.00,0.00,0.00,0.00,0.00,0.00,0.00,0.00,0.00,0.00,0.00,0.00
320.02147,85.714201,-226.060748,148.022278,91.324063,-242.647274,109.425354,90.940918,-226.400656,111.45208,0.00,0.00,0.00,0.00,0.00,0.00,0.00,0.00,0.00,0.00,0.00,0.00
320.145986,91.572154,-219.091224,148.224197,100.54817,-235.30508,110.035019,95.88922,-219.955271,111.742134,0.00,0.00,0.00,0.00,0.00,0.00,0.00,0.00,0.00,0.00,0.00,0.00
320.270943,96.518334,-212.820554,148.079849,109.217927,-228.006025,109.445816,99.533349,-213.372248,111.359459,0.00,0.00,0.00,0.00,0.00,0.00,0.00,0.00,0.00,0.00,0.00,0.00
320.395889,101.975228,-206.832987,147.306976,117.405441,-218.306047,108.198547,103.304938,-205.627258,110.067368,0.00,0.00,0.00,0.00,0.00,0.00,0.00,0.00,0.00,0.00,0.00,0.00
320.520959,107.222601,-199.520787,147.344604,122.377897,-206.556021,107.489983,106.182003,-197.660278,109.717148,0.00,0.00,0.00,0.00,0.00,0.00,0.00,0.00,0.00,0.00,0.00,0.00
320.6466,111.629188,-189.380942,147.71254,124.636476,-192.830326,107.339409,106.519941,-188.795004,109.710052,0.00,0.00,0.00,0.00,0.00,0.00,0.00,0.00,0.00,0.00,0.00,0.00
320.772113,114.539433,-177.383646,146.64209,125.038216,-177.703443,106.180565,106.19518,-177.237099,108.009338,0.00,0.00,0.00,0.00,0.00,0.00,0.00,0.00,0.00,0.00,0.00,0.00
320.897144,116.214062,-164.524753,146.895752,125.12961,-162.700618,106.776047,106.487157,-162.731336,108.20414,0.00,0.00,0.00,0.00,0.00,0.00,0.00,0.00,0.00,0.00,0.00,0.00
321.022651,117.94744,-151.223948,149.233292,126.056801,-148.403185,108.53801,108.272948,-147.555601,111.370819,0.00,0.00,0.00,0.00,0.00,0.00,0.00,0.00,0.00,0.00,0.00,0.00
321.147889,119.950033,-138.608856,150.935593,129.930863,-136.151928,110.481873,111.273561,-132.677369,114.4002,0.00,0.00,0.00,0.00,0.00,0.00,0.00,0.00,0.00,0.00,0.00,0.00
321.27316,122.423424,-125.726248,150.318268,136.008423,-121.839953,108.668358,113.764464,-117.719829,114.375008,0.00,0.00,0.00,0.00,0.00,0.00,0.00,0.00,0.00,0.00,0.00,0.00
321.398658,125.226947,-112.815052,150.340225,142.512233,-104.760164,109.211639,115.658956,-103.085116,113.178757,0.00,0.00,0.00,0.00,0.00,0.00,0.00,0.00,0.00,0.00,0.00,0.00
321.523643,128.014854,-100.350577,152.425751,149.614603,-85.35972,112.973351,117.58946,-90.619446,114.586121,0.00,0.00,0.00,0.00,0.00,0.00,0.00,0.00,0.00,0.00,0.00,0.00
321.649041,130.710103,-88.61736,153.557068,158.032291,-65.4299,117.898209,118.499696,-78.698832,114.782829,0.00,0.00,0.00,0.00,0.00,0.00,0.00,0.00,0.00,0.00,0.00,0.00
321.774082,133.710335,-77.732204,152.315964,167.077528,-46.954721,122.24086,119.238708,-66.66223,113.178993,0.00,0.00,0.00,0.00,0.00,0.00,0.00,0.00,0.00,0.00,0.00,0.00
321.899463,137.291052,-67.294704,152.729446,175.41747,-32.543531,126.076752,121.281229,-54.656281,113.379089,0.00,0.00,0.00,0.00,0.00,0.00,0.00,0.00,0.00,0.00,0.00,0.00
322.011077,140.843351,-59.103834,154.709015,181.290318,-22.973886,127.993752,123.890613,-47.11848,116.133408,0.00,0.00,0.00,0.00,0.00,0.00,0.00,0.00,0.00,0.00,0.00,0.00
322.148465,145.442508,-50.646039,155.62149,188.894206,-14.222698,129.341606,126.966892,-41.309101,116.961731,0.00,0.00,0.00,0.00,0.00,0.00,0.00,0.00,0.00,0.00,0.00,0.00
322.273744,149.363627,-44.863226,155.751358,193.813143,-9.292212,129.205849,129.952046,-38.527158,116.207756,0.00,0.00,0.00,0.00,0.00,0.00,0.00,0.00,0.00,0.00,0.00,0.00
322.398946,152.574775,-40.774134,155.783035,194.805435,-8.046518,128.52047,134.029417,-36.588814,115.89035,0.00,0.00,0.00,0.00,0.00,0.00,0.00,0.00,0.00,0.00,0.00,0.00
322.524321,152.170569,-37.403492,155.500946,186.805971,-11.974672,126.484085,136.87114,-35.180056,115.874077,0.00,0.00,0.00,0.00,0.00,0.00,0.00,0.00,0.00,0.00,0.00,0.00
322.649353,146.969056,-35.54417,154.17775,172.81341,-16.412663,120.30925,136.692769,-35.853767,116.317192,0.00,0.00,0.00,0.00,0.00,0.00,0.00,0.00,0.00,0.00,0.00,0.00
322.761001,140.710351,-37.255221,152.321289,158.512218,-19.722223,116.203323,134.530181,-37.432084,116.006058,0.00,0.00,0.00,0.00,0.00,0.00,0.00,0.00,0.00,0.00,0.00,0.00
322.886672,134.212922,-40.51751,150.787674,144.677747,-24.338244,114.458923,130.213999,-40.041153,115.2118,0.00,0.00,0.00,0.00,0.00,0.00,0.00,0.00,0.00,0.00,0.00,0.00
323.012708,127.192976,-43.204385,149.872131,133.836425,-28.361461,113.074821,123.84588,-43.328781,113.796021,0.00,0.00,0.00,0.00,0.00,0.00,0.00,0.00,0.00,0.00,0.00,0.00
323.138416,118.222207,-45.632295,149.077164,122.105271,-30.657313,110.793228,114.496162,-47.355668,112.104721,0.00,0.00,0.00,0.00,0.00,0.00,0.00,0.00,0.00,0.00,0.00,0.00
323.264395,106.939665,-48.064082,149.707794,107.905007,-34.027708,109.65332,102.169746,-52.07088,111.716896,0.00,0.00,0.00,0.00,0.00,0.00,0.00,0.00,0.00,0.00,0.00,0.00
323.389607,94.899126,-50.318827,151.582916,92.798,-37.441429,109.107864,89.353379,-56.878895,113.561119,0.00,0.00,0.00,0.00,0.00,0.00,0.00,0.00,0.00,0.00,0.00,0.00
323.514996,83.134764,-52.055914,152.158234,80.40203,-38.319812,110.836189,78.297742,-59.833323,114.334923,0.00,0.00,0.00,0.00,0.00,0.00,0.00,0.00,0.00,0.00,0.00,0.00
323.640359,70.912141,-53.378361,150.85965,66.748312,-38.034243,110.074059,67.632782,-62.096453,113.62925,0.00,0.00,0.00,0.00,0.00,0.00,0.00,0.00,0.00,0.00,0.00,0.00
323.765701,57.47708,-53.450593,148.678574,50.06005,-39.178291,107.455818,54.938259,-63.877384,111.708443,0.00,0.00,0.00,0.00,0.00,0.00,0.00,0.00,0.00,0.00,0.00,0.00
323.891389,43.119282,-52.746721,148.412369,32.664134,-40.192757,109.14798,39.283946,-64.315761,111.285164,0.00,0.00,0.00,0.00,0.00,0.00,0.00,0.00,0.00,0.00,0.00,0.00
324.016182,29.253038,-53.39525,149.995239,18.022383,-42.011002,111.494774,26.33591,-65.87223,114.408447,0.00,0.00,0.00,0.00,0.00,0.00,0.00,0.00,0.00,0.00,0.00,0.00
324.141534,16.247624,-55.164104,151.150116,4.742495,-45.30279,112.671806,15.52256,-69.35024,114.87236,0.00,0.00,0.00,0.00,0.00,0.00,0.00,0.00,0.00,0.00,0.00,0.00
324.266545,3.444644,-57.711807,150.136398,-7.537436,-49.07559,110.879929,2.075458,-73.881897,111.264091,0.00,0.00,0.00,0.00,0.00,0.00,0.00,0.00,0.00,0.00,0.00,0.00
324.3928,-9.286902,-61.254899,149.892578,-19.499298,-52.269159,108.7724,-15.385915,-79.018527,111.054352,0.00,0.00,0.00,0.00,0.00,0.00,0.00,0.00,0.00,0.00,0.00,0.00
324.517803,-21.188226,-65.418587,151.769135,-31.093683,-55.058106,108.223465,-34.815064,-82.400143,114.846642,0.00,0.00,0.00,0.00,0.00,0.00,0.00,0.00,0.00,0.00,0.00,0.00
324.642969,-32.088897,-68.094476,154.052094,-39.649006,-56.783063,109.495178,-55.736316,-82.189566,120.264343,0.00,0.00,0.00,0.00,0.00,0.00,0.00,0.00,0.00,0.00,0.00,0.00
324.768117,-42.653623,-69.350083,154.748199,-47.974855,-56.732944,108.734299,-77.389909,-80.565343,125.104263,0.00,0.00,0.00,0.00,0.00,0.00,0.00,0.00,0.00,0.00,0.00,0.00
324.893521,-53.553693,-69.597513,154.309891,-57.022506,-56.877916,107.398827,-97.636172,-78.881412,128.641403,0.00,0.00,0.00,0.00,0.00,0.00,0.00,0.00,0.00,0.00,0.00,0.00
325.018762,-66.254113,-68.731923,154.247055,-66.444668,-56.755772,106.241707,-117.340118,-76.883918,131.601578,0.00,0.00,0.00,0.00,0.00,0.00,0.00,0.00,0.00,0.00,0.00,0.00
325.14371,-78.810682,-67.604333,153.071762,-72.315896,-55.370714,105.107422,-133.691765,-75.120819,131.317978,0.00,0.00,0.00,0.00,0.00,0.00,0.00,0.00,0.00,0.00,0.00,0.00
325.268819,-87.578161,-66.883304,150.812744,-75.831836,-54.049519,103.675751,-142.892764,-75.138473,130.200699,0.00,0.00,0.00,0.00,0.00,0.00,0.00,0.00,0.00,0.00,0.00,0.00
325.394229,-91.896561,-67.007123,150.252411,-79.877101,-53.872506,104.280258,-144.844519,-76.309676,130.374481,0.00,0.00,0.00,0.00,0.00,0.00,0.00,0.00,0.00,0.00,0.00,0.00
325.519276,-91.764712,-69.528461,151.98381,-84.521938,-55.772082,106.543663,-133.449911,-77.824237,128.206924,0.00,0.00,0.00,0.00,0.00,0.00,0.00,0.00,0.00,0.00,0.00,0.00
325.64482,-87.802897,-75.733794,153.559616,-89.196006,-61.193654,109.215958,-113.852063,-82.508098,121.873764,0.00,0.00,0.00,0.00,0.00,0.00,0.00,0.00,0.00,0.00,0.00,0.00
325.770742,-81.541211,-82.674858,154.105423,-90.877624,-70.061886,110.87339,-96.153899,-88.22063,116.199677,0.00,0.00,0.00,0.00,0.00,0.00,0.00,0.00,0.00,0.00,0.00,0.00
325.896532,-75.727289,-89.551513,153.699539,-88.930254,-80.753937,111.302536,-82.702394,-95.122833,113.843079,0.00,0.00,0.00,0.00,0.00,0.00,0.00,0.00,0.00,0.00,0.00,0.00
326.021406,-69.97489,-97.495455,153.047043,-84.011672,-92.478042,110.851959,-72.016934,-102.789389,113.007072,0.00,0.00,0.00,0.00,0.00,0.00,0.00,0.00,0.00,0.00,0.00,0.00
326.146552,-64.044056,-107.120416,152.502823,-76.305357,-105.609954,109.826012,-63.384314,-112.303607,112.629395,0.00,0.00,0.00,0.00,0.00,0.00,0.00,0.00,0.00,0.00,0.00,0.00
326.272044,-58.259334,-117.419166,152.636078,-68.216615,-119.79552,108.953194,-54.856587,-124.2167,112.686508,0.00,0.00,0.00,0.00,0.00,0.00,0.00,0.00,0.00,0.00,0.00,0.00
326.397385,-53.360972,-127.129571,154.421188,-63.643254,-133.538393,111.034302,-48.069401,-134.983337,115.26268,0.00,0.00,0.00,0.00,0.00,0.00,0.00,0.00,0.00,0.00,0.00,0.00
326.52258,-50.529931,-136.413112,155.429153,-62.728893,-148.284388,113.363434,-43.418298,-144.603407,116.264267,0.00,0.00,0.00,0.00,0.00,0.00,0.00,0.00,0.00,0.00,0.00,0.00
326.648173,-50.002772,-146.296614,154.647217,-63.658088,-166.486449,116.437592,-39.964298,-153.977656,116.093948,0.00,0.00,0.00,0.00,0.00,0.00,0.00,0.00,0.00,0.00,0.00,0.00
326.773131,-51.195822,-157.348706,151.799988,-65.935467,-187.181737,119.784882,-37.904815,-165.21177,113.196381,0.00,0.00,0.00,0.00,0.00,0.00,0.00,0.00,0.00,0.00,0.00,0.00
326.898144,-53.21093,-171.321231,150.6306,-68.447079,-211.08343,121.713753,-40.239907,-181.274511,110.730759,0.00,0.00,0.00,0.00,0.00,0.00,0.00,0.00,0.00,0.00,0.00,0.00
327.02393,-55.416551,-186.381317,152.952621,-71.04369,-234.709031,124.80336,-42.405892,-195.904576,112.162926,0.00,0.00,0.00,0.00,0.00,0.00,0.00,0.00,0.00,0.00,0.00,0.00
327.148968,-56.897311,-199.301666,156.09491,-72.644804,-253.616463,129.995193,-41.709209,-204.396504,114.524162,0.00,0.00,0.00,0.00,0.00,0.00,0.00,0.00,0.00,0.00,0.00,0.00
327.274306,-57.057121,-208.742398,157.305389,-73.060114,-264.542921,132.772141,-40.142195,-210.598739,115.708855,0.00,0.00,0.00,0.00,0.00,0.00,0.00,0.00,0.00,0.00,0.00,0.00
327.398973,-55.314242,-215.13379,157.348892,-71.720554,-267.987051,132.949219,-38.442606,-215.786458,116.60437,0.00,0.00,0.00,0.00,0.00,0.00,0.00,0.00,0.00,0.00,0.00,0.00
327.524224,-50.039548,-219.978701,156.470215,-64.926584,-263.973472,131.266502,-34.859366,-220.106842,116.352478,0.00,0.00,0.00,0.00,0.00,0.00,0.00,0.00,0.00,0.00,0.00,0.00
327.635862,-42.922879,-223.247843,154.709183,-53.50702,-256.631983,127.07856,-30.104352,-223.56928,115.98127,0.00,0.00,0.00,0.00,0.00,0.00,0.00,0.00,0.00,0.00,0.00,0.00
327.761429,-33.581801,-225.666806,153.132172,-36.530038,-249.529104,118.443779,-22.535418,-227.341143,115.453186,0.00,0.00,0.00,0.00,0.00,0.00,0.00,0.00,0.00,0.00,0.00,0.00
327.88721,-23.578195,-227.888381,153.475052,-22.459242,-245.341382,111.535568,-13.415288,-230.381595,116.292847,0.00,0.00,0.00,0.00,0.00,0.00,0.00,0.00,0.00,0.00,0.00,0.00
328.01271,-13.897289,-230.958672,153.836685,-12.020167,-247.608255,110.616425,-4.358781,-232.775698,115.870888,0.00,0.00,0.00,0.00,0.00,0.00,0.00,0.00,0.00,0.00,0.00,0.00
328.138018,-4.404754,-234.754032,153.353882,-0.891721,-251.607102,110.533577,4.258815,-234.424846,115.34008,0.00,0.00,0.00,0.00,0.00,0.00,0.00,0.00,0.00,0.00,0.00,0.00
328.263238,5.563627,-238.592168,151.916565,12.005006,-254.708531,109.028679,14.092327,-236.24966,113.809341,0.00,0.00,0.00,0.00,0.00,0.00,0.00,0.00,0.00,0.00,0.00,0.00
328.388127,16.525296,-240.987613,151.412354,25.306224,-255.641752,109.687286,23.755933,-237.488084,113.502937,0.00,0.00,0.00,0.00,0.00,0.00,0.00,0.00,0.00,0.00,0.00,0.00
328.513629,28.498786,-241.041612,152.015472,38.449835,-254.845809,111.12265,33.277893,-236.230762,113.251472,0.00,0.00,0.00,0.00,0.00,0.00,0.00,0.00,0.00,0.00,0.00,0.00
328.638656,40.980115,-239.577578,150.50827,52.289181,-252.436548,109.535042,44.203361,-233.07782,111.021423,0.00,0.00,0.00,0.00,0.00,0.00,0.00,0.00,0.00,0.00,0.00,0.00
328.764194,53.913266,-236.509468,149.617844,66.429213,-248.127194,109.723068,57.32301,-227.764316,109.966248,0.00,0.00,0.00,0.00,0.00,0.00,0.00,0.00,0.00,0.00,0.00,0.00
328.889646,66.630808,-232.054057,151.524826,80.561672,-243.023892,111.479645,72.410607,-220.647144,112.379814,0.00,0.00,0.00,0.00,0.00,0.00,0.00,0.00,0.00,0.00,0.00,0.00
329.014847,79.309766,-228.154036,153.545502,92.791969,-239.354243,112.584198,87.896679,-213.467349,115.512459,0.00,0.00,0.00,0.00,0.00,0.00,0.00,0.00,0.00,0.00,0.00,0.00
329.139705,91.686473,-224.254587,153.296524,104.242408,-236.069453,110.728912,104.521793,-205.982574,116.868797,0.00,0.00,0.00,0.00,0.00,0.00,0.00,0.00,0.00,0.00,0.00,0.00
329.265155,103.371513,-219.891153,152.059006,118.100275,-231.671035,109.701889,122.104974,-197.818498,118.600502,0.00,0.00,0.00,0.00,0.00,0.00,0.00,0.00,0.00,0.00,0.00,0.00
329.390157,115.231807,-214.630677,152.9505,131.805019,-225.355423,110.570351,136.586025,-189.478951,120.021988,0.00,0.00,0.00,0.00,0.00,0.00,0.00,0.00,0.00,0.00,0.00,0.00
329.515532,125.637601,-208.469643,154.089737,139.899914,-220.039347,113.071014,150.229103,-180.711929,122.394531,0.00,0.00,0.00,0.00,0.00,0.00,0.00,0.00,0.00,0.00,0.00,0.00
329.64085,134.745801,-201.642434,153.507492,145.384936,-216.020736,112.18808,164.439375,-171.239935,125.069908,0.00,0.00,0.00,0.00,0.00,0.00,0.00,0.00,0.00,0.00,0.00,0.00
329.766316,143.08964,-194.257928,152.164948,148.966264,-210.765657,110.060326,180.952769,-161.979112,128.982895,0.00,0.00,0.00,0.00,0.00,0.00,0.00,0.00,0.00,0.00,0.00,0.00
329.891504,150.296811,-187.467538,154.206726,152.023499,-204.368792,110.848671,193.243994,-155.250997,132.141144,0.00,0.00,0.00,0.00,0.00,0.00,0.00,0.00,0.00,0.00,0.00,0.00
330.016542,154.755688,-183.168499,155.186218,153.071193,-200.667825,113.048058,197.955721,-153.400789,132.507782,0.00,0.00,0.00,0.00,0.00,0.00,0.00,0.00,0.00,0.00,0.00,0.00
330.141674,156.989106,-182.622072,155.09613,152.563188,-198.253234,113.132004,193.589539,-158.947737,130.237038,0.00,0.00,0.00,0.00,0.00,0.00,0.00,0.00,0.00,0.00,0.00,0.00
330.267289,156.219368,-187.425461,153.878784,149.930911,-198.115182,112.703575,185.818513,-171.999093,124.433517,0.00,0.00,0.00,0.00,0.00,0.00,0.00,0.00,0.00,0.00,0.00,0.00
330.393823,151.148698,-192.629046,151.80925,145.478104,-198.69331,111.168159,177.793933,-185.863709,117.635361,0.00,0.00,0.00,0.00,0.00,0.00,0.00,0.00,0.00,0.00,0.00,0.00
330.519004,144.227133,-196.58666,149.741058,140.238488,-200.016089,109.340935,166.609985,-196.385132,113.818115,0.00,0.00,0.00,0.00,0.00,0.00,0.00,0.00,0.00,0.00,0.00,0.00
330.644158,136.962507,-200.452353,148.50705,134.350435,-202.847555,107.721451,155.624402,-204.054015,112.041725,0.00,0.00,0.00,0.00,0.00,0.00,0.00,0.00,0.00,0.00,0.00,0.00
330.771546,128.886917,-205.509392,147.983566,125.363319,-208.089828,105.923981,144.9348,-212.231273,111.797279,0.00,0.00,0.00,0.00,0.00,0.00,0.00,0.00,0.00,0.00,0.00,0.00
330.89493,120.682537,-210.814131,149.430511,113.577588,-214.529805,107.035881,134.467317,-220.69872,112.365585,0.00,0.00,0.00,0.00,0.00,0.00,0.00,0.00,0.00,0.00,0.00,0.00
331.020121,113.333671,-215.985697,150.871445,100.789696,-221.411791,108.765152,125.641169,-227.920578,111.863655,0.00,0.00,0.00,0.00,0.00,0.00,0.00,0.00,0.00,0.00,0.00,0.00
331.144964,106.604984,-221.274366,151.837341,86.746408,-228.165881,111.887566,117.521721,-234.569756,111.303223,0.00,0.00,0.00,0.00,0.00,0.00,0.00,0.00,0.00,0.00,0.00,0.00
331.269872,99.843188,-227.062743,151.867508,71.246212,-234.772698,115.700844,109.044164,-241.762667,110.572601,0.00,0.00,0.00,0.00,0.00,0.00,0.00,0.00,0.00,0.00,0.00,0.00
331.395104,92.819109,-232.180948,151.833679,55.205986,-241.329592,119.90313,100.128672,-249.181402,111.12709,0.00,0.00,0.00,0.00,0.00,0.00,0.00,0.00,0.00,0.00,0.00,0.00
331.52011,84.516561,-236.677651,153.46553,40.685043,-248.457101,123.658974,91.643736,-254.32903,113.849884,0.00,0.00,0.00,0.00,0.00,0.00,0.00,0.00,0.00,0.00,0.00,0.00
331.645386,75.324399,-239.645062,153.52507,27.214758,-255.669452,127.099304,84.019501,-256.812835,114.877274,0.00,0.00,0.00,0.00,0.00,0.00,0.00,0.00,0.00,0.00,0.00,0.00
331.770651,65.366497,-241.629849,152.564697,14.538515,-262.894827,130.25351,76.83603,-257.039479,113.688202,0.00,0.00,0.00,0.00,0.00,0.00,0.00,0.00,0.00,0.00,0.00,0.00
331.896259,55.012561,-243.093649,153.046799,5.708537,-269.543703,132.142303,68.401363,-255.694049,112.96447,0.00,0.00,0.00,0.00,0.00,0.00,0.00,0.00,0.00,0.00,0.00,0.00
332.021522,46.564782,-244.009218,154.205643,2.370014,-273.635441,132.470154,60.883712,-254.494545,114.359344,0.00,0.00,0.00,0.00,0.00,0.00,0.00,0.00,0.00,0.00,0.00,0.00
332.146993,41.440935,-244.574233,154.732498,4.85242,-271.108061,131.87471,56.283059,-253.201246,115.368752,0.00,0.00,0.00,0.00,0.00,0.00,0.00,0.00,0.00,0.00,0.00,0.00
332.272243,39.839622,-245.680584,154.570755,14.199369,-265.825205,129.283241,54.708617,-252.074383,115.379066,0.00,0.00,0.00,0.00,0.00,0.00,0.00,0.00,0.00,0.00,0.00,0.00
332.397728,43.139394,-247.222594,154.283478,28.102973,-262.914352,125.429504,56.331578,-250.300038,115.460899,0.00,0.00,0.00,0.00,0.00,0.00,0.00,0.00,0.00,0.00,0.00,0.00
332.52366,51.418256,-246.27758,152.782684,42.970477,-260.308466,120.036133,60.509943,-246.505283,115.15062,0.00,0.00,0.00,0.00,0.00,0.00,0.00,0.00,0.00,0.00,0.00,0.00
332.649176,60.599476,-241.011514,151.074036,55.591239,-256.32625,115.047707,67.264603,-241.692831,113.627083,0.00,0.00,0.00,0.00,0.00,0.00,0.00,0.00,0.00,0.00,0.00,0.00
332.774524,69.02744,-234.888948,148.93721,68.528721,-252.287041,111.850136,75.446341,-236.151943,111.778702,0.00,0.00,0.00,0.00,0.00,0.00,0.00,0.00,0.00,0.00,0.00,0.00
332.885741,76.150183,-229.000737,148.48735,81.396841,-248.931121,110.387413,82.467487,-230.746347,111.30574,0.00,0.00,0.00,0.00,0.00,0.00,0.00,0.00,0.00,0.00,0.00,0.00
333.01079,83.001747,-223.012436,148.637299,93.677036,-243.239459,110.835007,88.327866,-224.030373,111.404152,0.00,0.00,0.00,0.00,0.00,0.00,0.00,0.00,0.00,0.00,0.00,0.00
333.149407,89.758863,-216.669701,149.781326,104.201267,-235.545198,110.568695,92.761491,-217.020911,111.454575,0.00,0.00,0.00,0.00,0.00,0.00,0.00,0.00,0.00,0.00,0.00,0.00
333.274566,96.046113,-211.338938,149.505981,113.317351,-227.664825,108.077888,96.793784,-209.686997,111.123268,0.00,0.00,0.00,0.00,0.00,0.00,0.00,0.00,0.00,0.00,0.00,0.00
333.399451,102.859362,-206.012004,148.735687,122.537769,-216.883028,105.320221,101.448494,-201.860489,109.988983,0.00,0.00,0.00,0.00,0.00,0.00,0.00,0.00,0.00,0.00,0.00,0.00
333.524687,109.771475,-197.801353,149.802307,129.210405,-203.146175,104.892082,104.375646,-193.889417,110.325615,0.00,0.00,0.00,0.00,0.00,0.00,0.00,0.00,0.00,0.00,0.00,0.00
333.636012,114.23941,-188.748193,150.550995,131.315334,-189.886712,105.860847,104.739961,-185.905393,110.69236,0.00,0.00,0.00,0.00,0.00,0.00,0.00,0.00,0.00,0.00,0.00,0.00
333.761507,117.57672,-176.992642,148.983124,131.454999,-173.834811,105.361168,104.705966,-174.877548,107.47998,0.00,0.00,0.00,0.00,0.00,0.00,0.00,0.00,0.00,0.00,0.00,0.00
333.886691,119.239254,-163.621287,148.29982,131.16362,-157.460188,105.559052,104.656188,-160.319845,106.46241,0.00,0.00,0.00,0.00,0.00,0.00,0.00,0.00,0.00,0.00,0.00,0.00
334.011961,120.346886,-149.52871,150.511307,132.6703,-142.804967,106.500427,106.534011,-142.318838,108.741478,0.00,0.00,0.00,0.00,0.00,0.00,0.00,0.00,0.00,0.00,0.00,0.00
334.137726,122.3708,-136.77104,152.988998,135.520051,-132.136578,109.392479,112.123742,-124.469566,112.573341,0.00,0.00,0.00,0.00,0.00,0.00,0.00,0.00,0.00,0.00,0.00,0.00
334.262964,125.267107,-124.553572,152.759201,140.534037,-121.370297,107.640625,119.958515,-106.552905,115.423538,0.00,0.00,0.00,0.00,0.00,0.00,0.00,0.00,0.00,0.00,0.00,0.00
334.387867,128.994064,-112.739884,151.413193,145.52529,-109.154768,105.53363,128.455465,-90.220807,118.234612,0.00,0.00,0.00,0.00,0.00,0.00,0.00,0.00,0.00,0.00,0.00,0.00
334.513039,133.539177,-100.725145,152.196457,149.465105,-98.212987,106.003143,138.718028,-74.550028,121.125771,0.00,0.00,0.00,0.00,0.00,0.00,0.00,0.00,0.00,0.00,0.00,0.00
334.638297,137.245076,-89.461729,154.14325,151.595607,-92.909123,108.733597,150.412134,-59.884663,125.082863,0.00,0.00,0.00,0.00,0.00,0.00,0.00,0.00,0.00,0.00,0.00,0.00
334.763849,140.56993,-78.81363,154.673538,152.858596,-90.08888,109.46154,162.732021,-45.297852,128.089027,0.00,0.00,0.00,0.00,0.00,0.00,0.00,0.00,0.00,0.00,0.00,0.00
334.889181,144.908071,-68.243425,153.766632,151.873203,-86.609313,108.371155,175.48833,-30.910546,130.611504,0.00,0.00,0.00,0.00,0.00,0.00,0.00,0.00,0.00,0.00,0.00,0.00
335.014769,150.316008,-58.553696,154.224396,150.380921,-80.360693,108.037567,187.172266,-19.421636,131.411011,0.00,0.00,0.00,0.00,0.00,0.00,0.00,0.00,0.00,0.00,0.00,0.00
335.139955,154.532489,-50.888779,155.870377,151.087483,-73.602374,110.616234,195.708671,-13.46215,131.020027,0.00,0.00,0.00,0.00,0.00,0.00,0.00,0.00,0.00,0.00,0.00,0.00
335.265439,156.488111,-45.811682,156.163666,151.423524,-69.304826,112.472649,198.485327,-11.611231,130.266075,0.00,0.00,0.00,0.00,0.00,0.00,0.00,0.00,0.00,0.00,0.00,0.00
335.391047,156.706215,-44.920145,156.507278,150.767252,-67.027867,113.013077,193.49841,-15.54355,129.860786,0.00,0.00,0.00,0.00,0.00,0.00,0.00,0.00,0.00,0.00,0.00,0.00
335.516282,156.177465,-49.151536,156.428024,149.023337,-65.9102,113.283516,185.214892,-26.499263,128.732079,0.00,0.00,0.00,0.00,0.00,0.00,0.00,0.00,0.00,0.00,0.00,0.00
335.642526,150.301479,-56.115638,154.628784,145.239273,-64.610297,112.964142,176.077346,-42.66383,126.50692,0.00,0.00,0.00,0.00,0.00,0.00,0.00,0.00,0.00,0.00,0.00,0.00
335.76747,140.224548,-57.785404,152.305527,139.365685,-62.337645,112.372589,165.505143,-55.050724,123.163261,0.00,0.00,0.00,0.00,0.00,0.00,0.00,0.00,0.00,0.00,0.00,0.00
335.892186,131.446207,-55.470716,151.056763,132.528942,-59.520971,112.177963,154.463595,-61.265098,120.908073,0.00,0.00,0.00,0.00,0.00,0.00,0.00,0.00,0.00,0.00,0.00,0.00
336.017539,123.947995,-53.341748,150.587372,124.711139,-57.209015,111.412971,142.862834,-63.085508,120.049667,0.00,0.00,0.00,0.00,0.00,0.00,0.00,0.00,0.00,0.00,0.00,0.00
336.142977,114.657376,-51.19349,149.914719,115.090628,-54.168427,110.329132,129.546236,-61.962714,118.576744,0.00,0.00,0.00,0.00,0.00,0.00,0.00,0.00,0.00,0.00,0.00,0.00
336.268063,102.881586,-48.365632,149.389557,101.845675,-48.412025,109.222511,113.483291,-59.511041,116.536446,0.00,0.00,0.00,0.00,0.00,0.00,0.00,0.00,0.00,0.00,0.00,0.00
336.393355,91.430602,-45.472913,149.141724,86.539998,-41.923441,108.488899,98.086763,-57.058633,115.14135,0.00,0.00,0.00,0.00,0.00,0.00,0.00,0.00,0.00,0.00,0.00,0.00
336.518465,79.971586,-44.21122,149.26915,73.810563,-36.334431,108.883102,85.565356,-54.990797,116.521675,0.00,0.00,0.00,0.00,0.00,0.00,0.00,0.00,0.00,0.00,0.00,0.00
336.643597,68.034257,-43.702992,148.166916,60.368345,-32.744864,106.580215,73.089591,-54.845576,114.847626,0.00,0.00,0.00,0.00,0.00,0.00,0.00,0.00,0.00,0.00,0.00,0.00
336.768979,55.981393,-44.657179,146.713348,45.858944,-31.545234,106.824066,58.731152,-56.368387,113.397636,0.00,0.00,0.00,0.00,0.00,0.00,0.00,0.00,0.00,0.00,0.00,0.00
336.894435,41.981384,-47.385485,147.456329,31.35242,-31.213794,108.778931,41.940883,-58.176256,113.519875,0.00,0.00,0.00,0.00,0.00,0.00,0.00,0.00,0.00,0.00,0.00,0.00
337.019336,28.758769,-48.755533,149.149261,18.981153,-30.793279,109.738274,28.426465,-59.77516,116.658951,0.00,0.00,0.00,0.00,0.00,0.00,0.00,0.00,0.00,0.00,0.00,0.00
337.144572,16.020368,-50.572352,150.070755,5.342886,-32.112666,110.152382,17.055573,-63.322899,118.35553,0.00,0.00,0.00,0.00,0.00,0.00,0.00,0.00,0.00,0.00,0.00,0.00
337.270027,3.902751,-53.423882,149.147583,-10.076858,-35.74957,110.06813,5.744044,-68.610146,118.659904,0.00,0.00,0.00,0.00,0.00,0.00,0.00,0.00,0.00,0.00,0.00,0.00
337.395323,-8.497285,-56.998019,150.018204,-27.264445,-42.365868,111.403862,-4.471056,-74.480715,119.577888,0.00,0.00,0.00,0.00,0.00,0.00,0.00,0.00,0.00,0.00,0.00,0.00
337.520669,-19.762532,-61.536457,151.370071,-44.09609,-50.163275,117.085083,-13.708861,-80.524864,120.410301,0.00,0.00,0.00,0.00,0.00,0.00,0.00,0.00,0.00,0.00,0.00,0.00
337.646122,-29.462332,-66.330559,151.495193,-59.83019,-56.011007,122.263161,-22.838948,-87.110417,120.301552,0.00,0.00,0.00,0.00,0.00,0.00,0.00,0.00,0.00,0.00,0.00,0.00
337.77139,-37.594408,-70.043684,151.335571,-73.36312,-61.786694,123.90242,-32.27325,-93.142104,120.117775,0.00,0.00,0.00,0.00,0.00,0.00,0.00,0.00,0.00,0.00,0.00,0.00
337.896569,-46.563507,-73.102743,153.398376,-89.205904,-67.28302,126.57106,-41.160249,-96.531642,121.859795,0.00,0.00,0.00,0.00,0.00,0.00,0.00,0.00,0.00,0.00,0.00,0.00
338.021916,-55.769681,-75.020487,154.532761,-106.613923,-71.312102,131.43441,-47.529835,-98.351793,122.396904,0.00,0.00,0.00,0.00,0.00,0.00,0.00,0.00,0.00,0.00,0.00,0.00
338.147455,-65.695725,-75.882188,155.878006,-124.234558,-75.628073,133.60437,-51.466253,-98.646735,122.051361,0.00,0.00,0.00,0.00,0.00,0.00,0.00,0.00,0.00,0.00,0.00,0.00
338.272647,-75.604136,-76.780357,157.282379,-135.548857,-78.788282,134.676224,-56.514894,-98.341091,122.325111,0.00,0.00,0.00,0.00,0.00,0.00,0.00,0.00,0.00,0.00,0.00,0.00
338.397634,-82.172857,-78.055033,157.129669,-141.908698,-80.325303,134.789932,-60.420548,-98.774606,122.978836,0.00,0.00,0.00,0.00,0.00,0.00,0.00,0.00,0.00,0.00,0.00,0.00
338.523035,-85.127025,-79.409588,156.824738,-142.558669,-81.056844,134.075073,-63.201237,-99.612434,122.943703,0.00,0.00,0.00,0.00,0.00,0.00,0.00,0.00,0.00,0.00,0.00,0.00
338.648794,-84.969321,-82.203636,156.512268,-131.985724,-83.300224,131.342545,-65.376356,-100.682571,122.112206,0.00,0.00,0.00,0.00,0.00,0.00,0.00,0.00,0.00,0.00,0.00,0.00
338.773908,-81.779044,-87.930007,155.168411,-113.540144,-87.993107,122.966087,-66.349557,-102.384283,121.469696,0.00,0.00,0.00,0.00,0.00,0.00,0.00,0.00,0.00,0.00,0.00,0.00
338.899182,-76.129671,-94.576147,152.968201,-96.263864,-95.502528,114.176559,-64.070603,-105.220784,120.983482,0.00,0.00,0.00,0.00,0.00,0.00,0.00,0.00,0.00,0.00,0.00,0.00
339.024234,-70.762165,-100.81701,151.401382,-83.303902,-102.903177,112.858696,-59.175928,-109.350315,119.610184,0.00,0.00,0.00,0.00,0.00,0.00,0.00,0.00,0.00,0.00,0.00,0.00
339.149506,-65.578637,-108.514859,150.629807,-76.844559,-112.654885,114.149506,-52.433819,-115.6805,118.418076,0.00,0.00,0.00,0.00,0.00,0.00,0.00,0.00,0.00,0.00,0.00,0.00
339.27467,-59.889111,-117.684852,150.411682,-71.00283,-125.31124,113.581909,-45.216115,-125.443646,116.721336,0.00,0.00,0.00,0.00,0.00,0.00,0.00,0.00,0.00,0.00,0.00,0.00
339.386356,-54.88609,-126.80307,150.824615,-65.744638,-137.679244,113.35025,-39.149572,-136.169776,116.982979,0.00,0.00,0.00,0.00,0.00,0.00,0.00,0.00,0.00,0.00,0.00,0.00
339.511761,-51.053603,-138.343743,153.040359,-61.307705,-150.375954,116.364174,-34.868098,-147.082715,119.575287,0.00,0.00,0.00,0.00,0.00,0.00,0.00,0.00,0.00,0.00,0.00,0.00
339.637091,-49.669786,-149.902209,153.309677,-60.840573,-162.311852,117.600937,-33.205088,-158.917853,119.423752,0.00,0.00,0.00,0.00,0.00,0.00,0.00,0.00,0.00,0.00,0.00,0.00
339.762524,-49.739714,-161.722646,152.457825,-62.570388,-176.936855,117.097527,-33.046473,-170.773483,118.881111,0.00,0.00,0.00,0.00,0.00,0.00,0.00,0.00,0.00,0.00,0.00,0.00
339.887799,-50.896274,-173.040571,151.171188,-65.11751,-195.676826,118.899651,-32.759466,-182.240716,117.767639,0.00,0.00,0.00,0.00,0.00,0.00,0.00,0.00,0.00,0.00,0.00,0.00
340.013287,-52.075323,-184.705662,153.313324,-67.237634,-218.49378,123.491875,-32.209758,-192.09028,118.94062,0.00,0.00,0.00,0.00,0.00,0.00,0.00,0.00,0.00,0.00,0.00,0.00
340.138416,-52.258896,-195.425998,155.064423,-69.712848,-239.798881,128.518967,-30.738294,-199.556766,119.705444,0.00,0.00,0.00,0.00,0.00,0.00,0.00,0.00,0.00,0.00,0.00,0.00
340.263829,-51.731502,-204.809695,154.823944,-70.714699,-255.274481,131.812263,-28.590042,-206.978662,119.066956,0.00,0.00,0.00,0.00,0.00,0.00,0.00,0.00,0.00,0.00,0.00,0.00
340.38877,-50.895163,-212.759631,154.745728,-72.40522,-265.389877,133.037827,-27.043088,-214.75846,119.183449,0.00,0.00,0.00,0.00,0.00,0.00,0.00,0.00,0.00,0.00,0.00,0.00
340.514009,-49.943525,-219.501326,155.270935,-73.310144,-270.568417,133.99205,-26.411502,-221.266683,120.427933,0.00,0.00,0.00,0.00,0.00,0.00,0.00,0.00,0.00,0.00,0.00,0.00
340.639244,-48.571233,-225.31448,155.284271,-70.208139,-266.113098,132.514023,-26.140603,-226.68456,120.235138,0.00,0.00,0.00,0.00,0.00,0.00,0.00,0.00,0.00,0.00,0.00,0.00
340.764614,-45.101097,-230.504285,154.80101,-62.048555,-258.335045,127.236641,-26.242623,-230.060984,119.730408,0.00,0.00,0.00,0.00,0.00,0.00,0.00,0.00,0.00,0.00,0.00,0.00
340.890399,-38.909583,-233.740004,153.948959,-49.780058,-254.49711,120.854385,-24.550712,-232.10857,118.742874,0.00,0.00,0.00,0.00,0.00,0.00,0.00,0.00,0.00,0.00,0.00,0.00
341.015345,-31.405257,-235.304865,152.54715,-36.89947,-252.617301,115.096939,-19.449091,-232.297476,117.464882,0.00,0.00,0.00,0.00,0.00,0.00,0.00,0.00,0.00,0.00,0.00,0.00
341.140241,-22.558615,-236.239527,150.932083,-24.338654,-250.826317,111.518127,-11.6904,-231.717202,115.399963,0.00,0.00,0.00,0.00,0.00,0.00,0.00,0.00,0.00,0.00,0.00,0.00
341.266053,-11.842996,-236.291421,149.932343,-9.69239,-249.526612,109.789566,-1.099777,-230.642559,114.44519,0.00,0.00,0.00,0.00,0.00,0.00,0.00,0.00,0.00,0.00,0.00,0.00
341.391345,-0.064672,-236.032792,151.409149,5.896389,-249.840148,112.12281,10.725463,-229.258609,116.375305,0.00,0.00,0.00,0.00,0.00,0.00,0.00,0.00,0.00,0.00,0.00,0.00
341.516477,11.182479,-236.40323,151.784561,18.047978,-250.737864,112.844925,20.517579,-228.105597,117.741898,0.00,0.00,0.00,0.00,0.00,0.00,0.00,0.00,0.00,0.00,0.00,0.00
341.641687,22.659545,-237.299976,151.122116,29.710078,-251.695206,111.257759,30.598334,-227.30164,117.232407,0.00,0.00,0.00,0.00,0.00,0.00,0.00,0.00,0.00,0.00,0.00,0.00
341.767039,34.796527,-238.200634,149.823776,43.510255,-252.421237,108.825462,41.80635,-226.323803,116.125687,0.00,0.00,0.00,0.00,0.00,0.00,0.00,0.00,0.00,0.00,0.00,0.00
341.892165,47.348116,-238.890055,149.559006,59.45173,-252.466946,109.608665,53.585043,-224.58123,115.915085,0.00,0.00,0.00,0.00,0.00,0.00,0.00,0.00,0.00,0.00,0.00,0.00
342.017346,60.182018,-237.859443,150.961807,76.074857,-249.93496,112.213402,63.065572,-221.910041,117.608803,0.00,0.00,0.00,0.00,0.00,0.00,0.00,0.00,0.00,0.00,0.00,0.00
342.142493,71.773372,-234.976046,151.649094,88.874393,-243.523672,114.169395,71.203885,-216.805649,117.517738,0.00,0.00,0.00,0.00,0.00,0.00,0.00,0.00,0.00,0.00,0.00,0.00
342.268052,82.513153,-230.768965,151.046448,99.495594,-236.617875,113.014603,81.492527,-210.549354,116.399246,0.00,0.00,0.00,0.00,0.00,0.00,0.00,0.00,0.00,0.00,0.00,0.00
342.393101,92.329061,-225.540886,151.782288,109.813477,-231.232235,112.144882,94.811128,-203.59058,117.592484,0.00,0.00,0.00,0.00,0.00,0.00,0.00,0.00,0.00,0.00,0.00,0.00
342.51845,101.620567,-219.930044,153.296158,118.951723,-226.631214,112.352707,111.237703,-195.758936,119.292503,0.00,0.00,0.00,0.00,0.00,0.00,0.00,0.00,0.00,0.00,0.00,0.00
342.644001,110.745028,-214.103754,153.548798,128.403528,-221.714919,111.268608,128.630598,-187.904215,122.440926,0.00,0.00,0.00,0.00,0.00,0.00,0.00,0.00,0.00,0.00,0.00,0.00
342.769414,119.897778,-208.062654,152.033066,137.387426,-215.633215,109.795456,145.998424,-179.180126,123.926071,0.00,0.00,0.00,0.00,0.00,0.00,0.00,0.00,0.00,0.00,0.00,0.00
342.894719,128.933276,-201.868785,152.483597,146.120357,-209.528268,109.251671,160.90527,-172.262154,125.610329,0.00,0.00,0.00,0.00,0.00,0.00,0.00,0.00,0.00,0.00,0.00,0.00
343.020342,136.272514,-195.703498,153.570007,151.621806,-204.907793,111.564606,172.784233,-166.377909,127.999428,0.00,0.00,0.00,0.00,0.00,0.00,0.00,0.00,0.00,0.00,0.00,0.00
343.1459,142.86214,-189.426968,154.534775,154.834056,-201.601341,111.75795,184.945594,-159.640683,130.584885,0.00,0.00,0.00,0.00,0.00,0.00,0.00,0.00,0.00,0.00,0.00,0.00
343.27108,148.719224,-183.659984,153.971191,156.248034,-198.696005,110.307915,196.507244,-154.531899,131.767967,0.00,0.00,0.00,0.00,0.00,0.00,0.00,0.00,0.00,0.00,0.00,0.00
343.396075,153.986984,-178.778828,154.954895,156.734127,-195.314307,110.996727,200.829564,-153.130736,131.93615,0.00,0.00,0.00,0.00,0.00,0.00,0.00,0.00,0.00,0.00,0.00,0.00
343.521253,157.544613,-176.56577,155.332504,157.105973,-192.048069,111.087112,195.443686,-158.303054,130.009239,0.00,0.00,0.00,0.00,0.00,0.00,0.00,0.00,0.00,0.00,0.00,0.00
343.646658,158.963436,-179.147377,154.640442,155.593294,-191.198628,112.006241,187.07712,-168.636067,124.99073,0.00,0.00,0.00,0.00,0.00,0.00,0.00,0.00,0.00,0.00,0.00,0.00
343.772736,155.439758,-184.246602,152.799713,151.840833,-192.002163,112.437813,178.203436,-179.450147,120.099503,0.00,0.00,0.00,0.00,0.00,0.00,0.00,0.00,0.00,0.00,0.00,0.00
343.898505,148.784519,-188.061608,151.281342,145.951636,-193.643978,112.113861,169.329162,-187.854207,117.082741,0.00,0.00,0.00,0.00,0.00,0.00,0.00,0.00,0.00,0.00,0.00,0.00
344.023464,141.596269,-191.377295,149.955688,139.065205,-196.178068,111.083908,161.412833,-195.724407,115.459206,0.00,0.00,0.00,0.00,0.00,0.00,0.00,0.00,0.00,0.00,0.00,0.00
344.148181,133.813594,-195.756773,148.815964,130.499152,-199.865172,109.457245,151.155092,-204.444122,114.581383,0.00,0.00,0.00,0.00,0.00,0.00,0.00,0.00,0.00,0.00,0.00,0.00
344.273534,125.510801,-201.199116,148.937714,119.240282,-204.882649,109.061852,138.295228,-213.424067,113.907303,0.00,0.00,0.00,0.00,0.00,0.00,0.00,0.00,0.00,0.00,0.00,0.00
344.398967,117.437503,-207.149447,150.382263,108.018032,-209.334807,110.307472,125.683987,-221.428987,114.507942,0.00,0.00,0.00,0.00,0.00,0.00,0.00,0.00,0.00,0.00,0.00,0.00
344.524532,109.3119,-213.71659,151.969589,96.857171,-214.909182,111.677994,115.778301,-228.260216,115.462692,0.00,0.00,0.00,0.00,0.00,0.00,0.00,0.00,0.00,0.00,0.00,0.00
344.635756,102.135755,-219.399344,151.89093,84.123036,-222.913327,113.510132,107.445688,-235.193933,114.542336,0.00,0.00,0.00,0.00,0.00,0.00,0.00,0.00,0.00,0.00,0.00,0.00
344.774594,93.769638,-226.269858,150.626465,67.773132,-231.97306,118.316093,96.57052,-244.59773,114.312691,0.00,0.00,0.00,0.00,0.00,0.00,0.00,0.00,0.00,0.00,0.00,0.00
344.899508,86.049198,-231.780408,151.569748,53.651915,-239.562528,122.680084,86.541362,-251.222531,116.358299,0.00,0.00,0.00,0.00,0.00,0.00,0.00,0.00,0.00,0.00,0.00,0.00
345.010769,78.552204,-235.368553,153.144394,40.783418,-246.528995,125.895096,79.496136,-254.077036,119.081619,0.00,0.00,0.00,0.00,0.00,0.00,0.00,0.00,0.00,0.00,0.00,0.00
345.136254,69.632755,-238.362421,153.320084,25.878113,-254.881537,128.662231,73.380468,-256.564446,119.164566,0.00,0.00,0.00,0.00,0.00,0.00,0.00,0.00,0.00,0.00,0.00,0.00
345.261576,60.144274,-240.472413,153.01033,12.724321,-263.796251,131.487694,68.221591,-257.75145,117.779243,0.00,0.00,0.00,0.00,0.00,0.00,0.00,0.00,0.00,0.00,0.00,0.00
345.386982,51.287613,-241.815682,154.149582,4.789377,-269.986112,132.677017,62.486242,-256.642517,117.560799,0.00,0.00,0.00,0.00,0.00,0.00,0.00,0.00,0.00,0.00,0.00,0.00
345.512081,45.368484,-242.562866,155.017746,1.445891,-272.775044,132.910904,58.236848,-255.090688,118.293083,0.00,0.00,0.00,0.00,0.00,0.00,0.00,0.00,0.00,0.00,0.00,0.00
345.637758,42.300916,-243.340653,154.917847,4.622381,-269.961156,132.121597,56.592433,-255.169831,118.440178,0.00,0.00,0.00,0.00,0.00,0.00,0.00,0.00,0.00,0.00,0.00,0.00
345.763047,42.209081,-245.225508,154.722656,16.351977,-264.754113,129.226044,57.119417,-254.408242,118.475594,0.00,0.00,0.00,0.00,0.00,0.00,0.00,0.00,0.00,0.00,0.00,0.00
345.889186,47.531709,-247.223591,154.003311,33.336568,-263.3134,123.359062,59.870737,-251.827871,118.005447,0.00,0.00,0.00,0.00,0.00,0.00,0.00,0.00,0.00,0.00,0.00,0.00
346.01446,56.479621,-245.164422,152.313385,50.541765,-260.377825,117.576469,64.85043,-247.188543,117.485542,0.00,0.00,0.00,0.00,0.00,0.00,0.00,0.00,0.00,0.00,0.00,0.00
346.139384,64.583622,-239.568877,149.76709,62.003212,-255.571959,113.328697,70.997436,-241.473069,115.685051,0.00,0.00,0.00,0.00,0.00,0.00,0.00,0.00,0.00,0.00,0.00,0.00
346.264745,72.242107,-233.720415,147.645508,73.983961,-252.464117,110.699516,78.871668,-235.131062,113.1735,0.00,0.00,0.00,0.00,0.00,0.00,0.00,0.00,0.00,0.00,0.00,0.00
346.389671,79.581805,-227.760936,147.044525,86.710565,-248.272255,109.455757,86.066731,-227.642143,113.726128,0.00,0.00,0.00,0.00,0.00,0.00,0.00,0.00,0.00,0.00,0.00,0.00
346.51448,86.281849,-222.626293,147.149139,97.890551,-242.925517,108.194534,90.936525,-221.076304,113.789886,0.00,0.00,0.00,0.00,0.00,0.00,0.00,0.00,0.00,0.00,0.00,0.00
346.639372,92.928033,-217.481552,147.621979,108.775673,-235.360517,106.751137,95.009358,-214.922469,113.314026,0.00,0.00,0.00,0.00,0.00,0.00,0.00,0.00,0.00,0.00,0.00,0.00
346.764606,99.446346,-212.446772,146.984863,118.960356,-224.39208,105.750397,98.974078,-208.047502,112.305145,0.00,0.00,0.00,0.00,0.00,0.00,0.00,0.00,0.00,0.00,0.00,0.00
346.88961,105.695244,-205.480731,147.565277,125.526387,-210.603752,106.936516,100.875457,-201.01586,112.751953,0.00,0.00,0.00,0.00,0.00,0.00,0.00,0.00,0.00,0.00,0.00,0.00
347.014894,111.013483,-196.27434,147.918488,127.895812,-195.844057,108.263985,100.556916,-192.784564,112.837845,0.00,0.00,0.00,0.00,0.00,0.00,0.00,0.00,0.00,0.00,0.00,0.00
347.140002,114.919955,-184.947077,146.523285,128.450159,-180.827936,107.242302,100.180712,-181.482908,110.03746,0.00,0.00,0.00,0.00,0.00,0.00,0.00,0.00,0.00,0.00,0.00,0.00
347.265184,117.337035,-171.743188,145.6772,129.199406,-165.447699,107.350594,100.378343,-166.572349,109.413116,0.00,0.00,0.00,0.00,0.00,0.00,0.00,0.00,0.00,0.00,0.00,0.00
347.390861,119.341892,-157.523396,147.751556,132.13262,-150.580928,107.815056,102.215459,-149.622489,113.050224,0.00,0.00,0.00,0.00,0.00,0.00,0.00,0.00,0.00,0.00,0.00,0.00
347.51634,122.016291,-144.501483,150.109314,136.634097,-139.746843,111.360474,107.41279,-133.836178,117.345383,0.00,0.00,0.00,0.00,0.00,0.00,0.00,0.00,0.00,0.00,0.00,0.00
347.641454,125.583246,-132.277479,150.593582,142.672468,-129.078647,110.417297,114.966071,-117.642786,119.197777,0.00,0.00,0.00,0.00,0.00,0.00,0.00,0.00,0.00,0.00,0.00,0.00
347.766841,130.062676,-120.104403,150.249557,148.433543,-117.137499,109.219589,121.884971,-101.583835,121.187866,0.00,0.00,0.00,0.00,0.00,0.00,0.00,0.00,0.00,0.00,0.00,0.00
347.892401,135.004697,-108.150414,151.444229,152.48279,-105.098151,108.782341,129.589555,-85.96713,123.27774,0.00,0.00,0.00,0.00,0.00,0.00,0.00,0.00,0.00,0.00,0.00,0.00
348.017571,138.600489,-97.88175,153.888641,153.872991,-97.683671,110.500305,138.96225,-73.192383,126.483566,0.00,0.00,0.00,0.00,0.00,0.00,0.00,0.00,0.00,0.00,0.00,0.00
348.142746,142.005413,-88.488524,155.126297,156.691703,-94.104387,111.586876,150.426746,-59.4388,128.864815,0.00,0.00,0.00,0.00,0.00,0.00,0.00,0.00,0.00,0.00,0.00,0.00
348.268299,145.453631,-79.154029,154.761719,158.794642,-91.091777,111.03466,162.865138,-45.443517,130.071236,0.00,0.00,0.00,0.00,0.00,0.00,0.00,0.00,0.00,0.00,0.00,0.00
348.393628,149.043925,-68.799326,155.078125,160.079972,-85.293266,110.909218,175.971757,-32.018519,131.624466,0.00,0.00,0.00,0.00,0.00,0.00,0.00,0.00,0.00,0.00,0.00,0.00
348.519258,153.062045,-58.429403,156.865021,161.660736,-77.454535,111.5485,188.111793,-20.52307,131.527237,0.00,0.00,0.00,0.00,0.00,0.00,0.00,0.00,0.00,0.00,0.00,0.00
348.645017,156.216519,-50.153601,158.13356,161.72967,-70.560839,113.394196,196.11703,-13.146364,130.595779,0.00,0.00,0.00,0.00,0.00,0.00,0.00,0.00,0.00,0.00,0.00,0.00
348.769819,158.129437,-44.542898,158.262131,162.433293,-67.412129,115.141144,198.246638,-11.211653,130.035477,0.00,0.00,0.00,0.00,0.00,0.00,0.00,0.00,0.00,0.00,0.00,0.00
348.895507,159.451192,-42.489604,158.16687,162.074991,-65.650853,115.999146,192.455811,-17.372808,129.627792,0.00,0.00,0.00,0.00,0.00,0.00,0.00,0.00,0.00,0.00,0.00,0.00
349.021112,161.637355,-45.642967,157.980545,160.419571,-65.31842,116.326935,184.249756,-30.826196,128.819611,0.00,0.00,0.00,0.00,0.00,0.00,0.00,0.00,0.00,0.00,0.00,0.00
349.147413,159.309094,-53.875669,156.506287,156.661073,-65.24618,116.114143,178.209847,-45.224621,126.326469,0.00,0.00,0.00,0.00,0.00,0.00,0.00,0.00,0.00,0.00,0.00,0.00
349.272611,151.301671,-58.188908,154.251801,150.898198,-64.640061,115.452255,171.118998,-55.920392,123.014397,0.00,0.00,0.00,0.00,0.00,0.00,0.00,0.00,0.00,0.00,0.00,0.00
349.397245,143.685238,-57.529903,152.433548,144.648667,-63.352874,114.954369,163.272635,-61.546091,119.877785,0.00,0.00,0.00,0.00,0.00,0.00,0.00,0.00,0.00,0.00,0.00,0.00
349.522352,136.887462,-55.710097,151.698395,138.171607,-61.427443,114.584496,154.754201,-64.246024,119.390381,0.00,0.00,0.00,0.00,0.00,0.00,0.00,0.00,0.00,0.00,0.00,0.00
349.647546,129.374754,-53.753354,151.091599,130.044755,-59.278461,113.634445,144.287131,-65.200021,119.386368,0.00,0.00,0.00,0.00,0.00,0.00,0.00,0.00,0.00,0.00,0.00,0.00
349.772954,120.118608,-51.379781,150.516449,119.047193,-55.065212,112.63562,130.665976,-64.275561,118.658401,0.00,0.00,0.00,0.00,0.00,0.00,0.00,0.00,0.00,0.00,0.00,0.00
349.897932,109.674001,-48.917442,150.061081,105.747703,-49.366022,111.547249,115.33007,-61.642675,117.942802,0.00,0.00,0.00,0.00,0.00,0.00,0.00,0.00,0.00,0.00,0.00,0.00
350.02282,99.442002,-47.526289,149.613617,92.677174,-44.197821,111.18882,102.044278,-60.225992,117.820671,0.00,0.00,0.00,0.00,0.00,0.00,0.00,0.00,0.00,0.00,0.00,0.00
350.148032,88.86729,-47.514364,149.631775,82.338086,-40.811903,110.646225,91.296508,-60.172095,118.399864,0.00,0.00,0.00,0.00,0.00,0.00,0.00,0.00,0.00,0.00,0.00,0.00
350.273332,78.21113,-48.02475,148.660919,71.534994,-39.347345,109.492569,80.040078,-60.808321,116.925026,0.00,0.00,0.00,0.00,0.00,0.00,0.00,0.00,0.00,0.00,0.00,0.00
350.398744,66.940423,-49.657383,147.628601,58.220242,-39.079125,108.55011,67.985955,-62.396701,115.339844,0.00,0.00,0.00,0.00,0.00,0.00,0.00,0.00,0.00,0.00,0.00,0.00
350.524008,54.3106,-52.333621,148.071167,42.818212,-39.552068,109.605293,54.067874,-65.002758,114.637924,0.00,0.00,0.00,0.00,0.00,0.00,0.00,0.00,0.00,0.00,0.00,0.00
350.649377,41.706197,-54.101866,149.970993,30.626385,-38.36884,112.712997,40.499455,-65.802407,117.416962,0.00,0.00,0.00,0.00,0.00,0.00,0.00,0.00,0.00,0.00,0.00,0.00
350.774731,29.711136,-54.562132,150.79895,19.592458,-37.117531,113.672226,28.579487,-66.415524,119.630898,0.00,0.00,0.00,0.00,0.00,0.00,0.00,0.00,0.00,0.00,0.00,0.00
350.885891,19.427508,-54.963904,149.777542,9.155728,-36.744009,112.890465,19.031974,-67.653472,119.520325,0.00,0.00,0.00,0.00,0.00,0.00,0.00,0.00,0.00,0.00,0.00,0.00
351.011036,8.103876,-55.670197,148.643433,-5.102366,-38.517348,112.627403,9.045485,-69.877436,118.814903,0.00,0.00,0.00,0.00,0.00,0.00,0.00,0.00,0.00,0.00,0.00,0.00
351.136295,-4.210441,-57.813672,148.850754,-20.520665,-42.740545,114.842476,0.431616,-72.932706,119.541267,0.00,0.00,0.00,0.00,0.00,0.00,0.00,0.00,0.00,0.00,0.00,0.00
351.261439,-15.634731,-60.857834,148.236664,-35.109223,-47.553754,117.34201,-8.060266,-77.424833,119.176476,0.00,0.00,0.00,0.00,0.00,0.00,0.00,0.00,0.00,0.00,0.00,0.00
351.387137,-26.192472,-64.201798,147.1297,-48.876265,-53.202768,118.495148,-18.105972,-82.748767,118.292511,0.00,0.00,0.00,0.00,0.00,0.00,0.00,0.00,0.00,0.00,0.00,0.00
351.512638,-35.803599,-67.68212,148.898788,-61.88764,-58.630474,118.718033,-29.824861,-89.273217,118.424828,0.00,0.00,0.00,0.00,0.00,0.00,0.00,0.00,0.00,0.00,0.00,0.00
351.637983,-44.709907,-70.780769,151.331924,-76.522486,-64.185096,120.54866,-39.805115,-93.64651,120.984238,0.00,0.00,0.00,0.00,0.00,0.00,0.00,0.00,0.00,0.00,0.00,0.00
351.763345,-53.405473,-73.327764,153.074097,-93.144509,-68.51958,124.986198,-47.542618,-96.279261,122.25869,0.00,0.00,0.00,0.00,0.00,0.00,0.00,0.00,0.00,0.00,0.00,0.00
351.888715,-62.307712,-75.747939,153.435883,-110.350015,-72.450379,129.579262,-52.889493,-98.493555,121.63253,0.00,0.00,0.00,0.00,0.00,0.00,0.00,0.00,0.00,0.00,0.00,0.00
352.013998,-71.767349,-77.922522,155.085327,-124.759594,-76.017247,132.707489,-57.713995,-99.930969,121.26915,0.00,0.00,0.00,0.00,0.00,0.00,0.00,0.00,0.00,0.00,0.00,0.00
352.139217,-79.848472,-79.374506,156.246277,-134.935893,-78.664707,133.751678,-62.421655,-99.93806,121.547607,0.00,0.00,0.00,0.00,0.00,0.00,0.00,0.00,0.00,0.00,0.00,0.00
352.264442,-85.965402,-80.059157,156.216202,-142.308792,-79.805576,133.319763,-65.596811,-99.348615,121.971207,0.00,0.00,0.00,0.00,0.00,0.00,0.00,0.00,0.00,0.00,0.00,0.00
352.389876,-89.442322,-80.153432,155.261856,-143.67614,-80.219901,133.777954,-67.041129,-98.778885,121.633629,0.00,0.00,0.00,0.00,0.00,0.00,0.00,0.00,0.00,0.00,0.00,0.00
352.51526,-89.194972,-80.586537,154.992233,-133.210036,-82.27135,132.981934,-67.354718,-97.908485,121.409241,0.00,0.00,0.00,0.00,0.00,0.00,0.00,0.00,0.00,0.00,0.00,0.00
352.640613,-85.892572,-82.962619,154.868027,-116.057431,-85.956381,129.804581,-66.157206,-96.281631,121.402031,0.00,0.00,0.00,0.00,0.00,0.00,0.00,0.00,0.00,0.00,0.00,0.00
352.76587,-77.595694,-86.172857,155.842972,-99.210181,-91.180501,125.72451,-62.155695,-93.766149,121.871666,0.00,0.00,0.00,0.00,0.00,0.00,0.00,0.00,0.00,0.00,0.00,0.00
352.891316,-66.833694,-85.318846,156.738861,-82.716064,-94.844027,121.250969,-54.89523,-90.082514,121.402939,0.00,0.00,0.00,0.00,0.00,0.00,0.00,0.00,0.00,0.00,0.00,0.00
353.016687,-55.119714,-80.875533,155.529419,-66.61242,-94.546766,118.395081,-45.635321,-84.446521,120.279411,0.00,0.00,0.00,0.00,0.00,0.00,0.00,0.00,0.00,0.00,0.00,0.00
353.141734,-44.155166,-74.435783,152.138763,-51.448008,-91.330008,117.536583,-36.758112,-77.353131,118.58728,0.00,0.00,0.00,0.00,0.00,0.00,0.00,0.00,0.00,0.00,0.00,0.00
353.266634,-35.086894,-68.693592,148.723648,-38.613215,-87.324156,116.488876,-30.037596,-70.682701,117.279831,0.00,0.00,0.00,0.00,0.00,0.00,0.00,0.00,0.00,0.00,0.00,0.00
353.391719,-27.251968,-64.255355,147.532211,-28.865546,-83.236799,116.042763,-24.883053,-65.498074,115.922005,0.00,0.00,0.00,0.00,0.00,0.00,0.00,0.00,0.00,0.00,0.00,0.00
353.516687,-19.738233,-60.914139,146.491272,-19.565654,-79.965407,114.815048,-19.559544,-61.430698,114.497986,0.00,0.00,0.00,0.00,0.00,0.00,0.00,0.00,0.00,0.00,0.00,0.00
353.642001,-12.052192,-58.051304,145.689133,-8.822445,-76.536522,113.628105,-13.007349,-57.066744,113.477783,0.00,0.00,0.00,0.00,0.00,0.00,0.00,0.00,0.00,0.00,0.00,0.00
353.767405,-4.058616,-54.641982,146.008636,3.362153,-71.788432,113.916672,-5.982955,-51.712797,114.116623,0.00,0.00,0.00,0.00,0.00,0.00,0.00,0.00,0.00,0.00,0.00,0.00
353.892587,4.285244,-49.659162,146.33728,14.835548,-64.399281,114.271545,-0.502937,-45.113161,114.272362,0.00,0.00,0.00,0.00,0.00,0.00,0.00,0.00,0.00,0.00,0.00,0.00
354.017537,12.908671,-43.291448,146.309219,25.59179,-55.568521,113.92395,5.24175,-38.115345,114.009125,0.00,0.00,0.00,0.00,0.00,0.00,0.00,0.00,0.00,0.00,0.00,0.00
354.142638,21.287624,-35.96321,145.159958,35.989384,-44.358187,115.113228,12.70188,-28.345729,112.991203,0.00,0.00,0.00,0.00,0.00,0.00,0.00,0.00,0.00,0.00,0.00,0.00
354.267488,30.214711,-26.252484,146.368912,46.522568,-32.265177,115.613426,21.666248,-16.131901,114.174812,0.00,0.00,0.00,0.00,0.00,0.00,0.00,0.00,0.00,0.00,0.00,0.00
354.392693,39.466981,-15.898884,147.967316,55.674967,-23.751578,114.913177,30.731236,-5.523477,116.441086,0.00,0.00,0.00,0.00,0.00,0.00,0.00,0.00,0.00,0.00,0.00,0.00
354.517954,48.699839,-6.088334,148.756729,65.196358,-17.136754,114.083267,39.774242,3.651612,117.320305,0.00,0.00,0.00,0.00,0.00,0.00,0.00,0.00,0.00,0.00,0.00,0.00
354.643246,57.528347,3.435992,147.987854,76.222348,-7.70461,112.846786,48.270258,13.388707,116.429512,0.00,0.00,0.00,0.00,0.00,0.00,0.00,0.00,0.00,0.00,0.00,0.00
354.768342,66.261307,13.046524,148.258469,87.017862,5.464615,113.978798,56.874869,23.625052,115.688568,0.00,0.00,0.00,0.00,0.00,0.00,0.00,0.00,0.00,0.00,0.00,0.00
354.893786,74.266539,23.189316,149.718491,94.818019,18.398944,117.717484,63.954701,32.057989,117.217415,0.00,0.00,0.00,0.00,0.00,0.00,0.00,0.00,0.00,0.00,0.00,0.00
355.018899,80.99547,33.169352,150.269806,100.638834,29.717373,118.378693,69.984046,41.700972,116.966064,0.00,0.00,0.00,0.00,0.00,0.00,0.00,0.00,0.00,0.00,0.00,0.00
1,314.158764,2,316.832176,3,318.920209,4,322.190118,5,325.185381,1,327.232527,2,329.877722,3,331.896259,4,335.097924,5,338.300646,1,340.347037,2,343.215169,3,345.345089,4,348.588955,5,352.181122,
