180.388036,85.411055,56.556321,176.197922,70.703884,71.941498,103.354935,80.429099,48.201566,110.937119,0.00,0.00,0.00,0.00,0.00,0.00,0.00,0.00,0.00,0.00,0.00,0.00
180.512266,77.652262,51.953745,175.552582,62.473973,66.202134,102.230011,74.234296,42.132006,110.742485,0.00,0.00,0.00,0.00,0.00,0.00,0.00,0.00,0.00,0.00,0.00,0.00
180.637923,69.059758,46.675516,176.453064,52.335277,56.705187,102.333511,67.770414,32.278245,110.726273,0.00,0.00,0.00,0.00,0.00,0.00,0.00,0.00,0.00,0.00,0.00,0.00
180.762961,60.592086,40.202724,178.003357,42.851831,43.378479,106.205246,65.552667,22.96547,112.548576,0.00,0.00,0.00,0.00,0.00,0.00,0.00,0.00,0.00,0.00,0.00,0.00
180.888577,52.07801,32.256753,177.961655,33.988885,30.412751,108.321442,66.999051,15.45988,110.83416,0.00,0.00,0.00,0.00,0.00,0.00,0.00,0.00,0.00,0.00,0.00,0.00
181.013636,45.220414,22.956565,177.182495,24.087284,19.673547,110.470116,66.489592,9.065512,107.359222,0.00,0.00,0.00,0.00,0.00,0.00,0.00,0.00,0.00,0.00,0.00,0.00
181.138957,39.785452,12.510827,175.965149,17.34296,10.030217,108.117249,60.528647,-0.113569,103.811218,0.00,0.00,0.00,0.00,0.00,0.00,0.00,0.00,0.00,0.00,0.00,0.00
181.250717,35.967855,2.247961,175.909943,13.493285,2.018167,105.312134,51.096891,-12.330916,102.82135,0.00,0.00,0.00,0.00,0.00,0.00,0.00,0.00,0.00,0.00,0.00,0.00
181.376459,31.761617,-9.227432,178.118546,10.22933,-6.037137,104.412064,38.498123,-28.23803,107.033607,0.00,0.00,0.00,0.00,0.00,0.00,0.00,0.00,0.00,0.00,0.00,0.00
181.501751,26.137698,-20.304502,178.914886,6.140336,-13.020097,104.568359,25.977989,-41.83778,112.042641,0.00,0.00,0.00,0.00,0.00,0.00,0.00,0.00,0.00,0.00,0.00,0.00 
181.626655,19.585563,-30.922627,178.538208,1.059929,-21.69706,102.301025,15.689784,-52.87244,114.268028,0.00,0.00,0.00,0.00,0.00,0.00,0.00,0.00,0.00,0.00,0.00,0.00
181.752009,11.813092,-41.742835,177.352692,-5.067567,-32.341124,99.336121,7.726342,-61.836778,110.640907,0.00,0.00,0.00,0.00,0.00,0.00,0.00,0.00,0.00,0.00,0.00,0.00
181.87756,3.451039,-52.658805,177.098343,-14.050188,-46.638831,99.013374,2.721573,-68.711944,106.439674,0.00,0.00,0.00,0.00,0.00,0.00,0.00,0.00,0.00,0.00,0.00,0.00
182.003086,-3.971659,-63.595848,178.852661,-23.298636,-65.025904,102.129707,0.519599,-77.000449,105.821991,0.00,0.00,0.00,0.00,0.00,0.00,0.00,0.00,0.00,0.00,0.00,0.00
182.128586,-9.674964,-74.089373,179.64183,-28.893823,-85.189051,106.453445,-1.103071,-87.004456,106.490479,0.00,0.00,0.00,0.00,0.00,0.00,0.00,0.00,0.00,0.00,0.00,0.00
182.253958,-14.374562,-84.321073,179.632385,-32.003852,-102.068163,110.831451,-4.650179,-98.338589,106.451012,0.00,0.00,0.00,0.00,0.00,0.00,0.00,0.00,0.00,0.00,0.00,0.00
182.379582,-18.142208,-95.430965,178.088348,-33.962593,-115.870036,110.268906,-9.672776,-111.735741,105.632935,0.00,0.00,0.00,0.00,0.00,0.00,0.00,0.00,0.00,0.00,0.00,0.00
182.505317,-20.947685,-107.34347,177.671844,-36.975771,-125.15326,106.662628,-15.088334,-127.617202,105.706192,0.00,0.00,0.00,0.00,0.00,0.00,0.00,0.00,0.00,0.00,0.00,0.00
182.631019,-24.062131,-119.472674,179.521149,-41.419695,-129.78996,104.674408,-21.117366,-142.961534,109.577538,0.00,0.00,0.00,0.00,0.00,0.00,0.00,0.00,0.00,0.00,0.00,0.00 
182.756108,-28.600562,-130.888184,180.227921,-46.809926,-132.937906,103.345398,-27.808424,-156.172559,112.118111,0.00,0.00,0.00,0.00,0.00,0.00,0.00,0.00,0.00,0.00,0.00,0.00
182.881956,-33.971405,-141.024489,179.685089,-53.265634,-137.829113,100.486458,-34.78085,-167.32413,112.938141,0.00,0.00,0.00,0.00,0.00,0.00,0.00,0.00,0.00,0.00,0.00,0.00
183.007302,-40.037385,-150.630062,178.128906,-60.803144,-146.925241,97.812157,-41.835364,-178.036177,112.180519,0.00,0.00,0.00,0.00,0.00,0.00,0.00,0.00,0.00,0.00,0.00,0.00
183.132807,-46.542058,-159.20162,177.938324,-68.581408,-160.798752,97.469292,-49.187397,-188.333552,113.3507,0.00,0.00,0.00,0.00,0.00,0.00,0.00,0.00,0.00,0.00,0.00,0.00
183.25808,-53.311089,-167.268402,179.227264,-74.033736,-176.821116,100.680519,-56.445262,-198.591644,117.926277,0.00,0.00,0.00,0.00,0.00,0.00,0.00,0.00,0.00,0.00,0.00,0.00
183.383168,-58.933312,-175.781225,179.703064,-77.06219,-191.334817,104.580605,-61.4954,-209.184842,121.842171,0.00,0.00,0.00,0.00,0.00,0.00,0.00,0.00,0.00,0.00,0.00,0.00
183.50753,-62.453947,-183.786048,179.451523,-78.070159,-202.396613,107.381905,-65.41705,-221.487023,123.706543,0.00,0.00,0.00,0.00,0.00,0.00,0.00,0.00,0.00,0.00,0.00,0.00
183.63334,-64.425797,-191.956217,178.132828,-78.002642,-210.107917,106.366516,-68.785337,-234.812325,124.618004,0.00,0.00,0.00,0.00,0.00,0.00,0.00,0.00,0.00,0.00,0.00,0.00
183.758873,-65.567694,-199.981746,177.890152,-78.035427,-215.184438,104.350258,-71.543583,-247.008633,126.817619,0.00,0.00,0.00,0.00,0.00,0.00,0.00,0.00,0.00,0.00,0.00,0.00
183.884369,-66.957423,-206.357288,178.264236,-78.210584,-218.99393,103.778717,-74.532132,-257.976911,128.995071,0.00,0.00,0.00,0.00,0.00,0.00,0.00,0.00,0.00,0.00,0.00,0.00
184.008263,-67.885926,-210.260944,178.800461,-79.107939,-221.930616,103.987503,-76.841591,-266.541841,130.725723,0.00,0.00,0.00,0.00,0.00,0.00,0.00,0.00,0.00,0.00,0.00,0.00
184.14586,-67.857484,-213.453982,179.122345,-81.425021,-225.79776,104.07457,-78.020193,-272.694006,131.584503,0.00,0.00,0.00,0.00,0.00,0.00,0.00,0.00,0.00,0.00,0.00,0.00
184.250766,-68.015223,-214.942244,179.245499,-82.01215,-227.282922,104.185211,-78.398628,-275.171747,130.977814,0.00,0.00,0.00,0.00,0.00,0.00,0.00,0.00,0.00,0.00,0.00,0.00
184.380237,-67.95637,-216.709834,179.402878,-81.925967,-227.778742,104.350571,-78.006412,-278.04596,130.38443,0.00,0.00,0.00,0.00,0.00,0.00,0.00,0.00,0.00,0.00,0.00,0.00
184.506001,-66.817464,-218.289455,179.280411,-83.43439,-227.326053,104.108643,-78.732737,-277.757982,130.332733,0.00,0.00,0.00,0.00,0.00,0.00,0.00,0.00,0.00,0.00,0.00,0.00
184.631544,-65.022271,-219.381894,178.820648,-84.98187,-226.447702,104.220131,-78.880457,-277.969704,130.363113,0.00,0.00,0.00,0.00,0.00,0.00,0.00,0.00,0.00,0.00,0.00,0.00
184.756347,-62.824546,-219.787053,178.184204,-84.874066,-226.380356,103.419159,-76.108895,-276.702234,130.150131,0.00,0.00,0.00,0.00,0.00,0.00,0.00,0.00,0.00,0.00,0.00,0.00
184.881653,-61.642491,-219.756771,177.862549,-83.435835,-227.96036,103.982353,-67.850343,-273.25771,127.364876,0.00,0.00,0.00,0.00,0.00,0.00,0.00,0.00,0.00,0.00,0.00,0.00
185.006531,-60.706413,-219.301757,177.528961,-80.005401,-231.329995,105.085823,-55.507689,-267.138446,123.297813,0.00,0.00,0.00,0.00,0.00,0.00,0.00,0.00,0.00,0.00,0.00,0.00
185.133217,-58.583222,-218.467385,176.861069,-73.561261,-235.288482,106.012558,-41.953377,-259.457492,119.6455,0.00,0.00,0.00,0.00,0.00,0.00,0.00,0.00,0.00,0.00,0.00,0.00
185.258643,-55.880357,-217.243704,176.703781,-66.068664,-237.530861,105.829788,-28.429606,-251.060281,118.132637,0.00,0.00,0.00,0.00,0.00,0.00,0.00,0.00,0.00,0.00,0.00,0.00
185.384072,-52.809033,-215.708659,176.813995,-59.93644,-238.046585,105.69413,-16.624768,-242.845644,118.025414,0.00,0.00,0.00,0.00,0.00,0.00,0.00,0.00,0.00,0.00,0.00,0.00
185.50923,-48.639313,-214.796588,176.628876,-53.770125,-238.860011,105.968628,-7.103403,-234.896233,117.68383,0.00,0.00,0.00,0.00,0.00,0.00,0.00,0.00,0.00,0.00,0.00,0.00
185.634703,-43.0329,-214.575871,176.254105,-46.722513,-240.410852,106.038048,0.058951,-229.287398,117.547318,0.00,0.00,0.00,0.00,0.00,0.00,0.00,0.00,0.00,0.00,0.00,0.00
185.760074,-36.775899,-215.269481,175.81723,-38.845801,-241.73472,105.867134,6.533217,-225.050475,117.729828,0.00,0.00,0.00,0.00,0.00,0.00,0.00,0.00,0.00,0.00,0.00,0.00
185.885398,-30.56868,-217.070346,176.05014,-30.962039,-241.711161,105.849838,13.049699,-220.263343,117.930099,0.00,0.00,0.00,0.00,0.00,0.00,0.00,0.00,0.00,0.00,0.00,0.00
186.010738,-23.378655,-219.275451,175.502182,-22.434985,-242.620324,104.275726,19.648673,-216.736931,117.126465,0.00,0.00,0.00,0.00,0.00,0.00,0.00,0.00,0.00,0.00,0.00,0.00
186.135973,-15.223902,-221.930559,174.292114,-12.700184,-245.01234,103.505135,26.537922,-214.068454,115.941032,0.00,0.00,0.00,0.00,0.00,0.00,0.00,0.00,0.00,0.00,0.00,0.00
186.261168,-6.965238,-224.790175,173.968124,-1.387347,-247.345742,103.532219,32.205002,-210.84886,114.768791,0.00,0.00,0.00,0.00,0.00,0.00,0.00,0.00,0.00,0.00,0.00,0.00
186.386831,0.926972,-227.016852,175.31163,11.417236,-247.632118,105.940338,36.017129,-206.447472,114.440193,0.00,0.00,0.00,0.00,0.00,0.00,0.00,0.00,0.00,0.00,0.00,0.00
186.511717,9.608408,-228.040168,175.26886,24.077969,-245.683438,107.178429,39.384497,-202.979074,114.839386,0.00,0.00,0.00,0.00,0.00,0.00,0.00,0.00,0.00,0.00,0.00,0.00
186.637239,18.646601,-227.6008,174.796936,35.357226,-241.845804,108.442284,46.773947,-200.458735,115.900696,0.00,0.00,0.00,0.00,0.00,0.00,0.00,0.00,0.00,0.00,0.00,0.00
186.762449,28.147376,-225.690235,173.658539,44.520325,-237.569411,108.240784,57.475941,-198.427783,115.670204,0.00,0.00,0.00,0.00,0.00,0.00,0.00,0.00,0.00,0.00,0.00,0.00
186.887347,38.001233,-222.464939,174.8013,51.691135,-236.112692,109.221039,68.549329,-197.839384,115.693962,0.00,0.00,0.00,0.00,0.00,0.00,0.00,0.00,0.00,0.00,0.00,0.00
187.013482,47.38114,-219.95624,175.651794,57.872987,-237.744043,110.855293,79.699024,-198.171732,116.12648,0.00,0.00,0.00,0.00,0.00,0.00,0.00,0.00,0.00,0.00,0.00,0.00
187.138723,56.431456,-218.305418,175.907608,64.496695,-240.041545,110.583649,90.105244,-198.730082,116.240929,0.00,0.00,0.00,0.00,0.00,0.00,0.00,0.00,0.00,0.00,0.00,0.00
187.250621,64.656654,-217.153998,175.239471,71.605618,-241.393315,109.302505,99.089145,-198.238868,115.727325,0.00,0.00,0.00,0.00,0.00,0.00,0.00,0.00,0.00,0.00,0.00,0.00
187.3762,73.870615,-217.167735,174.019836,82.402368,-241.376697,107.467636,107.833883,-196.667538,114.736809,0.00,0.00,0.00,0.00,0.00,0.00,0.00,0.00,0.00,0.00,0.00,0.00
187.501383,82.059072,-217.604906,175.631424,95.226001,-238.332168,108.538834,115.195831,-194.867933,114.584038,0.00,0.00,0.00,0.00,0.00,0.00,0.00,0.00,0.00,0.00,0.00,0.00
187.626848,89.569546,-216.937872,177.134659,107.483393,-232.820883,110.308441,120.677088,-191.8778,116.633667,0.00,0.00,0.00,0.00,0.00,0.00,0.00,0.00,0.00,0.00,0.00,0.00
187.752125,96.62943,-214.632608,177.74707,117.824996,-226.295816,111.853264,125.823336,-187.226609,117.697159,0.00,0.00,0.00,0.00,0.00,0.00,0.00,0.00,0.00,0.00,0.00,0.00
187.877276,103.829218,-210.72231,177.5896,126.137679,-219.766641,111.890343,133.500668,-180.047941,117.261017,0.00,0.00,0.00,0.00,0.00,0.00,0.00,0.00,0.00,0.00,0.00,0.00
188.002788,110.548768,-205.207112,177.162674,132.255517,-214.362825,110.098076,143.03229,-172.994068,118.152664,0.00,0.00,0.00,0.00,0.00,0.00,0.00,0.00,0.00,0.00,0.00,0.00
188.128784,116.30318,-198.779092,178.395218,136.573962,-209.764897,109.172691,153.097501,-167.68023,120.044983,0.00,0.00,0.00,0.00,0.00,0.00,0.00,0.00,0.00,0.00,0.00,0.00
188.254657,121.59116,-193.422155,179.377655,139.896994,-205.976518,109.543381,163.531635,-163.379795,123.618172,0.00,0.00,0.00,0.00,0.00,0.00,0.00,0.00,0.00,0.00,0.00,0.00
188.380538,126.443649,-189.487101,179.842896,143.893028,-203.20143,109.320679,173.779599,-160.094514,127.196861,0.00,0.00,0.00,0.00,0.00,0.00,0.00,0.00,0.00,0.00,0.00,0.00
188.506222,131.075089,-186.252972,179.624924,149.067145,-200.867036,108.331474,183.371351,-157.084858,129.584503,0.00,0.00,0.00,0.00,0.00,0.00,0.00,0.00,0.00,0.00,0.00,0.00
188.631522,135.139087,-183.855589,179.085693,154.826337,-198.249505,107.453415,191.5145,-154.529104,130.629883,0.00,0.00,0.00,0.00,0.00,0.00,0.00,0.00,0.00,0.00,0.00,0.00
188.757313,138.196003,-182.133706,179.717651,160.407846,-194.974945,107.774902,197.55183,-152.605252,131.066971,0.00,0.00,0.00,0.00,0.00,0.00,0.00,0.00,0.00,0.00,0.00,0.00
188.882672,140.9474,-180.023638,180.172379,164.823008,-191.47088,108.709351,201.647454,-150.782702,130.719955,0.00,0.00,0.00,0.00,0.00,0.00,0.00,0.00,0.00,0.00,0.00,0.00
189.007599,143.156075,-177.321707,180.70369,166.836027,-188.111534,110.704185,204.151903,-150.244446,130.656601,0.00,0.00,0.00,0.00,0.00,0.00,0.00,0.00,0.00,0.00,0.00,0.00
189.133031,144.571819,-174.19045,180.792053,167.219106,-185.100075,110.116341,204.788526,-148.026771,129.54628,0.00,0.00,0.00,0.00,0.00,0.00,0.00,0.00,0.00,0.00,0.00,0.00
189.25835,145.286862,-171.029744,181.036469,165.714565,-182.201442,109.845261,204.556282,-148.230054,129.615234,0.00,0.00,0.00,0.00,0.00,0.00,0.00,0.00,0.00,0.00,0.00,0.00
189.383869,145.522703,-168.518141,181.299118,163.574555,-179.44673,109.598862,202.949537,-149.675555,130.058807,0.00,0.00,0.00,0.00,0.00,0.00,0.00,0.00,0.00,0.00,0.00,0.00
189.509081,145.400782,-167.199534,180.359909,159.779738,-178.039688,108.929512,200.541963,-156.475265,130.019775,0.00,0.00,0.00,0.00,0.00,0.00,0.00,0.00,0.00,0.00,0.00,0.00
189.634293,144.144181,-167.61698,180.524521,156.284289,-179.005943,109.429291,197.582697,-167.761219,129.427887,0.00,0.00,0.00,0.00,0.00,0.00,0.00,0.00,0.00,0.00,0.00,0.00
189.759543,141.586476,-169.824562,180.455338,151.87543,-182.037529,110.053085,191.142043,-182.048165,129.787949,0.00,0.00,0.00,0.00,0.00,0.00,0.00,0.00,0.00,0.00,0.00,0.00
189.885241,139.219025,-172.634611,180.13475,146.390046,-185.976315,110.03447,181.820955,-196.099704,129.089233,0.00,0.00,0.00,0.00,0.00,0.00,0.00,0.00,0.00,0.00,0.00,0.00
190.010667,135.89654,-175.864922,179.767532,139.978091,-189.524452,110.030678,170.333033,-208.41702,127.369545,0.00,0.00,0.00,0.00,0.00,0.00,0.00,0.00,0.00,0.00,0.00,0.00
190.135748,131.822492,-180.170364,179.193588,131.835307,-192.326334,109.823547,157.003442,-217.565704,126.330101,0.00,0.00,0.00,0.00,0.00,0.00,0.00,0.00,0.00,0.00,0.00,0.00
190.260691,126.473182,-185.07092,178.530121,122.756944,-194.715673,108.656441,142.986338,-224.535823,124.631905,0.00,0.00,0.00,0.00,0.00,0.00,0.00,0.00,0.00,0.00,0.00,0.00
190.386028,120.387493,-190.135991,178.496262,114.807487,-198.647582,108.89299,130.273324,-229.989619,123.055061,0.00,0.00,0.00,0.00,0.00,0.00,0.00,0.00,0.00,0.00,0.00,0.00
190.511457,114.605192,-194.831225,178.724091,107.542928,-204.789246,109.862885,118.480273,-234.819832,122.457436,0.00,0.00,0.00,0.00,0.00,0.00,0.00,0.00,0.00,0.00,0.00,0.00
190.636506,108.963278,-199.570659,178.984787,101.16149,-210.707022,111.528137,107.02364,-239.37645,122.001144,0.00,0.00,0.00,0.00,0.00,0.00,0.00,0.00,0.00,0.00,0.00,0.00
190.761528,103.753675,-204.978084,178.411636,95.245637,-215.303474,111.536827,95.659598,-243.441691,120.699821,0.00,0.00,0.00,0.00,0.00,0.00,0.00,0.00,0.00,0.00,0.00,0.00
190.887391,99.125314,-211.136485,177.656372,89.771102,-217.93197,109.755096,84.598194,-247.19336,119.738708,0.00,0.00,0.00,0.00,0.00,0.00,0.00,0.00,0.00,0.00,0.00,0.00
191.0122,94.315629,-217.637697,176.775223,84.762739,-219.937504,105.479301,73.804667,-251.282107,119.397804,0.00,0.00,0.00,0.00,0.00,0.00,0.00,0.00,0.00,0.00,0.00,0.00
191.137549,89.000131,-223.439534,177.575592,80.138785,-223.024187,105.436646,62.561792,-254.19874,119.55545,0.00,0.00,0.00,0.00,0.00,0.00,0.00,0.00,0.00,0.00,0.00,0.00
191.262533,82.130443,-228.029394,177.677292,75.092659,-226.725213,106.035866,50.627301,-255.269116,120.383049,0.00,0.00,0.00,0.00,0.00,0.00,0.00,0.00,0.00,0.00,0.00,0.00
191.387836,75.229474,-231.206107,177.297775,69.364122,-229.69043,106.327095,38.76207,-254.48164,123.280785,0.00,0.00,0.00,0.00,0.00,0.00,0.00,0.00,0.00,0.00,0.00,0.00
191.513151,67.758167,-233.376415,176.98967,61.191899,-229.901766,107.379341,28.383847,-254.647306,125.273987,0.00,0.00,0.00,0.00,0.00,0.00,0.00,0.00,0.00,0.00,0.00,0.00
191.63882,59.812698,-234.75205,175.801514,51.485565,-230.335736,106.52375,18.695764,-256.239924,126.681282,0.00,0.00,0.00,0.00,0.00,0.00,0.00,0.00,0.00,0.00,0.00,0.00
191.763988,51.841548,-235.249883,175.585861,39.808049,-230.738391,106.486687,10.045605,-258.735662,128.238617,0.00,0.00,0.00,0.00,0.00,0.00,0.00,0.00,0.00,0.00,0.00,0.00
191.875505,44.670624,-234.98531,175.935013,30.900774,-231.406919,108.523819,3.822657,-261.361969,130.067184,0.00,0.00,0.00,0.00,0.00,0.00,0.00,0.00,0.00,0.00,0.00,0.00
192.001281,37.701275,-234.873963,175.945404,23.745058,-232.892738,111.238029,-2.08643,-265.736182,130.78949,0.00,0.00,0.00,0.00,0.00,0.00,0.00,0.00,0.00,0.00,0.00,0.00
192.126289,32.87547,-235.2269,175.984039,19.675387,-234.337828,112.317238,-7.531884,-270.644109,130.224304,0.00,0.00,0.00,0.00,0.00,0.00,0.00,0.00,0.00,0.00,0.00,0.00
192.251695,29.533807,-236.486033,175.874512,18.350212,-235.245239,111.972252,-10.503611,-274.406014,130.157074,0.00,0.00,0.00,0.00,0.00,0.00,0.00,0.00,0.00,0.00,0.00,0.00
192.376158,26.940359,-238.081339,176.087219,18.052615,-235.783606,110.614418,-10.894597,-276.468445,129.267426,0.00,0.00,0.00,0.00,0.00,0.00,0.00,0.00,0.00,0.00,0.00,0.00
192.501542,24.576806,-239.745368,175.704315,18.089241,-236.688954,109.519318,-10.438664,-276.811642,128.310562,0.00,0.00,0.00,0.00,0.00,0.00,0.00,0.00,0.00,0.00,0.00,0.00
192.626275,22.898557,-240.693531,175.178253,18.084022,-237.500908,109.080086,-11.173419,-274.966043,127.476593,0.00,0.00,0.00,0.00,0.00,0.00,0.00,0.00,0.00,0.00,0.00,0.00 
192.751318,23.220143,-239.100197,173.869629,19.186974,-237.674447,108.716515,-13.030596,-266.707401,122.72155,0.00,0.00,0.00,0.00,0.00,0.00,0.00,0.00,0.00,0.00,0.00,0.00
192.875952,27.20456,-236.532303,173.168106,24.056474,-236.270221,108.307014,-13.025976,-254.624256,116.84861,0.00,0.00,0.00,0.00,0.00,0.00,0.00,0.00,0.00,0.00,0.00,0.00
193.000953,32.243631,-234.802945,173.590225,31.634087,-233.99739,108.22213,-7.286835,-238.746319,113.032387,0.00,0.00,0.00,0.00,0.00,0.00,0.00,0.00,0.00,0.00,0.00,0.00
193.125626,38.11829,-234.096854,174.364563,40.543199,-232.719261,108.493362,2.518992,-224.064133,112.732841,0.00,0.00,0.00,0.00,0.00,0.00,0.00,0.00,0.00,0.00,0.00,0.00
193.250834,44.435578,-233.683518,174.641708,49.206554,-231.695283,107.84993,13.9354,-214.229986,111.23114,0.00,0.00,0.00,0.00,0.00,0.00,0.00,0.00,0.00,0.00,0.00,0.00
193.375871,51.619604,-233.15748,174.510818,56.284746,-231.221751,107.737968,28.638525,-208.234946,111.201645,0.00,0.00,0.00,0.00,0.00,0.00,0.00,0.00,0.00,0.00,0.00,0.00
193.501627,60.659437,-231.861759,174.298813,65.503811,-230.527782,107.59137,44.314557,-205.055191,111.238274,0.00,0.00,0.00,0.00,0.00,0.00,0.00,0.00,0.00,0.00,0.00,0.00
193.627138,70.165754,-229.557029,174.212463,77.156572,-229.318817,106.726837,58.947475,-203.147557,110.19809,0.00,0.00,0.00,0.00,0.00,0.00,0.00,0.00,0.00,0.00,0.00,0.00
193.75275,79.151348,-226.796636,174.528152,87.60258,-227.864984,107.738602,70.970949,-201.122753,109.789566,0.00,0.00,0.00,0.00,0.00,0.00,0.00,0.00,0.00,0.00,0.00,0.00
193.877946,85.545001,-223.746612,175.371384,95.608776,-225.459858,109.339882,79.955454,-198.248603,110.385117,0.00,0.00,0.00,0.00,0.00,0.00,0.00,0.00,0.00,0.00,0.00,0.00
194.00307,89.661868,-219.883431,175.526627,100.483273,-221.74956,109.530281,85.021343,-194.308457,111.966835,0.00,0.00,0.00,0.00,0.00,0.00,0.00,0.00,0.00,0.00,0.00,0.00
194.128412,93.09414,-214.813623,175.416534,102.931377,-216.06605,109.009262,88.103679,-188.996648,113.228348,0.00,0.00,0.00,0.00,0.00,0.00,0.00,0.00,0.00,0.00,0.00,0.00
194.254142,95.718296,-207.968517,174.937515,104.607807,-208.998755,109.226646,90.927628,-182.659357,112.625488,0.00,0.00,0.00,0.00,0.00,0.00,0.00,0.00,0.00,0.00,0.00,0.00
194.379143,97.994958,-199.160066,174.085205,107.502987,-200.825987,108.097946,94.712065,-174.356128,110.339905,0.00,0.00,0.00,0.00,0.00,0.00,0.00,0.00,0.00,0.00,0.00,0.00
194.504854,99.532298,-188.870299,173.769836,111.385975,-190.535909,105.983223,98.252876,-164.110933,109.702774,0.00,0.00,0.00,0.00,0.00,0.00,0.00,0.00,0.00,0.00,0.00,0.00 
194.630411,100.82878,-177.919975,175.586624,114.863583,-178.496574,105.623222,102.215716,-153.810327,111.480865,0.00,0.00,0.00,0.00,0.00,0.00,0.00,0.00,0.00,0.00,0.00,0.00
194.756048,103.00815,-167.476633,177.290924,116.802139,-166.801096,108.626411,106.026904,-143.365791,114.151726,0.00,0.00,0.00,0.00,0.00,0.00,0.00,0.00,0.00,0.00,0.00,0.00
194.881396,106.039188,-157.24737,177.323364,119.871244,-156.522271,108.400406,110.610009,-132.875011,114.881729,0.00,0.00,0.00,0.00,0.00,0.00,0.00,0.00,0.00,0.00,0.00,0.00
195.007482,109.423055,-146.796949,176.447327,124.420297,-146.092151,106.600723,114.888718,-122.322997,114.374069,0.00,0.00,0.00,0.00,0.00,0.00,0.00,0.00,0.00,0.00,0.00,0.00
195.133151,113.302669,-136.46611,175.6147,129.68912,-135.102915,105.254219,118.685964,-111.260478,112.688736,0.00,0.00,0.00,0.00,0.00,0.00,0.00,0.00,0.00,0.00,0.00,0.00
195.258289,117.2257,-126.080791,176.660675,134.099542,-122.208747,105.916237,121.430939,-100.762899,111.311531,0.00,0.00,0.00,0.00,0.00,0.00,0.00,0.00,0.00,0.00,0.00,0.00
195.383984,120.375626,-115.081408,177.907379,136.387523,-108.712663,108.370377,123.041258,-91.264564,112.125145,0.00,0.00,0.00,0.00,0.00,0.00,0.00,0.00,0.00,0.00,0.00,0.00 
195.508887,122.666407,-104.072717,177.84198,137.525392,-96.663337,110.284683,124.185457,-81.240897,112.245499,0.00,0.00,0.00,0.00,0.00,0.00,0.00,0.00,0.00,0.00,0.00,0.00
195.634608,124.761721,-93.182595,176.866287,139.250033,-86.321336,108.881149,127.227747,-70.087126,110.932068,0.00,0.00,0.00,0.00,0.00,0.00,0.00,0.00,0.00,0.00,0.00,0.00
195.760053,126.188067,-82.399692,175.788116,141.216074,-76.986469,106.339027,132.29934,-58.771176,110.592018,0.00,0.00,0.00,0.00,0.00,0.00,0.00,0.00,0.00,0.00,0.00,0.00 
195.885363,127.456135,-72.237276,177.164536,142.465968,-69.372035,106.903664,139.376422,-47.28114,111.98851,0.00,0.00,0.00,0.00,0.00,0.00,0.00,0.00,0.00,0.00,0.00,0.00
196.010786,129.700099,-64.439357,178.400238,144.209526,-64.330833,108.088234,148.533775,-37.173953,113.563965,0.00,0.00,0.00,0.00,0.00,0.00,0.00,0.00,0.00,0.00,0.00,0.00
196.13659,132.199593,-59.23349,179.210159,146.453803,-61.642774,108.508575,159.161849,-29.651415,116.448174,0.00,0.00,0.00,0.00,0.00,0.00,0.00,0.00,0.00,0.00,0.00,0.00
196.262095,134.548803,-54.985401,178.702713,149.247841,-59.072713,107.232452,169.311873,-23.936765,119.160477,0.00,0.00,0.00,0.00,0.00,0.00,0.00,0.00,0.00,0.00,0.00,0.00
196.387614,137.132541,-51.409805,178.594284,152.948965,-55.727274,107.023979,177.556755,-19.627379,121.070862,0.00,0.00,0.00,0.00,0.00,0.00,0.00,0.00,0.00,0.00,0.00,0.00
196.512929,139.450629,-48.399947,178.575302,156.65665,-52.632461,108.363701,185.085441,-15.584399,123.195061,0.00,0.00,0.00,0.00,0.00,0.00,0.00,0.00,0.00,0.00,0.00,0.00
196.638636,141.143403,-45.180161,179.076675,158.519908,-50.215543,110.295502,191.354096,-11.512336,124.771454,0.00,0.00,0.00,0.00,0.00,0.00,0.00,0.00,0.00,0.00,0.00,0.00
196.763878,141.921837,-41.215749,179.129654,157.820468,-48.940713,111.266663,197.246362,-8.384124,124.783966,0.00,0.00,0.00,0.00,0.00,0.00,0.00,0.00,0.00,0.00,0.00,0.00
196.889344,142.471202,-37.546016,179.249619,153.651244,-48.2996,110.082031,200.895416,-5.310427,123.769188,0.00,0.00,0.00,0.00,0.00,0.00,0.00,0.00,0.00,0.00,0.00,0.00
197.014193,141.768759,-35.169869,179.004715,145.85146,-46.195438,108.369446,201.89907,-2.608226,124.16449,0.00,0.00,0.00,0.00,0.00,0.00,0.00,0.00,0.00,0.00,0.00,0.00
197.138439,138.531012,-34.569734,178.973175,138.603878,-42.673353,106.393051,202.918143,-1.049732,123.932098,0.00,0.00,0.00,0.00,0.00,0.00,0.00,0.00,0.00,0.00,0.00,0.00
197.26318,132.24103,-34.727356,178.668289,132.494822,-40.4535,106.604897,204.381964,-0.276763,123.483727,0.00,0.00,0.00,0.00,0.00,0.00,0.00,0.00,0.00,0.00,0.00,0.00
197.388028,126.102419,-35.018546,178.555862,127.777204,-40.433239,106.083336,202.050296,-2.975726,122.085861,0.00,0.00,0.00,0.00,0.00,0.00,0.00,0.00,0.00,0.00,0.00,0.00
197.513705,119.205661,-35.864443,178.311752,123.679605,-42.659971,105.783104,194.826375,-13.847439,116.267189,0.00,0.00,0.00,0.00,0.00,0.00,0.00,0.00,0.00,0.00,0.00,0.00
197.625757,112.533794,-37.038599,177.932007,118.830518,-46.282607,106.162575,186.062364,-25.200293,110.772346,0.00,0.00,0.00,0.00,0.00,0.00,0.00,0.00,0.00,0.00,0.00,0.00
197.751114,104.983909,-38.44131,178.010269,111.157996,-50.54382,107.856873,177.647488,-38.494632,107.261169,0.00,0.00,0.00,0.00,0.00,0.00,0.00,0.00,0.00,0.00,0.00,0.00
197.876379,98.932972,-40.101303,177.740997,102.159001,-54.053123,107.553139,170.395116,-52.28758,107.999718,0.00,0.00,0.00,0.00,0.00,0.00,0.00,0.00,0.00,0.00,0.00,0.00
198.001812,94.459433,-41.769564,177.806351,93.594833,-55.03572,106.983444,162.362947,-64.686638,109.814095,0.00,0.00,0.00,0.00,0.00,0.00,0.00,0.00,0.00,0.00,0.00,0.00
198.126888,90.644418,-42.906469,177.628998,86.493023,-53.296547,104.926369,153.386254,-77.027748,110.996864,0.00,0.00,0.00,0.00,0.00,0.00,0.00,0.00,0.00,0.00,0.00,0.00
198.252304,87.988123,-43.992685,177.522156,81.760592,-49.591005,103.606865,140.168792,-89.449215,110.794159,0.00,0.00,0.00,0.00,0.00,0.00,0.00,0.00,0.00,0.00,0.00,0.00
198.377986,86.10558,-45.790032,178.108902,78.843392,-45.47155,103.481689,122.023731,-99.103754,107.998611,0.00,0.00,0.00,0.00,0.00,0.00,0.00,0.00,0.00,0.00,0.00,0.00
198.50296,83.015916,-48.263982,177.66214,76.933676,-40.606477,103.142929,114.257218,-103.330384,107.049141,0.00,0.00,0.00,0.00,0.00,0.00,0.00,0.00,0.00,0.00,0.00,0.00
198.628117,77.863421,-49.593153,176.740311,74.907444,-36.474278,101.718567,66.010145,-105.547195,108.27681,0.00,0.00,0.00,0.00,0.00,0.00,0.00,0.00,0.00,0.00,0.00,0.00
198.753508,71.9216,-49.50161,175.966675,69.929413,-34.151174,100.482071,48.518068,-97.847794,107.406464,0.00,0.00,0.00,0.00,0.00,0.00,0.00,0.00,0.00,0.00,0.00,0.00 
198.878876,64.402777,-48.137891,175.133102,58.911361,-33.71977,100.807312,37.560356,-89.769246,104.496513,0.00,0.00,0.00,0.00,0.00,0.00,0.00,0.00,0.00,0.00,0.00,0.00
199.004269,55.526851,-46.226012,176.050812,45.392153,-34.810024,103.974426,32.175917,-84.299359,101.560547,0.00,0.00,0.00,0.00,0.00,0.00,0.00,0.00,0.00,0.00,0.00,0.00 
199.129669,46.556395,-44.911126,177.23291,34.0192,-37.137733,108.005188,30.009039,-82.057284,100.092331,0.00,0.00,0.00,0.00,0.00,0.00,0.00,0.00,0.00,0.00,0.00,0.00
199.254993,37.467322,-44.700103,177.154175,24.787512,-40.031746,108.997978,28.847759,-82.981629,98.996033,0.00,0.00,0.00,0.00,0.00,0.00,0.00,0.00,0.00,0.00,0.00,0.00
199.380096,28.47928,-46.208146,176.341003,17.147423,-42.680178,108.229996,24.871021,-85.443374,99.323402,0.00,0.00,0.00,0.00,0.00,0.00,0.00,0.00,0.00,0.00,0.00,0.00
199.505731,19.299921,-49.359557,175.170547,9.541577,-44.856122,105.927673,16.384743,-88.57755,99.790451,0.00,0.00,0.00,0.00,0.00,0.00,0.00,0.00,0.00,0.00,0.00,0.00
199.631123,10.637067,-53.487886,174.645615,1.07929,-46.506331,103.784393,3.369195,-91.549103,99.541954,0.00,0.00,0.00,0.00,0.00,0.00,0.00,0.00,0.00,0.00,0.00,0.00
199.756528,2.255737,-57.898489,176.306076,-7.426257,-48.174236,103.06958,-13.362718,-93.411505,101.08963,0.00,0.00,0.00,0.00,0.00,0.00,0.00,0.00,0.00,0.00,0.00,0.00
199.881847,-6.107297,-61.629868,177.721436,-15.125504,-50.418215,104.831406,-30.9004,-92.181339,105.078598,0.00,0.00,0.00,0.00,0.00,0.00,0.00,0.00,0.00,0.00,0.00,0.00
200.007238,-14.030515,-64.215508,178.502731,-22.435519,-52.437285,106.047012,-46.30862,-88.839155,108.910477,0.00,0.00,0.00,0.00,0.00,0.00,0.00,0.00,0.00,0.00,0.00,0.00
200.132678,-22.070079,-66.223517,178.303421,-29.991242,-54.648578,104.910156,-59.261596,-85.614781,111.692192,0.00,0.00,0.00,0.00,0.00,0.00,0.00,0.00,0.00,0.00,0.00,0.00
200.257997,-30.349622,-67.50659,177.119293,-38.349242,-56.581479,103.394127,-70.059869,-83.298676,112.2967,0.00,0.00,0.00,0.00,0.00,0.00,0.00,0.00,0.00,0.00,0.00,0.00
200.383232,-38.247134,-68.018179,177.243881,-47.675093,-57.553771,103.961388,-79.311319,-82.118797,111.357201,0.00,0.00,0.00,0.00,0.00,0.00,0.00,0.00,0.00,0.00,0.00,0.00
200.508656,-45.880789,-68.681427,177.917938,-55.984509,-57.911083,105.426857,-88.212989,-81.408116,112.359642,0.00,0.00,0.00,0.00,0.00,0.00,0.00,0.00,0.00,0.00,0.00,0.00
200.634465,-53.049826,-70.439947,178.688095,-61.390115,-58.361329,107.782661,-98.149996,-81.433947,115.202454,0.00,0.00,0.00,0.00,0.00,0.00,0.00,0.00,0.00,0.00,0.00,0.00
200.759096,-59.825357,-73.061982,178.207916,-64.549026,-58.423228,107.700516,-111.219386,-81.40639,118.892647,0.00,0.00,0.00,0.00,0.00,0.00,0.00,0.00,0.00,0.00,0.00,0.00
200.884607,-66.294612,-76.28602,178.094177,-65.400519,-59.510108,106.617439,-124.258519,-80.80119,122.671234,0.00,0.00,0.00,0.00,0.00,0.00,0.00,0.00,0.00,0.00,0.00,0.00
201.009743,-72.718826,-78.868351,177.865524,-65.110731,-62.310624,105.280647,-134.511368,-79.93588,125.381279,0.00,0.00,0.00,0.00,0.00,0.00,0.00,0.00,0.00,0.00,0.00,0.00
201.135057,-77.962261,-80.457471,177.185867,-64.899744,-65.678662,104.287376,-141.477991,-78.608339,126.110031,0.00,0.00,0.00,0.00,0.00,0.00,0.00,0.00,0.00,0.00,0.00,0.00
201.260001,-81.353846,-81.155022,176.775452,-65.161562,-68.196928,103.993317,-146.183575,-77.696161,126.031876,0.00,0.00,0.00,0.00,0.00,0.00,0.00,0.00,0.00,0.00,0.00,0.00
201.385682,-83.101327,-81.074813,176.835114,-65.854292,-69.362513,104.027107,-147.748392,-77.288345,126.27314,0.00,0.00,0.00,0.00,0.00,0.00,0.00,0.00,0.00,0.00,0.00,0.00
201.508142,-83.504,-80.616891,176.800949,-66.341039,-69.609333,104.131912,-148.892015,-77.423672,125.855652,0.00,0.00,0.00,0.00,0.00,0.00,0.00,0.00,0.00,0.00,0.00,0.00
201.634067,-82.494853,-80.002343,177.216293,-66.039463,-69.628646,104.038467,-148.463452,-77.466396,125.508842,0.00,0.00,0.00,0.00,0.00,0.00,0.00,0.00,0.00,0.00,0.00,0.00
201.759405,-80.900797,-79.681927,177.646561,-65.281201,-69.410964,103.842331,-147.399945,-78.118124,125.760994,0.00,0.00,0.00,0.00,0.00,0.00,0.00,0.00,0.00,0.00,0.00,0.00
201.885096,-79.369785,-79.504244,177.887756,-64.87197,-68.569566,103.278419,-144.764677,-80.641445,125.758957,0.00,0.00,0.00,0.00,0.00,0.00,0.00,0.00,0.00,0.00,0.00,0.00 
202.010682,-77.157063,-79.431026,178.124054,-65.099777,-66.927228,103.029373,-141.303941,-86.157141,126.341187,0.00,0.00,0.00,0.00,0.00,0.00,0.00,0.00,0.00,0.00,0.00,0.00
202.136923,-74.227645,-79.409838,177.795837,-65.886692,-64.752945,102.296806,-135.208197,-94.760092,126.612785,0.00,0.00,0.00,0.00,0.00,0.00,0.00,0.00,0.00,0.00,0.00,0.00
202.260148,-70.473536,-79.619168,177.740341,-67.114898,-62.358324,102.513191,-126.556847,-104.32911,126.628601,0.00,0.00,0.00,0.00,0.00,0.00,0.00,0.00,0.00,0.00,0.00,0.00
202.386782,-66.216488,-79.705708,178.597076,-68.250201,-60.607133,103.98822,-116.604535,-114.305464,126.913239,0.00,0.00,0.00,0.00,0.00,0.00,0.00,0.00,0.00,0.00,0.00,0.00
202.51249,-62.585981,-80.771313,178.921555,-69.680742,-60.60694,103.875526,-105.138835,-124.445954,127.081093,0.00,0.00,0.00,0.00,0.00,0.00,0.00,0.00,0.00,0.00,0.00,0.00
202.637476,-58.576276,-83.289284,179.011215,-70.968464,-65.467362,104.446701,-92.115419,-133.898192,126.029778,0.00,0.00,0.00,0.00,0.00,0.00,0.00,0.00,0.00,0.00,0.00,0.00
202.762547,-54.425404,-87.415416,178.979843,-70.784816,-74.265896,104.836945,-79.185582,-143.170873,124.315224,0.00,0.00,0.00,0.00,0.00,0.00,0.00,0.00,0.00,0.00,0.00,0.00
202.888284,-50.306451,-93.265173,178.636322,-67.91085,-84.907594,105.150757,-65.929069,-152.140601,124.414169,0.00,0.00,0.00,0.00,0.00,0.00,0.00,0.00,0.00,0.00,0.00,0.00
203.013199,-46.361365,-100.45828,178.433807,-63.908399,-94.935194,104.157593,-54.746905,-160.78448,126.029816,0.00,0.00,0.00,0.00,0.00,0.00,0.00,0.00,0.00,0.00,0.00,0.00 
203.138977,-43.385661,-108.092779,178.136215,-60.290652,-104.198751,104.071739,-47.711616,-167.539227,127.511002,0.00,0.00,0.00,0.00,0.00,0.00,0.00,0.00,0.00,0.00,0.00,0.00
203.263764,-42.250733,-115.840152,177.777695,-58.681461,-112.40556,104.49736,-45.562878,-174.057634,127.549301,0.00,0.00,0.00,0.00,0.00,0.00,0.00,0.00,0.00,0.00,0.00,0.00
203.38927,-43.559195,-124.219444,176.963211,-60.055989,-121.228772,103.451141,-46.94722,-182.000469,127.086136,0.00,0.00,0.00,0.00,0.00,0.00,0.00,0.00,0.00,0.00,0.00,0.00
203.500756,-46.227792,-132.802898,176.317169,-63.093172,-131.044877,102.547417,-49.854468,-191.136064,126.655518,0.00,0.00,0.00,0.00,0.00,0.00,0.00,0.00,0.00,0.00,0.00,0.00
203.626055,-50.523643,-143.522872,176.719803,-67.046897,-143.780801,102.065636,-52.501229,-201.713043,126.427505,0.00,0.00,0.00,0.00,0.00,0.00,0.00,0.00,0.00,0.00,0.00,0.00
203.751633,-54.220086,-154.316993,177.810089,-69.667501,-157.116017,104.690063,-54.008385,-210.535475,126.44677,0.00,0.00,0.00,0.00,0.00,0.00,0.00,0.00,0.00,0.00,0.00,0.00
203.876611,-56.212758,-164.816241,178.417709,-71.193577,-169.728638,105.039742,-55.61615,-218.789685,124.787857,0.00,0.00,0.00,0.00,0.00,0.00,0.00,0.00,0.00,0.00,0.00,0.00
204.00241,-57.138861,-175.77613,177.730072,-72.217697,-181.570355,104.629959,-58.210448,-229.416391,122.848907,0.00,0.00,0.00,0.00,0.00,0.00,0.00,0.00,0.00,0.00,0.00,0.00
204.127561,-56.785274,-187.232866,175.520325,-72.769725,-192.866003,102.217522,-61.945958,-241.350919,121.567986,0.00,0.00,0.00,0.00,0.00,0.00,0.00,0.00,0.00,0.00,0.00,0.00
204.252772,-56.52286,-198.352688,176.345032,-72.868325,-203.036228,102.617264,-65.600239,-252.943952,122.358917,0.00,0.00,0.00,0.00,0.00,0.00,0.00,0.00,0.00,0.00,0.00,0.00
204.378149,-58.051141,-207.288427,177.686096,-74.215937,-211.544422,104.781471,-69.62468,-262.141971,122.690559,0.00,0.00,0.00,0.00,0.00,0.00,0.00,0.00,0.00,0.00,0.00,0.00
204.503623,-60.40821,-213.768647,178.456024,-77.055026,-220.902249,105.468765,-73.182024,-269.081205,125.497925,0.00,0.00,0.00,0.00,0.00,0.00,0.00,0.00,0.00,0.00,0.00,0.00
204.628918,-62.224092,-218.586984,177.263184,-79.844382,-230.887098,105.274628,-75.435196,-274.302379,128.18634,0.00,0.00,0.00,0.00,0.00,0.00,0.00,0.00,0.00,0.00,0.00,0.00
204.754229,-61.178143,-222.251999,177.6035,-79.778948,-238.769272,107.058975,-75.738133,-276.855845,128.610092,0.00,0.00,0.00,0.00,0.00,0.00,0.00,0.00,0.00,0.00,0.00,0.00
204.879075,-58.418761,-224.311198,177.525894,-76.33698,-243.950401,108.070221,-72.813927,-277.48285,129.847168,0.00,0.00,0.00,0.00,0.00,0.00,0.00,0.00,0.00,0.00,0.00,0.00
205.004079,-55.226256,-224.997616,176.913757,-71.399471,-246.389763,106.772903,-64.136992,-275.56241,130.288528,0.00,0.00,0.00,0.00,0.00,0.00,0.00,0.00,0.00,0.00,0.00,0.00 
205.129386,-51.84196,-224.527563,176.469635,-65.239704,-246.984829,104.825035,-47.901088,-276.177149,127.217606,0.00,0.00,0.00,0.00,0.00,0.00,0.00,0.00,0.00,0.00,0.00,0.00
205.254564,-48.030073,-223.975612,176.389023,-57.847862,-246.701363,103.46991,-26.755978,-270.01772,127.879654,0.00,0.00,0.00,0.00,0.00,0.00,0.00,0.00,0.00,0.00,0.00,0.00 
205.379603,-44.045012,-224.478399,176.202423,-49.756179,-246.586574,102.449379,-9.298963,-258.562217,129.848145,0.00,0.00,0.00,0.00,0.00,0.00,0.00,0.00,0.00,0.00,0.00,0.00
205.504228,-38.839046,-225.951001,176.151901,-41.828485,-246.625136,102.956985,2.092261,-247.032715,129.308853,0.00,0.00,0.00,0.00,0.00,0.00,0.00,0.00,0.00,0.00,0.00,0.00
205.62991,-31.992688,-227.875108,175.250122,-34.413904,-247.223033,102.84523,10.950971,-239.512497,126.630272,0.00,0.00,0.00,0.00,0.00,0.00,0.00,0.00,0.00,0.00,0.00,0.00
205.755914,-23.107534,-229.973568,174.091187,-26.521764,-249.82401,102.645065,19.880704,-235.593749,123.355415,0.00,0.00,0.00,0.00,0.00,0.00,0.00,0.00,0.00,0.00,0.00,0.00
205.880912,-14.147596,-231.788999,173.508957,-15.30431,-253.815794,102.149567,29.020431,-232.696973,120.375122,0.00,0.00,0.00,0.00,0.00,0.00,0.00,0.00,0.00,0.00,0.00,0.00
206.006095,-5.160518,-233.721552,174.403564,-1.459185,-255.668463,104.624939,36.831795,-228.876244,119.714645,0.00,0.00,0.00,0.00,0.00,0.00,0.00,0.00,0.00,0.00,0.00,0.00
206.131021,4.398919,-234.490552,174.660355,13.484395,-253.791103,106.320419,43.01344,-224.984968,119.236168,0.00,0.00,0.00,0.00,0.00,0.00,0.00,0.00,0.00,0.00,0.00,0.00
206.256182,14.62272,-233.823464,174.397873,27.500744,-249.992415,107.177185,51.400072,-220.536985,117.840889,0.00,0.00,0.00,0.00,0.00,0.00,0.00,0.00,0.00,0.00,0.00,0.00
206.381428,25.674813,-231.618252,173.113068,39.286521,-247.069919,106.345222,63.064972,-216.22178,116.810417,0.00,0.00,0.00,0.00,0.00,0.00,0.00,0.00,0.00,0.00,0.00,0.00
206.506525,36.738025,-228.074307,174.266296,49.702129,-246.749922,105.238914,75.456759,-212.800882,117.898956,0.00,0.00,0.00,0.00,0.00,0.00,0.00,0.00,0.00,0.00,0.00,0.00
206.632564,47.342599,-224.941677,175.771515,58.946566,-246.995461,106.320206,87.04128,-209.748536,120.024834,0.00,0.00,0.00,0.00,0.00,0.00,0.00,0.00,0.00,0.00,0.00,0.00
206.758084,57.876487,-222.811514,176.161331,68.486249,-246.767706,106.458046,97.84752,-206.669982,121.154228,0.00,0.00,0.00,0.00,0.00,0.00,0.00,0.00,0.00,0.00,0.00,0.00
206.883583,68.430307,-221.362432,175.373764,79.584819,-245.752679,104.898392,108.616551,-203.324813,121.125725,0.00,0.00,0.00,0.00,0.00,0.00,0.00,0.00,0.00,0.00,0.00,0.00
207.008897,78.49656,-220.53832,174.655579,93.025744,-243.270122,104.140297,118.447919,-199.617328,120.676788,0.00,0.00,0.00,0.00,0.00,0.00,0.00,0.00,0.00,0.00,0.00,0.00
207.134618,87.607364,-219.497113,176.003189,108.284368,-238.636285,105.930901,126.377629,-195.264447,121.517944,0.00,0.00,0.00,0.00,0.00,0.00,0.00,0.00,0.00,0.00,0.00,0.00 
207.259687,96.7783,-217.130575,177.394058,122.296698,-232.113557,107.999947,132.07422,-189.522061,123.025002,0.00,0.00,0.00,0.00,0.00,0.00,0.00,0.00,0.00,0.00,0.00,0.00
207.384824,106.227756,-213.037294,177.540894,133.02297,-224.745482,109.726868,139.138333,-182.939048,123.452736,0.00,0.00,0.00,0.00,0.00,0.00,0.00,0.00,0.00,0.00,0.00,0.00
207.510603,115.434548,-207.01129,176.493408,141.150298,-217.746219,108.040535,149.316399,-176.079577,122.98056,0.00,0.00,0.00,0.00,0.00,0.00,0.00,0.00,0.00,0.00,0.00,0.00
207.635756,123.631537,-199.651658,176.775055,146.679867,-212.253671,105.351494,161.140209,-170.101545,123.436401,0.00,0.00,0.00,0.00,0.00,0.00,0.00,0.00,0.00,0.00,0.00,0.00
207.761144,130.756355,-193.495895,178.525909,150.656804,-208.079544,107.436226,172.367765,-165.013863,125.758156,0.00,0.00,0.00,0.00,0.00,0.00,0.00,0.00,0.00,0.00,0.00,0.00
207.886751,136.797139,-189.540291,179.646606,155.698925,-205.831348,109.278465,183.818589,-160.354847,127.994553,0.00,0.00,0.00,0.00,0.00,0.00,0.00,0.00,0.00,0.00,0.00,0.00
208.012247,141.179199,-186.78698,179.546387,161.494091,-203.914337,109.654167,193.764152,-156.78548,129.866516,0.00,0.00,0.00,0.00,0.00,0.00,0.00,0.00,0.00,0.00,0.00,0.00
208.137675,144.192206,-184.808083,178.966934,167.735747,-201.780393,110.5047,200.588288,-153.697032,130.929062,0.00,0.00,0.00,0.00,0.00,0.00,0.00,0.00,0.00,0.00,0.00,0.00
208.26285,146.38332,-183.314506,179.424744,171.246724,-199.640803,112.646034,202.936497,-151.127967,129.461121,0.00,0.00,0.00,0.00,0.00,0.00,0.00,0.00,0.00,0.00,0.00,0.00
208.388354,147.833679,-182.455831,179.949997,171.547151,-197.494695,113.130989,202.809163,-150.809607,128.86763,0.00,0.00,0.00,0.00,0.00,0.00,0.00,0.00,0.00,0.00,0.00,0.00
208.51387,147.894246,-182.334212,179.383774,168.50641,-194.975809,111.010361,203.433225,-151.954405,127.90184,0.00,0.00,0.00,0.00,0.00,0.00,0.00,0.00,0.00,0.00,0.00,0.00
208.638831,145.261904,-182.02251,178.548218,161.430313,-192.032338,109.019936,202.036782,-162.842041,124.180176,0.00,0.00,0.00,0.00,0.00,0.00,0.00,0.00,0.00,0.00,0.00,0.00
208.763913,141.088922,-180.65807,178.050003,152.168166,-189.720746,107.480225,195.718281,-179.823952,120.444763,0.00,0.00,0.00,0.00,0.00,0.00,0.00,0.00,0.00,0.00,0.00,0.00
208.889161,137.343021,-178.751668,177.779694,142.399233,-189.265902,107.275894,183.432004,-197.269037,118.68924,0.00,0.00,0.00,0.00,0.00,0.00,0.00,0.00,0.00,0.00,0.00,0.00
209.000888,135.09938,-176.96504,178.323883,135.172656,-188.897918,106.332222,169.603831,-208.492865,117.567841,0.00,0.00,0.00,0.00,0.00,0.00,0.00,0.00,0.00,0.00,0.00,0.00
209.125927,131.905934,-176.409318,178.871368,127.548929,-187.848253,107.152245,153.299822,-215.785131,117.337822,0.00,0.00,0.00,0.00,0.00,0.00,0.00,0.00,0.00,0.00,0.00,0.00
209.251117,128.211887,-177.169475,179.264313,120.237708,-186.871973,107.00666,138.812057,-220.058707,116.397186,0.00,0.00,0.00,0.00,0.00,0.00,0.00,0.00,0.00,0.00,0.00,0.00
209.376101,123.297294,-179.749132,179.401184,113.379138,-186.660033,105.778931,126.485831,-223.015486,115.691818,0.00,0.00,0.00,0.00,0.00,0.00,0.00,0.00,0.00,0.00,0.00,0.00 
209.50174,117.048686,-184.325304,179.129333,107.104342,-188.600702,105.962944,117.136877,-225.630425,115.126038,0.00,0.00,0.00,0.00,0.00,0.00,0.00,0.00,0.00,0.00,0.00,0.00
209.627033,111.071303,-189.874821,178.165558,100.869563,-192.785215,105.41983,109.823247,-228.877196,115.125893,0.00,0.00,0.00,0.00,0.00,0.00,0.00,0.00,0.00,0.00,0.00,0.00
209.752249,105.711224,-196.353964,177.429886,94.983215,-198.640495,106.207726,103.224532,-234.541742,114.306213,0.00,0.00,0.00,0.00,0.00,0.00,0.00,0.00,0.00,0.00,0.00,0.00
209.877625,101.114417,-203.764699,176.189041,89.729016,-205.086191,105.875946,95.449257,-242.012978,113.869728,0.00,0.00,0.00,0.00,0.00,0.00,0.00,0.00,0.00,0.00,0.00,0.00
210.003399,97.219982,-211.835606,174.442215,85.366632,-212.224764,103.702568,85.641055,-249.025348,113.818489,0.00,0.00,0.00,0.00,0.00,0.00,0.00,0.00,0.00,0.00,0.00,0.00
210.12786,92.475682,-219.439387,175.823807,81.835201,-218.659683,105.381241,73.561603,-253.835244,114.880157,0.00,0.00,0.00,0.00,0.00,0.00,0.00,0.00,0.00,0.00,0.00,0.00
210.253263,86.848232,-224.66818,176.552887,78.702206,-221.739127,107.527817,60.430005,-255.282628,117.273972,0.00,0.00,0.00,0.00,0.00,0.00,0.00,0.00,0.00,0.00,0.00,0.00
210.377667,81.396294,-227.595944,176.425858,74.84438,-222.519037,106.68589,47.69713,-255.285009,119.434166,0.00,0.00,0.00,0.00,0.00,0.00,0.00,0.00,0.00,0.00,0.00,0.00
210.502854,75.099977,-229.020581,176.053909,69.255495,-222.504884,104.896057,35.183967,-255.800495,122.577202,0.00,0.00,0.00,0.00,0.00,0.00,0.00,0.00,0.00,0.00,0.00,0.00
210.628287,68.250191,-229.317026,175.691086,60.263853,-222.587189,104.152382,23.3455,-257.687846,126.466202,0.00,0.00,0.00,0.00,0.00,0.00,0.00,0.00,0.00,0.00,0.00,0.00
210.754332,61.269808,-228.944428,176.560837,50.004905,-222.630658,106.325569,12.380336,-261.958239,129.597107,0.00,0.00,0.00,0.00,0.00,0.00,0.00,0.00,0.00,0.00,0.00,0.00
210.880143,54.761202,-228.781273,177.344345,41.514286,-221.841103,108.212074,4.266433,-266.714476,132.374817,0.00,0.00,0.00,0.00,0.00,0.00,0.00,0.00,0.00,0.00,0.00,0.00
211.005533,48.901658,-229.510101,177.711578,35.83835,-220.92187,108.897186,-1.158104,-270.525113,133.098236,0.00,0.00,0.00,0.00,0.00,0.00,0.00,0.00,0.00,0.00,0.00,0.00
211.130472,43.663452,-231.065793,177.790909,32.575725,-220.607423,108.135818,-5.433214,-272.817808,131.455414,0.00,0.00,0.00,0.00,0.00,0.00,0.00,0.00,0.00,0.00,0.00,0.00
211.255499,39.310071,-233.610103,177.803528,30.339942,-221.401704,107.108841,-7.22461,-275.7693,131.037704,0.00,0.00,0.00,0.00,0.00,0.00,0.00,0.00,0.00,0.00,0.00,0.00
211.380543,35.955282,-236.509812,177.999832,27.382247,-223.464212,106.858765,-8.178131,-275.090875,130.689117,0.00,0.00,0.00,0.00,0.00,0.00,0.00,0.00,0.00,0.00,0.00,0.00
211.505887,33.088822,-238.221167,178.15181,24.117058,-226.163795,107.969498,-9.003387,-274.907107,130.353363,0.00,0.00,0.00,0.00,0.00,0.00,0.00,0.00,0.00,0.00,0.00,0.00
211.631428,31.265772,-237.004936,177.969879,22.301448,-228.344684,109.100052,-12.143063,-270.69821,129.515594,0.00,0.00,0.00,0.00,0.00,0.00,0.00,0.00,0.00,0.00,0.00,0.00
211.755974,32.514317,-236.312614,177.599548,24.303444,-229.677511,109.995674,-19.060564,-260.343186,130.250198,0.00,0.00,0.00,0.00,0.00,0.00,0.00,0.00,0.00,0.00,0.00,0.00
211.881243,33.090878,-236.428684,177.291504,29.141264,-229.716338,108.489204,-22.509615,-245.085783,130.768661,0.00,0.00,0.00,0.00,0.00,0.00,0.00,0.00,0.00,0.00,0.00,0.00 
212.006225,34.440849,-236.502969,176.618317,36.39052,-229.841648,106.456085,-19.013807,-226.329721,130.007004,0.00,0.00,0.00,0.00,0.00,0.00,0.00,0.00,0.00,0.00,0.00,0.00
212.131089,37.41185,-236.610802,176.764633,44.017185,-231.174687,105.493393,-8.50671,-210.129654,128.965469,0.00,0.00,0.00,0.00,0.00,0.00,0.00,0.00,0.00,0.00,0.00,0.00 
212.255568,40.979493,-237.073143,177.407028,50.059307,-233.205087,105.572876,3.624264,-200.043497,128.445847,0.00,0.00,0.00,0.00,0.00,0.00,0.00,0.00,0.00,0.00,0.00,0.00 
212.380982,43.971105,-237.139705,177.810287,53.934718,-234.286677,106.012024,13.693346,-194.457918,128.340973,0.00,0.00,0.00,0.00,0.00,0.00,0.00,0.00,0.00,0.00,0.00,0.00 
212.506253,46.440052,-236.589679,178.496857,56.243883,-233.767898,106.873833,20.068347,-191.435903,128.457855,0.00,0.00,0.00,0.00,0.00,0.00,0.00,0.00,0.00,0.00,0.00,0.00 
212.631684,48.5963,-235.482278,178.622925,58.284508,-232.721838,107.397881,25.049327,-189.721238,128.480087,0.00,0.00,0.00,0.00,0.00,0.00,0.00,0.00,0.00,0.00,0.00,0.00 
212.757528,51.204369,-234.038508,178.911072,61.535498,-231.778749,108.60704,32.578154,-186.528211,127.472618,0.00,0.00,0.00,0.00,0.00,0.00,0.00,0.00,0.00,0.00,0.00,0.00
212.882521,55.415954,-231.7676,178.404404,66.661292,-230.576753,108.886505,41.629318,-183.767409,126.402115,0.00,0.00,0.00,0.00,0.00,0.00,0.00,0.00,0.00,0.00,0.00,0.00
213.008207,63.22402,-228.882336,177.253769,73.014015,-229.097362,106.77446,50.878546,-183.987114,124.073372,0.00,0.00,0.00,0.00,0.00,0.00,0.00,0.00,0.00,0.00,0.00,0.00
213.133707,73.688241,-226.109691,174.589294,81.054099,-226.196598,104.258385,58.513587,-183.695561,119.675171,0.00,0.00,0.00,0.00,0.00,0.00,0.00,0.00,0.00,0.00,0.00,0.00
213.259099,83.909924,-221.860486,175.335785,92.431506,-221.628757,105.024193,68.365873,-185.789731,112.974144,0.00,0.00,0.00,0.00,0.00,0.00,0.00,0.00,0.00,0.00,0.00,0.00
213.384324,91.914434,-217.078664,177.86467,103.279583,-216.887683,109.144318,75.427469,-190.731304,108.02684,0.00,0.00,0.00,0.00,0.00,0.00,0.00,0.00,0.00,0.00,0.00,0.00
213.509928,98.251881,-211.43978,177.683533,112.227651,-210.286821,106.7873,78.755722,-191.360688,105.647346,0.00,0.00,0.00,0.00,0.00,0.00,0.00,0.00,0.00,0.00,0.00,0.00
213.635287,103.236303,-203.886459,177.095367,116.53099,-202.467141,104.459976,80.886991,-185.626559,104.485909,0.00,0.00,0.00,0.00,0.00,0.00,0.00,0.00,0.00,0.00,0.00,0.00
213.760319,106.93698,-194.676702,176.23996,119.433535,-193.917663,102.443275,84.722001,-174.83805,104.837891,0.00,0.00,0.00,0.00,0.00,0.00,0.00,0.00,0.00,0.00,0.00,0.00
213.886099,109.108019,-183.920626,174.723938,125.507987,-185.341545,94.877388,90.379474,-161.33524,104.782677,0.00,0.00,0.00,0.00,0.00,0.00,0.00,0.00,0.00,0.00,0.00,0.00
214.011305,110.053487,-172.050049,176.196793,133.40253,-180.341837,88.356514,97.301719,-147.309052,106.355164,0.00,0.00,0.00,0.00,0.00,0.00,0.00,0.00,0.00,0.00,0.00,0.00
214.136505,112.342077,-161.265712,177.733109,139.140113,-177.087256,86.82383,105.550926,-135.939773,109.842896,0.00,0.00,0.00,0.00,0.00,0.00,0.00,0.00,0.00,0.00,0.00,0.00
214.261863,115.837837,-151.227322,178.245285,142.629023,-173.16176,85.054108,113.710621,-126.009049,111.750534,0.00,0.00,0.00,0.00,0.00,0.00,0.00,0.00,0.00,0.00,0.00,0.00
214.387526,120.002933,-140.565512,177.071579,145.832397,-166.596574,79.510406,120.419926,-116.329937,111.210632,0.00,0.00,0.00,0.00,0.00,0.00,0.00,0.00,0.00,0.00,0.00,0.00
214.512454,124.800492,-129.586651,176.193192,149.766828,-154.676874,76.803955,125.436225,-106.32953,108.854225,0.00,0.00,0.00,0.00,0.00,0.00,0.00,0.00,0.00,0.00,0.00,0.00
214.637962,128.95736,-118.803052,177.568054,154.500703,-137.899896,77.862938,128.444788,-96.57427,109.325813,0.00,0.00,0.00,0.00,0.00,0.00,0.00,0.00,0.00,0.00,0.00,0.00
214.76355,131.058822,-107.860166,178.029602,159.40172,-120.131835,79.453697,129.489355,-87.068087,110.352203,0.00,0.00,0.00,0.00,0.00,0.00,0.00,0.00,0.00,0.00,0.00,0.00
214.888743,131.680367,-97.008289,177.415176,163.050897,-103.121013,80.868431,129.850269,-76.8909,109.200813,0.00,0.00,0.00,0.00,0.00,0.00,0.00,0.00,0.00,0.00,0.00,0.00
215.013666,131.35656,-85.490562,175.853821,162.004714,-88.61684,85.226845,131.658751,-65.399933,107.378387,0.00,0.00,0.00,0.00,0.00,0.00,0.00,0.00,0.00,0.00,0.00,0.00
215.139076,131.182494,-73.381267,175.998581,159.806627,-81.610253,86.042969,136.983872,-53.8302,107.992493,0.00,0.00,0.00,0.00,0.00,0.00,0.00,0.00,0.00,0.00,0.00,0.00
215.251119,132.429061,-63.888598,177.263992,156.604833,-79.634551,87.293884,143.751245,-44.81806,112.55722,0.00,0.00,0.00,0.00,0.00,0.00,0.00,0.00,0.00,0.00,0.00,0.00
215.376598,133.683094,-55.410835,178.015213,152.964996,-79.779732,87.584915,153.117977,-35.152301,115.832504,0.00,0.00,0.00,0.00,0.00,0.00,0.00,0.00,0.00,0.00,0.00,0.00
215.502646,134.918943,-49.811314,178.306229,149.043662,-81.394332,85.237366,162.455874,-27.050236,117.836617,0.00,0.00,0.00,0.00,0.00,0.00,0.00,0.00,0.00,0.00,0.00,0.00
215.627985,136.668511,-46.00641,178.45903,147.715339,-80.25546,82.727592,170.027823,-20.713786,118.466721,0.00,0.00,0.00,0.00,0.00,0.00,0.00,0.00,0.00,0.00,0.00,0.00
215.753418,138.528806,-43.438538,179.051376,148.414572,-75.479504,82.443611,176.16007,-15.508115,118.764732,0.00,0.00,0.00,0.00,0.00,0.00,0.00,0.00,0.00,0.00,0.00,0.00
215.87868,139.600524,-40.083221,179.54892,149.355228,-68.951666,83.423271,182.764786,-10.622538,119.528008,0.00,0.00,0.00,0.00,0.00,0.00,0.00,0.00,0.00,0.00,0.00,0.00
216.004214,139.425753,-35.653495,179.179886,149.109475,-61.908682,84.545555,190.664078,-6.936252,120.998444,0.00,0.00,0.00,0.00,0.00,0.00,0.00,0.00,0.00,0.00,0.00,0.00
216.129727,139.193265,-30.140756,178.359512,145.177233,-55.600464,84.586975,197.095945,-4.578063,121.422836,0.00,0.00,0.00,0.00,0.00,0.00,0.00,0.00,0.00,0.00,0.00,0.00
216.255099,139.430576,-24.711435,178.118103,135.27947,-46.932132,84.007408,201.683161,-3.931401,121.585678,0.00,0.00,0.00,0.00,0.00,0.00,0.00,0.00,0.00,0.00,0.00,0.00
216.379909,138.150412,-21.963503,178.669266,120.584077,-37.227662,82.45517,204.562478,-3.714692,122.482559,0.00,0.00,0.00,0.00,0.00,0.00,0.00,0.00,0.00,0.00,0.00,0.00
216.504416,132.787439,-22.235739,179.259781,106.852945,-25.869387,82.803558,202.013888,-4.786503,122.906425,0.00,0.00,0.00,0.00,0.00,0.00,0.00,0.00,0.00,0.00,0.00,0.00
216.629234,126.294755,-21.276938,178.70369,98.305656,-14.722128,84.319283,196.924933,-9.833903,117.741249,0.00,0.00,0.00,0.00,0.00,0.00,0.00,0.00,0.00,0.00,0.00,0.00
216.754925,120.898494,-19.120059,178.89772,95.450017,-8.525053,84.620705,187.223707,-19.448161,107.804779,0.00,0.00,0.00,0.00,0.00,0.00,0.00,0.00,0.00,0.00,0.00,0.00
216.880075,115.115513,-17.145713,179.069183,87.974778,-5.234842,84.478149,169.815816,-30.085548,98.425285,0.00,0.00,0.00,0.00,0.00,0.00,0.00,0.00,0.00,0.00,0.00,0.00
217.005645,108.733797,-14.850972,178.739273,86.294571,-2.93283,84.433868,151.667151,-39.297951,94.730766,0.00,0.00,0.00,0.00,0.00,0.00,0.00,0.00,0.00,0.00,0.00,0.00
217.130892,101.323015,-12.612034,178.875977,82.248301,2.164839,83.6157,134.947617,-46.767071,96.83905,0.00,0.00,0.00,0.00,0.00,0.00,0.00,0.00,0.00,0.00,0.00,0.00
217.255935,93.024529,-10.752434,178.704102,76.950607,7.855115,82.848938,120.085487,-50.745701,97.91143,0.00,0.00,0.00,0.00,0.00,0.00,0.00,0.00,0.00,0.00,0.00,0.00
217.381368,84.515347,-9.437312,178.304367,70.703716,11.392595,82.594772,107.392695,-51.923975,97.815552,0.00,0.00,0.00,0.00,0.00,0.00,0.00,0.00,0.00,0.00,0.00,0.00
217.506587,76.272557,-8.86447,177.828903,64.322877,12.105069,82.60363,95.644726,-53.226742,96.534569,0.00,0.00,0.00,0.00,0.00,0.00,0.00,0.00,0.00,0.00,0.00,0.00
217.632129,68.047069,-9.588564,176.606888,59.10178,12.025168,81.655342,84.310782,-56.384251,95.415459,0.00,0.00,0.00,0.00,0.00,0.00,0.00,0.00,0.00,0.00,0.00,0.00
217.757636,60.059232,-12.000294,175.419327,55.428455,11.369781,79.618813,71.998826,-61.714288,94.954689,0.00,0.00,0.00,0.00,0.00,0.00,0.00,0.00,0.00,0.00,0.00,0.00 
217.882997,51.809816,-16.250141,174.765335,50.491583,8.232346,78.255829,57.845455,-67.691712,94.571152,0.00,0.00,0.00,0.00,0.00,0.00,0.00,0.00,0.00,0.00,0.00,0.00 
218.008612,42.981741,-21.438363,175.870682,43.431891,3.228574,78.836983,42.303425,-72.833129,95.516518,0.00,0.00,0.00,0.00,0.00,0.00,0.00,0.00,0.00,0.00,0.00,0.00
218.133972,33.6254,-26.072983,177.665192,35.334636,-2.319575,80.746933,25.578559,-75.324982,97.667572,0.00,0.00,0.00,0.00,0.00,0.00,0.00,0.00,0.00,0.00,0.00,0.00
218.259008,23.90058,-29.571798,178.667053,26.379451,-6.65973,82.249023,9.103907,-75.656043,100.227592,0.00,0.00,0.00,0.00,0.00,0.00,0.00,0.00,0.00,0.00,0.00,0.00
218.384518,14.04289,-32.505698,178.06781,18.04379,-8.647787,78.17382,-5.977775,-76.080734,101.976433,0.00,0.00,0.00,0.00,0.00,0.00,0.00,0.00,0.00,0.00,0.00,0.00
218.509971,4.541484,-35.006726,177.486603,10.283267,-10.945055,75.933907,-18.481352,-77.183744,103.357124,0.00,0.00,0.00,0.00,0.00,0.00,0.00,0.00,0.00,0.00,0.00,0.00
218.635285,-4.150855,-37.466144,178.651672,0.115388,-13.580058,76.824661,-29.03812,-78.619676,105.771873,0.00,0.00,0.00,0.00,0.00,0.00,0.00,0.00,0.00,0.00,0.00,0.00
218.760424,-12.593902,-41.179554,178.963379,-11.926168,-16.809412,77.995285,-38.984632,-80.896685,107.942245,0.00,0.00,0.00,0.00,0.00,0.00,0.00,0.00,0.00,0.00,0.00,0.00
218.886223,-20.857809,-46.139086,178.118134,-22.67355,-20.199747,77.576523,-49.852999,-84.277302,108.095505,0.00,0.00,0.00,0.00,0.00,0.00,0.00,0.00,0.00,0.00,0.00,0.00
219.011234,-28.629535,-52.916506,176.325256,-30.124049,-25.649865,76.675835,-61.491165,-88.110815,107.265282,0.00,0.00,0.00,0.00,0.00,0.00,0.00,0.00,0.00,0.00,0.00,0.00
219.136489,-36.043638,-60.855377,177.201691,-34.186623,-33.487882,77.44014,-71.909753,-90.185006,108.988312,0.00,0.00,0.00,0.00,0.00,0.00,0.00,0.00,0.00,0.00,0.00,0.00
219.261887,-42.507071,-67.728543,178.153046,-34.656197,-41.127485,78.833778,-82.157465,-90.65534,113.202461,0.00,0.00,0.00,0.00,0.00,0.00,0.00,0.00,0.00,0.00,0.00,0.00
219.387216,-47.972175,-72.490257,178.522614,-34.314755,-44.518655,79.839905,-91.870171,-89.194739,116.272942,0.00,0.00,0.00,0.00,0.00,0.00,0.00,0.00,0.00,0.00,0.00,0.00
219.512456,-53.060722,-74.553107,178.550964,-34.807649,-48.317936,88.880775,-101.428031,-86.014954,117.914223,0.00,0.00,0.00,0.00,0.00,0.00,0.00,0.00,0.00,0.00,0.00,0.00
219.637751,-57.632586,-74.746594,178.379471,-35.39228,-50.265427,88.615906,-110.106779,-82.583966,119.727585,0.00,0.00,0.00,0.00,0.00,0.00,0.00,0.00,0.00,0.00,0.00,0.00
219.763091,-62.073465,-74.045827,178.80661,-38.786046,-52.272397,88.761177,-116.741718,-80.143364,121.737984,0.00,0.00,0.00,0.00,0.00,0.00,0.00,0.00,0.00,0.00,0.00,0.00
219.888476,-66.699635,-73.466091,179.060059,-46.510515,-52.887626,89.765533,-123.406329,-78.967104,123.317589,0.00,0.00,0.00,0.00,0.00,0.00,0.00,0.00,0.00,0.00,0.00,0.00
220.013914,-71.264964,-73.959269,179.12677,-55.999786,-52.522914,92.70578,-130.3909,-78.878073,124.048981,0.00,0.00,0.00,0.00,0.00,0.00,0.00,0.00,0.00,0.00,0.00,0.00
220.139456,-75.648304,-76.076353,179.02005,-62.075018,-53.365052,96.405411,-137.569271,-78.677587,124.869446,0.00,0.00,0.00,0.00,0.00,0.00,0.00,0.00,0.00,0.00,0.00,0.00
220.250716,-79.529796,-78.783876,179.152222,-59.462883,-53.752868,85.749176,-143.862915,-78.432768,126.361618,0.00,0.00,0.00,0.00,0.00,0.00,0.00,0.00,0.00,0.00,0.00,0.00
220.37577,-83.778415,-81.589752,179.379028,-56.165787,-62.084833,84.166801,-149.560559,-78.499951,127.437737,0.00,0.00,0.00,0.00,0.00,0.00,0.00,0.00,0.00,0.00,0.00,0.00
220.501037,-86.581451,-83.878808,178.978989,-51.147068,-72.327704,81.620766,-149.96598,-76.74485,126.76046,0.00,0.00,0.00,0.00,0.00,0.00,0.00,0.00,0.00,0.00,0.00,0.00
220.625969,-87.319682,-85.195932,178.574722,-46.923451,-80.964539,80.144508,-150.316735,-76.002802,125.289452,0.00,0.00,0.00,0.00,0.00,0.00,0.00,0.00,0.00,0.00,0.00,0.00
220.751336,-85.120161,-85.438698,178.701706,-44.513401,-86.283691,79.288918,-146.720188,-70.907007,121.792938,0.00,0.00,0.00,0.00,0.00,0.00,0.00,0.00,0.00,0.00,0.00,0.00
220.876084,-81.054434,-85.091256,178.76622,-42.789009,-87.976856,77.984253,-137.33456,-62.592863,117.696953,0.00,0.00,0.00,0.00,0.00,0.00,0.00,0.00,0.00,0.00,0.00,0.00
221.00143,-76.227026,-84.005672,178.589508,-41.14166,-86.645661,77.835449,-124.977102,-53.229314,115.701714,0.00,0.00,0.00,0.00,0.00,0.00,0.00,0.00,0.00,0.00,0.00,0.00
221.126528,-70.002809,-83.373601,178.351898,-38.357873,-87.043988,82.112885,-111.876518,-44.143686,116.489243,0.00,0.00,0.00,0.00,0.00,0.00,0.00,0.00,0.00,0.00,0.00,0.00
221.251377,-63.288458,-83.265223,177.571686,-34.37882,-88.127839,82.563164,-98.173516,-35.595812,118.106415,0.00,0.00,0.00,0.00,0.00,0.00,0.00,0.00,0.00,0.00,0.00,0.00
221.376586,-57.935802,-83.265564,177.821106,-30.824172,-92.145603,82.877724,-82.699486,-28.476104,119.615997,0.00,0.00,0.00,0.00,0.00,0.00,0.00,0.00,0.00,0.00,0.00,0.00
221.513923,-53.819596,-82.743998,178.530853,-30.799627,-99.975792,83.114563,-64.443733,-21.926205,121.0914,0.00,0.00,0.00,0.00,0.00,0.00,0.00,0.00,0.00,0.00,0.00,0.00
221.625509,-50.793049,-81.810637,178.288742,-34.493757,-108.239996,83.527992,-47.263746,-19.537549,121.416389,0.00,0.00,0.00,0.00,0.00,0.00,0.00,0.00,0.00,0.00,0.00,0.00
221.750593,-48.083897,-80.317343,178.190735,-43.223338,-116.685608,84.42485,-27.976784,-22.966447,120.660736,0.00,0.00,0.00,0.00,0.00,0.00,0.00,0.00,0.00,0.00,0.00,0.00
221.876308,-45.856825,-80.063592,178.319962,-55.714468,-120.311138,85.492409,-12.149839,-33.092141,120.157257,0.00,0.00,0.00,0.00,0.00,0.00,0.00,0.00,0.00,0.00,0.00,0.00
222.001911,-45.699547,-83.19962,178.867538,-66.469186,-118.949186,85.115463,-0.317333,-47.885527,120.536552,0.00,0.00,0.00,0.00,0.00,0.00,0.00,0.00,0.00,0.00,0.00,0.00
222.127878,-47.86011,-88.453626,179.338455,-73.168764,-115.249832,83.434708,7.864562,-64.091666,121.689056,0.00,0.00,0.00,0.00,0.00,0.00,0.00,0.00,0.00,0.00,0.00,0.00
222.254146,-49.922276,-94.923289,178.873306,-76.002332,-112.077523,80.851601,12.904823,-82.156489,123.848709,0.00,0.00,0.00,0.00,0.00,0.00,0.00,0.00,0.00,0.00,0.00,0.00
222.379143,-51.386446,-101.048612,178.555389,-76.993586,-111.290029,80.325813,12.923492,-102.059522,126.326622,0.00,0.00,0.00,0.00,0.00,0.00,0.00,0.00,0.00,0.00,0.00,0.00
222.504659,-51.574419,-106.740552,178.531021,-80.391293,-112.416978,80.262253,9.820444,-120.657755,126.57946,0.00,0.00,0.00,0.00,0.00,0.00,0.00,0.00,0.00,0.00,0.00,0.00
222.630104,-50.517849,-112.589569,178.499481,-83.400255,-114.219866,80.941368,5.30888,-137.459043,125.570763,0.00,0.00,0.00,0.00,0.00,0.00,0.00,0.00,0.00,0.00,0.00,0.00
222.754851,-48.727964,-119.424036,178.557892,-82.840359,-117.323004,81.51963,0.667225,-152.923502,124.065186,0.00,0.00,0.00,0.00,0.00,0.00,0.00,0.00,0.00,0.00,0.00,0.00
222.88006,-46.430421,-127.372438,178.070496,-81.6025,-122.767734,81.886017,-3.589093,-167.830707,123.207268,0.00,0.00,0.00,0.00,0.00,0.00,0.00,0.00,0.00,0.00,0.00,0.00
223.00591,-44.942748,-136.430519,178.02298,-77.184962,-123.175291,81.48671,-9.73725,-183.238131,123.336182,0.00,0.00,0.00,0.00,0.00,0.00,0.00,0.00,0.00,0.00,0.00,0.00
223.131161,-44.951457,-144.991935,178.286575,-74.207319,-126.200477,81.47393,-18.885838,-197.522174,124.57473,0.00,0.00,0.00,0.00,0.00,0.00,0.00,0.00,0.00,0.00,0.00,0.00
223.256441,-46.781261,-152.981112,178.116425,-72.410935,-130.844314,81.45369,-29.800487,-209.078294,125.222122,0.00,0.00,0.00,0.00,0.00,0.00,0.00,0.00,0.00,0.00,0.00,0.00
223.381979,-50.033548,-161.041984,176.953522,-75.307863,-139.730268,80.596939,-39.547523,-219.19294,125.198769,0.00,0.00,0.00,0.00,0.00,0.00,0.00,0.00,0.00,0.00,0.00,0.00
223.507122,-54.810407,-168.654329,176.996353,-81.456566,-147.984044,80.346062,-47.685779,-227.756064,125.24662,0.00,0.00,0.00,0.00,0.00,0.00,0.00,0.00,0.00,0.00,0.00,0.00
223.632731,-59.119227,-176.248747,178.142517,-84.746174,-156.689821,80.465179,-54.478119,-235.743632,125.873398,0.00,0.00,0.00,0.00,0.00,0.00,0.00,0.00,0.00,0.00,0.00,0.00
223.758327,-61.841767,-184.144358,178.696564,-88.987356,-163.919362,81.366821,-60.145743,-243.839241,127.079918,0.00,0.00,0.00,0.00,0.00,0.00,0.00,0.00,0.00,0.00,0.00,0.00
223.883844,-63.233977,-192.749762,177.840118,-92.759852,-174.319579,80.960938,-65.268499,-252.516122,127.555916,0.00,0.00,0.00,0.00,0.00,0.00,0.00,0.00,0.00,0.00,0.00,0.00
224.009119,-63.05325,-201.702162,176.755325,-93.287506,-182.261726,79.98484,-70.07778,-260.238182,127.627243,0.00,0.00,0.00,0.00,0.00,0.00,0.00,0.00,0.00,0.00,0.00,0.00 
224.134816,-63.252746,-210.263035,177.128006,-95.972453,-191.608261,81.154182,-74.955435,-266.630887,128.232834,0.00,0.00,0.00,0.00,0.00,0.00,0.00,0.00,0.00,0.00,0.00,0.00
224.25986,-64.298659,-216.6879,177.270416,-94.880952,-195.946336,81.10334,-78.63555,-271.999731,129.396957,0.00,0.00,0.00,0.00,0.00,0.00,0.00,0.00,0.00,0.00,0.00,0.00
224.385124,-65.137216,-221.081948,177.674347,-96.502158,-201.830618,81.605598,-80.283708,-276.862087,129.542999,0.00,0.00,0.00,0.00,0.00,0.00,0.00,0.00,0.00,0.00,0.00,0.00
224.510227,-65.433128,-224.490527,177.823303,-101.572549,-207.503409,83.291298,-81.18882,-277.004759,129.722672,0.00,0.00,0.00,0.00,0.00,0.00,0.00,0.00,0.00,0.00,0.00,0.00
224.635373,-64.0424,-227.173887,177.742813,-108.771977,-216.599967,85.895744,-80.302624,-277.688875,130.161667,0.00,0.00,0.00,0.00,0.00,0.00,0.00,0.00,0.00,0.00,0.00,0.00
224.760445,-61.856737,-228.640811,177.109772,-112.577733,-231.292023,88.404106,-77.037059,-278.505073,129.400391,0.00,0.00,0.00,0.00,0.00,0.00,0.00,0.00,0.00,0.00,0.00,0.00
224.885434,-60.872563,-229.372922,176.601074,-111.861437,-243.01916,88.642937,-67.790968,-277.198501,127.254723,0.00,0.00,0.00,0.00,0.00,0.00,0.00,0.00,0.00,0.00,0.00,0.00
225.010395,-60.375092,-228.977523,176.502533,-106.260184,-251.435478,87.103752,-54.850769,-274.753984,121.487717,0.00,0.00,0.00,0.00,0.00,0.00,0.00,0.00,0.00,0.00,0.00,0.00
225.135702,-57.607365,-227.822423,176.119568,-97.208459,-256.779446,85.608459,-39.622386,-270.179988,115.388893,0.00,0.00,0.00,0.00,0.00,0.00,0.00,0.00,0.00,0.00,0.00,0.00 
225.261231,-53.110934,-226.100256,175.889084,-86.642546,-263.544601,85.592506,-23.818196,-261.47886,113.191429,0.00,0.00,0.00,0.00,0.00,0.00,0.00,0.00,0.00,0.00,0.00,0.00
225.386695,-48.209536,-224.713755,175.917694,-72.646327,-267.474007,85.251961,-11.277951,-251.933309,113.130653,0.00,0.00,0.00,0.00,0.00,0.00,0.00,0.00,0.00,0.00,0.00,0.00
225.511987,-43.230798,-224.234838,175.877121,-64.561101,-268.250788,85.258034,-2.667423,-243.605553,113.422264,0.00,0.00,0.00,0.00,0.00,0.00,0.00,0.00,0.00,0.00,0.00,0.00
225.637021,-38.373433,-224.420746,175.957977,-54.955197,-269.274622,84.902275,2.670078,-237.368619,114.393471,0.00,0.00,0.00,0.00,0.00,0.00,0.00,0.00,0.00,0.00,0.00,0.00
225.761889,-32.622123,-225.779918,175.207428,-47.07548,-272.47238,84.988525,8.403149,-232.934811,113.839195,0.00,0.00,0.00,0.00,0.00,0.00,0.00,0.00,0.00,0.00,0.00,0.00
225.887299,-26.237134,-228.350347,174.338837,-38.830688,-276.382937,84.898567,15.825889,-230.228091,112.78199,0.00,0.00,0.00,0.00,0.00,0.00,0.00,0.00,0.00,0.00,0.00,0.00
226.012588,-20.086541,-230.808827,174.011185,-29.380611,-282.556144,85.972008,21.459324,-228.721488,112.877525,0.00,0.00,0.00,0.00,0.00,0.00,0.00,0.00,0.00,0.00,0.00,0.00
226.136515,-13.7068,-232.914028,174.467087,-18.567942,-290.28812,89.24968,26.694305,-226.852232,113.736809,0.00,0.00,0.00,0.00,0.00,0.00,0.00,0.00,0.00,0.00,0.00,0.00
226.260851,-7.354679,-233.930741,174.446747,-6.692497,-296.04248,92.053589,31.625054,-224.383467,115.035774,0.00,0.00,0.00,0.00,0.00,0.00,0.00,0.00,0.00,0.00,0.00,0.00
226.385863,-0.714699,-234.370727,174.304321,4.093026,-296.807691,92.186981,37.294687,-221.498569,115.564453,0.00,0.00,0.00,0.00,0.00,0.00,0.00,0.00,0.00,0.00,0.00,0.00
226.511028,7.472029,-234.152479,173.7509,14.711346,-295.536655,91.182961,45.573505,-217.404403,114.443253,0.00,0.00,0.00,0.00,0.00,0.00,0.00,0.00,0.00,0.00,0.00,0.00
226.636954,16.829962,-232.612037,173.201508,24.612347,-277.255144,79.548683,55.914456,-214.385181,114.164185,0.00,0.00,0.00,0.00,0.00,0.00,0.00,0.00,0.00,0.00,0.00,0.00
226.762395,26.821165,-229.686144,174.190735,29.71153,-275.715095,79.324402,66.403662,-212.827495,115.941307,0.00,0.00,0.00,0.00,0.00,0.00,0.00,0.00,0.00,0.00,0.00,0.00
226.88767,36.866548,-227.21622,174.974136,37.305531,-275.298221,81.963631,77.145106,-212.206558,116.848221,0.00,0.00,0.00,0.00,0.00,0.00,0.00,0.00,0.00,0.00,0.00,0.00
227.013997,46.138133,-225.834869,175.774963,43.950688,-273.306631,82.602196,86.262586,-212.518711,118.477463,0.00,0.00,0.00,0.00,0.00,0.00,0.00,0.00,0.00,0.00,0.00,0.00
227.127086,54.369086,-225.184111,175.570847,54.728558,-271.249415,82.03183,94.400926,-212.087265,118.620087,0.00,0.00,0.00,0.00,0.00,0.00,0.00,0.00,0.00,0.00,0.00,0.00
227.252369,63.822741,-225.455703,174.996109,67.830342,-268.432118,80.220428,103.199564,-210.116827,117.288139,0.00,0.00,0.00,0.00,0.00,0.00,0.00,0.00,0.00,0.00,0.00,0.00
227.377703,72.972299,-225.539076,175.689636,82.706502,-265.126696,79.568871,111.892566,-205.947778,117.196213,0.00,0.00,0.00,0.00,0.00,0.00,0.00,0.00,0.00,0.00,0.00,0.00
227.503345,82.394718,-224.768176,177.147842,97.826801,-261.962796,81.014626,119.053047,-201.071889,118.416634,0.00,0.00,0.00,0.00,0.00,0.00,0.00,0.00,0.00,0.00,0.00,0.00
227.628291,91.445475,-222.903532,177.387802,104.521554,-258.615384,80.045258,124.852477,-195.514102,120.05143,0.00,0.00,0.00,0.00,0.00,0.00,0.00,0.00,0.00,0.00,0.00,0.00
227.753643,99.706037,-218.547893,176.846741,110.769322,-255.941792,79.217789,131.636305,-188.554307,120.969055,0.00,0.00,0.00,0.00,0.00,0.00,0.00,0.00,0.00,0.00,0.00,0.00
227.879054,107.160564,-211.6397,175.410751,124.386172,-242.734626,85.295189,140.92245,-181.127058,121.49292,0.00,0.00,0.00,0.00,0.00,0.00,0.00,0.00,0.00,0.00,0.00,0.00
228.003865,113.784446,-202.404919,174.30954,129.542449,-234.344945,82.996056,151.858986,-174.06581,122.913383,0.00,0.00,0.00,0.00,0.00,0.00,0.00,0.00,0.00,0.00,0.00,0.00
228.129192,120.102915,-192.731713,175.945023,128.407715,-227.882242,83.196121,162.487747,-167.429509,125.30632,0.00,0.00,0.00,0.00,0.00,0.00,0.00,0.00,0.00,0.00,0.00,0.00
228.254595,125.941748,-185.445962,177.225479,127.926142,-223.228608,84.170975,173.729214,-161.775264,126.586472,0.00,0.00,0.00,0.00,0.00,0.00,0.00,0.00,0.00,0.00,0.00,0.00
228.380107,130.652761,-180.341661,177.996994,128.837558,-219.83237,83.979843,183.898888,-157.434127,127.595329,0.00,0.00,0.00,0.00,0.00,0.00,0.00,0.00,0.00,0.00,0.00,0.00
228.506003,135.312066,-176.47862,177.500107,133.281796,-217.235888,82.657913,192.452824,-154.544848,128.409485,0.00,0.00,0.00,0.00,0.00,0.00,0.00,0.00,0.00,0.00,0.00,0.00
228.631011,139.460327,-173.396052,177.400345,142.733489,-213.505929,82.294373,199.027346,-152.046853,128.813599,0.00,0.00,0.00,0.00,0.00,0.00,0.00,0.00,0.00,0.00,0.00,0.00
228.75667,142.443409,-170.741207,177.757294,153.758261,-209.066274,83.440102,203.795414,-149.573643,128.824722,0.00,0.00,0.00,0.00,0.00,0.00,0.00,0.00,0.00,0.00,0.00,0.00
228.881726,144.467868,-167.674608,178.528595,162.403605,-203.848836,86.719383,204.221642,-149.50578,129.439148,0.00,0.00,0.00,0.00,0.00,0.00,0.00,0.00,0.00,0.00,0.00,0.00
229.006655,145.597932,-164.806638,179.049225,165.919675,-198.763111,88.780281,203.50396,-149.947584,129.957336,0.00,0.00,0.00,0.00,0.00,0.00,0.00,0.00,0.00,0.00,0.00,0.00
229.132715,145.901396,-162.922458,179.971497,164.548226,-198.07352,83.103798,200.556293,-158.92593,126.521828,0.00,0.00,0.00,0.00,0.00,0.00,0.00,0.00,0.00,0.00,0.00,0.00
229.258186,144.517034,-163.390051,180.959457,152.546831,-191.025572,86.348701,191.312194,-172.320178,120.358727,0.00,0.00,0.00,0.00,0.00,0.00,0.00,0.00,0.00,0.00,0.00,0.00
229.383675,141.068581,-164.970503,180.061127,137.349417,-186.290163,83.775711,181.781953,-186.64125,116.304672,0.00,0.00,0.00,0.00,0.00,0.00,0.00,0.00,0.00,0.00,0.00,0.00
229.50876,135.851236,-166.385162,179.242401,121.73559,-181.881806,84.617561,168.079953,-199.768221,115.088402,0.00,0.00,0.00,0.00,0.00,0.00,0.00,0.00,0.00,0.00,0.00,0.00
229.633804,130.523908,-167.824978,178.67363,110.022011,-178.605975,84.056236,150.979657,-208.780568,115.438148,0.00,0.00,0.00,0.00,0.00,0.00,0.00,0.00,0.00,0.00,0.00,0.00
229.758726,125.321364,-170.672461,178.55394,103.683444,-176.584287,82.477913,135.390215,-214.533342,115.01664,0.00,0.00,0.00,0.00,0.00,0.00,0.00,0.00,0.00,0.00,0.00,0.00
229.883669,119.234997,-174.573751,177.599716,99.59818,-177.860763,80.873581,122.987031,-220.391854,114.892876,0.00,0.00,0.00,0.00,0.00,0.00,0.00,0.00,0.00,0.00,0.00,0.00 
230.009277,112.807683,-179.651542,177.690475,94.893052,-182.347792,81.384331,112.999548,-226.933851,115.724098,0.00,0.00,0.00,0.00,0.00,0.00,0.00,0.00,0.00,0.00,0.00,0.00
230.134593,106.76813,-185.693632,178.356293,90.077688,-188.416222,83.905449,103.535697,-232.100363,116.838493,0.00,0.00,0.00,0.00,0.00,0.00,0.00,0.00,0.00,0.00,0.00,0.00
230.2597,101.313176,-192.30161,178.068649,84.539361,-195.030772,85.713867,93.192054,-237.126194,116.733192,0.00,0.00,0.00,0.00,0.00,0.00,0.00,0.00,0.00,0.00,0.00,0.00
230.38484,96.391322,-199.604877,176.865814,79.251004,-200.540274,85.761147,82.216423,-242.283339,116.407356,0.00,0.00,0.00,0.00,0.00,0.00,0.00,0.00,0.00,0.00,0.00,0.00
230.510556,92.58009,-207.631057,175.213318,75.206347,-205.05436,84.396629,70.958484,-248.189181,116.976456,0.00,0.00,0.00,0.00,0.00,0.00,0.00,0.00,0.00,0.00,0.00,0.00
230.635574,88.103123,-215.640266,175.933594,73.826728,-208.068932,85.400986,59.194281,-253.245698,118.384003,0.00,0.00,0.00,0.00,0.00,0.00,0.00,0.00,0.00,0.00,0.00,0.00
230.760295,82.070033,-222.369811,175.917236,74.094929,-210.870623,86.701553,48.23494,-254.715025,120.012894,0.00,0.00,0.00,0.00,0.00,0.00,0.00,0.00,0.00,0.00,0.00,0.00
230.885451,76.252097,-226.576664,175.467255,73.569413,-212.297539,86.378929,37.804297,-254.137417,121.879868,0.00,0.00,0.00,0.00,0.00,0.00,0.00,0.00,0.00,0.00,0.00,0.00
231.010593,70.189049,-228.780716,175.258972,70.865458,-212.637118,86.130348,28.751932,-254.195955,124.554298,0.00,0.00,0.00,0.00,0.00,0.00,0.00,0.00,0.00,0.00,0.00,0.00
231.13628,63.473646,-229.608915,174.624893,63.89794,-213.207589,85.835899,20.270162,-255.230152,126.629448,0.00,0.00,0.00,0.00,0.00,0.00,0.00,0.00,0.00,0.00,0.00,0.00
231.261245,56.602983,-229.661868,175.0793,53.706704,-214.102321,85.460648,11.457994,-256.744506,127.600456,0.00,0.00,0.00,0.00,0.00,0.00,0.00,0.00,0.00,0.00,0.00,0.00
231.386377,50.241248,-229.110139,176.213989,44.497286,-215.378003,87.137283,4.355358,-258.619442,128.374771,0.00,0.00,0.00,0.00,0.00,0.00,0.00,0.00,0.00,0.00,0.00,0.00
231.511992,44.454716,-229.640696,176.620102,38.935129,-216.225252,87.708557,-1.072454,-260.965522,128.642685,0.00,0.00,0.00,0.00,0.00,0.00,0.00,0.00,0.00,0.00,0.00,0.00
231.637504,39.613578,-231.428467,176.74646,36.532477,-216.296299,87.535133,-5.754521,-264.943642,129.825897,0.00,0.00,0.00,0.00,0.00,0.00,0.00,0.00,0.00,0.00,0.00,0.00
231.7626,35.433862,-233.694196,176.559174,37.248221,-216.354094,86.752052,-9.365298,-270.031379,130.456589,0.00,0.00,0.00,0.00,0.00,0.00,0.00,0.00,0.00,0.00,0.00,0.00
231.888044,32.159609,-236.598311,176.52684,37.546768,-216.520354,86.110863,-11.456161,-274.61018,130.787201,0.00,0.00,0.00,0.00,0.00,0.00,0.00,0.00,0.00,0.00,0.00,0.00
232.013319,29.816452,-240.109475,176.778061,37.060862,-217.13213,86.656555,-12.689131,-277.148218,131.100128,0.00,0.00,0.00,0.00,0.00,0.00,0.00,0.00,0.00,0.00,0.00,0.00
232.138728,28.149494,-243.084967,176.801865,36.35374,-217.295371,84.940186,-12.202202,-277.355465,131.08371,0.00,0.00,0.00,0.00,0.00,0.00,0.00,0.00,0.00,0.00,0.00,0.00
232.264186,27.048452,-244.404376,176.93985,35.253735,-217.478517,84.286369,-12.121203,-276.649435,131.15358,0.00,0.00,0.00,0.00,0.00,0.00,0.00,0.00,0.00,0.00,0.00,0.00
232.375497,26.409488,-243.282778,177.000656,35.774661,-218.07212,83.999275,-13.840452,-270.048099,131.352371,0.00,0.00,0.00,0.00,0.00,0.00,0.00,0.00,0.00,0.00,0.00,0.00
232.500428,27.292329,-240.28144,176.779816,39.405701,-219.417998,83.259659,-17.113904,-258.94325,132.697296,0.00,0.00,0.00,0.00,0.00,0.00,0.00,0.00,0.00,0.00,0.00,0.00
232.639554,31.534501,-237.383154,176.591278,48.121472,-223.033064,81.961594,-15.972852,-239.811805,133.455658,0.00,0.00,0.00,0.00,0.00,0.00,0.00,0.00,0.00,0.00,0.00,0.00
232.763891,36.609527,-236.250821,176.61084,59.852632,-231.002173,81.198135,-7.391721,-222.693782,131.81311,0.00,0.00,0.00,0.00,0.00,0.00,0.00,0.00,0.00,0.00,0.00,0.00
232.888253,42.266766,-236.498437,176.411346,69.431336,-242.54462,81.003281,7.307423,-209.422585,130.943298,0.00,0.00,0.00,0.00,0.00,0.00,0.00,0.00,0.00,0.00,0.00,0.00
233.027122,48.575278,-236.834238,176.654938,75.789917,-253.743213,81.894638,26.403233,-203.633389,130.521912,0.00,0.00,0.00,0.00,0.00,0.00,0.00,0.00,0.00,0.00,0.00,0.00
233.1395,54.012956,-236.133919,176.645615,80.70766,-257.091148,81.756195,39.759013,-201.976677,129.681427,0.00,0.00,0.00,0.00,0.00,0.00,0.00,0.00,0.00,0.00,0.00,0.00
233.264277,60.733056,-233.409287,175.702484,88.730333,-254.486839,80.661263,52.722042,-199.571418,127.977966,0.00,0.00,0.00,0.00,0.00,0.00,0.00,0.00,0.00,0.00,0.00,0.00
233.387856,69.150672,-229.68008,174.93074,99.124295,-245.402752,81.810364,64.478406,-198.317035,126.01442,0.00,0.00,0.00,0.00,0.00,0.00,0.00,0.00,0.00,0.00,0.00,0.00
233.513216,77.071162,-226.701971,175.098755,107.188922,-235.866336,86.694801,73.884273,-196.870824,123.397636,0.00,0.00,0.00,0.00,0.00,0.00,0.00,0.00,0.00,0.00,0.00,0.00
233.639134,83.653788,-223.794361,175.481995,111.410811,-228.349463,89.650688,80.00709,-195.074991,119.417549,0.00,0.00,0.00,0.00,0.00,0.00,0.00,0.00,0.00,0.00,0.00,0.00
233.750896,88.855143,-220.501102,175.329315,112.765486,-223.993412,89.580627,83.334252,-192.729442,115.237717,0.00,0.00,0.00,0.00,0.00,0.00,0.00,0.00,0.00,0.00,0.00,0.00
233.876333,93.94623,-215.052865,174.946594,113.338568,-217.661273,89.272881,85.443605,-188.280063,111.837234,0.00,0.00,0.00,0.00,0.00,0.00,0.00,0.00,0.00,0.00,0.00,0.00
234.001794,98.153595,-207.272776,174.127335,115.722041,-208.874622,89.082466,88.911082,-179.96331,110.936737,0.00,0.00,0.00,0.00,0.00,0.00,0.00,0.00,0.00,0.00,0.00,0.00
234.127079,101.251105,-197.834278,173.474152,121.065796,-200.270836,87.137863,93.803662,-169.743997,110.570572,0.00,0.00,0.00,0.00,0.00,0.00,0.00,0.00,0.00,0.00,0.00,0.00
234.252914,103.306266,-187.396424,174.890274,127.212534,-196.745013,83.541748,98.285563,-157.632648,111.042656,0.00,0.00,0.00,0.00,0.00,0.00,0.00,0.00,0.00,0.00,0.00,0.00
234.378054,105.168825,-176.815915,176.502304,129.835892,-197.045937,82.128647,102.934479,-146.323247,113.681503,0.00,0.00,0.00,0.00,0.00,0.00,0.00,0.00,0.00,0.00,0.00,0.00
234.50413,108.224618,-166.2694,177.362488,130.073487,-192.061755,83.344925,107.745546,-135.504338,115.558334,0.00,0.00,0.00,0.00,0.00,0.00,0.00,0.00,0.00,0.00,0.00,0.00
234.629306,112.084445,-155.778426,176.772598,131.255285,-184.462656,82.029251,112.917773,-123.99263,115.258278,0.00,0.00,0.00,0.00,0.00,0.00,0.00,0.00,0.00,0.00,0.00,0.00
234.75508,116.502555,-145.169965,175.605911,135.037918,-172.021354,79.329407,118.584623,-112.204179,113.565186,0.00,0.00,0.00,0.00,0.00,0.00,0.00,0.00,0.00,0.00,0.00,0.00
234.880703,121.138275,-134.413778,176.608643,141.120238,-153.677847,80.093781,124.440102,-100.379969,112.803719,0.00,0.00,0.00,0.00,0.00,0.00,0.00,0.00,0.00,0.00,0.00,0.00
235.006524,124.97648,-123.398044,177.863022,147.186944,-133.277056,82.853439,128.829499,-88.193102,114.622353,0.00,0.00,0.00,0.00,0.00,0.00,0.00,0.00,0.00,0.00,0.00,0.00
235.131803,127.173366,-111.999386,177.876068,151.86582,-115.938545,85.639908,131.863655,-76.076662,115.755394,0.00,0.00,0.00,0.00,0.00,0.00,0.00,0.00,0.00,0.00,0.00,0.00
235.257133,128.007405,-100.141313,176.687256,154.71231,-101.824935,86.618408,135.752246,-62.467083,115.647385,0.00,0.00,0.00,0.00,0.00,0.00,0.00,0.00,0.00,0.00,0.00,0.00
235.383092,127.64614,-87.510357,175.987366,154.143538,-94.297008,84.475204,141.235792,-49.10136,116.132698,0.00,0.00,0.00,0.00,0.00,0.00,0.00,0.00,0.00,0.00,0.00,0.00
235.508162,127.824556,-75.287141,177.548721,147.022049,-93.127025,83.404129,148.389248,-38.313596,118.051735,0.00,0.00,0.00,0.00,0.00,0.00,0.00,0.00,0.00,0.00,0.00,0.00
235.633922,129.366996,-65.38385,178.64328,137.89469,-92.746985,82.877975,158.369773,-29.257633,119.299911,0.00,0.00,0.00,0.00,0.00,0.00,0.00,0.00,0.00,0.00,0.00,0.00
235.759424,131.545149,-57.57404,178.825089,131.78063,-90.820922,82.459625,169.416882,-22.15585,120.445702,0.00,0.00,0.00,0.00,0.00,0.00,0.00,0.00,0.00,0.00,0.00,0.00
235.885011,134.324101,-50.920967,177.885193,131.51911,-86.002059,81.061722,179.168045,-16.993128,120.774925,0.00,0.00,0.00,0.00,0.00,0.00,0.00,0.00,0.00,0.00,0.00,0.00
236.010438,136.94128,-45.179958,178.710358,136.910181,-77.449356,81.790932,186.55592,-13.625242,121.83976,0.00,0.00,0.00,0.00,0.00,0.00,0.00,0.00,0.00,0.00,0.00,0.00
236.135974,138.572031,-39.262014,179.711121,143.262662,-66.177279,85.795876,192.380151,-10.264193,123.761261,0.00,0.00,0.00,0.00,0.00,0.00,0.00,0.00,0.00,0.00,0.00,0.00
236.261177,139.262085,-32.566943,178.916504,145.215339,-56.959483,88.810951,198.995767,-7.182797,123.578308,0.00,0.00,0.00,0.00,0.00,0.00,0.00,0.00,0.00,0.00,0.00,0.00
236.38658,139.766996,-25.927584,178.632614,138.965385,-49.282804,88.571045,201.28247,-5.451066,122.252106,0.00,0.00,0.00,0.00,0.00,0.00,0.00,0.00,0.00,0.00,0.00,0.00
236.511286,139.033168,-21.352012,178.448654,124.230911,-40.475241,84.953026,200.40736,-5.590338,123.803261,0.00,0.00,0.00,0.00,0.00,0.00,0.00,0.00,0.00,0.00,0.00,0.00
236.636343,136.093425,-19.274191,178.477402,106.815324,-30.579286,82.638474,199.440588,-7.618062,124.315735,0.00,0.00,0.00,0.00,0.00,0.00,0.00,0.00,0.00,0.00,0.00,0.00
236.761697,131.300412,-18.504919,178.198547,95.207265,-19.878109,84.242592,195.250331,-16.687671,123.431168,0.00,0.00,0.00,0.00,0.00,0.00,0.00,0.00,0.00,0.00,0.00,0.00
236.886568,127.220821,-16.59664,178.443604,92.37753,-11.373769,84.813049,184.865706,-32.080982,117.447197,0.00,0.00,0.00,0.00,0.00,0.00,0.00,0.00,0.00,0.00,0.00,0.00
237.01162,124.380094,-15.115635,178.690445,94.103719,-6.776974,84.192955,168.735256,-48.835034,109.858498,0.00,0.00,0.00,0.00,0.00,0.00,0.00,0.00,0.00,0.00,0.00,0.00
237.137143,122.201178,-15.17439,178.979065,96.924158,-4.947728,83.860527,148.897157,-60.769271,108.609688,0.00,0.00,0.00,0.00,0.00,0.00,0.00,0.00,0.00,0.00,0.00,0.00
237.262008,119.344121,-16.988155,179.396317,97.861514,-1.739081,83.980591,133.638165,-66.776117,109.715248,0.00,0.00,0.00,0.00,0.00,0.00,0.00,0.00,0.00,0.00,0.00,0.00
237.387649,114.654315,-19.447375,179.511719,95.570425,1.785843,83.019814,125.05206,-70.097518,110.634613,0.00,0.00,0.00,0.00,0.00,0.00,0.00,0.00,0.00,0.00,0.00,0.00
237.513188,109.195078,-22.441655,178.572433,91.268871,1.977261,81.688217,119.65611,-73.23121,111.144188,0.00,0.00,0.00,0.00,0.00,0.00,0.00,0.00,0.00,0.00,0.00,0.00
237.638224,104.603408,-26.049394,178.726501,86.829222,-3.834736,83.558876,112.06877,-75.778337,110.063347,0.00,0.00,0.00,0.00,0.00,0.00,0.00,0.00,0.00,0.00,0.00,0.00
237.763259,102.189857,-29.2579,177.829361,82.786432,-11.619436,84.47422,99.697816,-78.840147,108.842041,0.00,0.00,0.00,0.00,0.00,0.00,0.00,0.00,0.00,0.00,0.00,0.00
237.888895,101.2171,-32.839671,177.447983,85.47318,-13.938965,85.526421,84.705044,-78.601192,107.042984,0.00,0.00,0.00,0.00,0.00,0.00,0.00,0.00,0.00,0.00,0.00,0.00
238.000421,99.2179,-35.663715,177.42189,93.261898,-11.242866,83.393547,73.131463,-74.107407,106.718765,0.00,0.00,0.00,0.00,0.00,0.00,0.00,0.00,0.00,0.00,0.00,0.00
238.125648,94.651686,-37.469317,176.915283,103.105344,-5.507813,81.330803,61.888883,-69.082041,107.113731,0.00,0.00,0.00,0.00,0.00,0.00,0.00,0.00,0.00,0.00,0.00,0.00 
238.251099,87.348599,-38.211841,176.074127,106.499555,-3.086174,81.396942,51.10018,-66.716876,107.519485,0.00,0.00,0.00,0.00,0.00,0.00,0.00,0.00,0.00,0.00,0.00,0.00
238.376583,77.853219,-38.343713,175.069122,100.002094,-3.492736,81.017876,39.072393,-65.323755,106.788239,0.00,0.00,0.00,0.00,0.00,0.00,0.00,0.00,0.00,0.00,0.00,0.00
238.501862,67.177004,-38.355426,176.321747,83.575375,-6.136976,81.328339,27.785153,-63.459932,107.103134,0.00,0.00,0.00,0.00,0.00,0.00,0.00,0.00,0.00,0.00,0.00,0.00
238.627185,56.95903,-38.921435,177.574997,61.24403,-10.729735,83.303955,17.515353,-63.218942,109.784805,0.00,0.00,0.00,0.00,0.00,0.00,0.00,0.00,0.00,0.00,0.00,0.00
238.752583,47.338808,-40.297939,177.685501,38.549473,-16.188801,85.450127,6.026621,-65.63774,111.744392,0.00,0.00,0.00,0.00,0.00,0.00,0.00,0.00,0.00,0.00,0.00,0.00
238.877937,37.564452,-42.928879,176.798706,25.107698,-20.610063,86.161682,-3.802963,-68.595617,112.068771,0.00,0.00,0.00,0.00,0.00,0.00,0.00,0.00,0.00,0.00,0.00,0.00
239.003485,27.952481,-47.452959,175.486938,15.48681,-24.367162,84.274208,-16.151617,-72.502672,112.98877,0.00,0.00,0.00,0.00,0.00,0.00,0.00,0.00,0.00,0.00,0.00,0.00
239.128668,18.372455,-52.712068,176.960449,12.254387,-26.594015,82.995033,-29.666938,-76.069501,115.553078,0.00,0.00,0.00,0.00,0.00,0.00,0.00,0.00,0.00,0.00,0.00,0.00 
239.254028,8.254125,-57.177248,178.845001,12.290266,-29.206229,83.835045,-41.866829,-77.134086,118.543533,0.00,0.00,0.00,0.00,0.00,0.00,0.00,0.00,0.00,0.00,0.00,0.00
239.379213,-1.755266,-59.835005,179.252426,10.096699,-30.800887,83.372429,-53.258852,-76.540041,120.334206,0.00,0.00,0.00,0.00,0.00,0.00,0.00,0.00,0.00,0.00,0.00,0.00
239.504861,-12.330053,-61.247277,178.055618,3.829143,-32.091529,81.003204,-64.204179,-76.604211,120.327415,0.00,0.00,0.00,0.00,0.00,0.00,0.00,0.00,0.00,0.00,0.00,0.00
239.629972,-22.700418,-61.207527,176.498871,-9.69926,-33.880301,78.201431,-75.827952,-77.503704,118.253693,0.00,0.00,0.00,0.00,0.00,0.00,0.00,0.00,0.00,0.00,0.00,0.00
239.75563,-32.223378,-60.283019,177.400116,-28.368813,-36.185627,79.197212,-86.854721,-77.581729,118.177773,0.00,0.00,0.00,0.00,0.00,0.00,0.00,0.00,0.00,0.00,0.00,0.00
239.880998,-40.883899,-60.768563,178.644699,-45.848253,-39.481427,83.464241,-95.795508,-77.280696,121.449265,0.00,0.00,0.00,0.00,0.00,0.00,0.00,0.00,0.00,0.00,0.00,0.00
240.006408,-48.561041,-63.085902,179.225204,-58.048692,-43.65157,86.968872,-105.503755,-77.463536,124.123291,0.00,0.00,0.00,0.00,0.00,0.00,0.00,0.00,0.00,0.00,0.00,0.00
240.131726,-55.92473,-66.860573,179.206711,-62.258263,-46.442835,88.492256,-116.152279,-77.358486,127.666771,0.00,0.00,0.00,0.00,0.00,0.00,0.00,0.00,0.00,0.00,0.00,0.00
240.257317,-63.218679,-71.829901,179.414001,-58.708421,-48.678373,85.621956,-126.441571,-77.02457,129.541748,0.00,0.00,0.00,0.00,0.00,0.00,0.00,0.00,0.00,0.00,0.00,0.00
240.382493,-70.527828,-76.07727,179.658417,-48.43823,-53.67796,82.985962,-134.667453,-76.892934,129.69194,0.00,0.00,0.00,0.00,0.00,0.00,0.00,0.00,0.00,0.00,0.00,0.00
240.507726,-76.989646,-78.930923,179.47908,-39.631658,-61.458868,84.086624,-141.11575,-77.131046,128.75914,0.00,0.00,0.00,0.00,0.00,0.00,0.00,0.00,0.00,0.00,0.00,0.00
240.63282,-81.37684,-80.427292,179.378036,-36.493653,-67.991428,86.26696,-146.378734,-78.061541,128.164856,0.00,0.00,0.00,0.00,0.00,0.00,0.00,0.00,0.00,0.00,0.00,0.00
240.758139,-83.462202,-81.244282,179.696045,-37.749549,-72.153453,86.834503,-147.921357,-78.359184,127.902863,0.00,0.00,0.00,0.00,0.00,0.00,0.00,0.00,0.00,0.00,0.00,0.00
240.883557,-83.43013,-81.204019,179.651978,-42.431428,-75.069823,86.36618,-147.310692,-77.529391,127.627899,0.00,0.00,0.00,0.00,0.00,0.00,0.00,0.00,0.00,0.00,0.00,0.00
241.008633,-80.893869,-80.445154,179.976257,-43.014005,-78.420779,85.766136,-145.348798,-75.853389,126.641129,0.00,0.00,0.00,0.00,0.00,0.00,0.00,0.00,0.00,0.00,0.00,0.00
241.133603,-75.913112,-79.83959,179.969147,-40.505184,-81.767988,85.494484,-139.025932,-67.963513,122.930443,0.00,0.00,0.00,0.00,0.00,0.00,0.00,0.00,0.00,0.00,0.00,0.00
241.258784,-69.540818,-79.817413,179.763107,-37.702806,-85.031869,85.091682,-128.391566,-56.793956,119.895279,0.00,0.00,0.00,0.00,0.00,0.00,0.00,0.00,0.00,0.00,0.00,0.00
241.384013,-63.246137,-80.539027,179.759933,-34.024154,-93.333834,85.11438,-111.619884,-44.381202,117.937645,0.00,0.00,0.00,0.00,0.00,0.00,0.00,0.00,0.00,0.00,0.00,0.00
241.50499,-57.790141,-81.929325,180.000137,-29.373892,-96.632537,85.561485,-96.024862,-37.272035,116.461136,0.00,0.00,0.00,0.00,0.00,0.00,0.00,0.00,0.00,0.00,0.00,0.00
241.631326,-52.91536,-83.135368,180.121307,-23.459163,-99.436642,86.387299,-80.314635,-32.067204,115.453636,0.00,0.00,0.00,0.00,0.00,0.00,0.00,0.00,0.00,0.00,0.00,0.00
241.756799,-48.211119,-83.960948,179.649445,-19.488318,-102.633009,85.912338,-66.908447,-29.695279,113.615295,0.00,0.00,0.00,0.00,0.00,0.00,0.00,0.00,0.00,0.00,0.00,0.00
241.882219,-44.35687,-84.326546,179.857086,-19.133396,-106.031806,85.693169,-57.009243,-29.322093,112.21582,0.00,0.00,0.00,0.00,0.00,0.00,0.00,0.00,0.00,0.00,0.00,0.00
242.007549,-42.047287,-84.116806,180.243942,-17.754855,-105.040437,85.457329,-50.94657,-28.34523,112.304115,0.00,0.00,0.00,0.00,0.00,0.00,0.00,0.00,0.00,0.00,0.00,0.00
242.133122,-41.295025,-83.384714,180.412125,-15.701432,-102.652946,85.531441,-47.29364,-26.858479,113.285538,0.00,0.00,0.00,0.00,0.00,0.00,0.00,0.00,0.00,0.00,0.00,0.00
242.258435,-41.433208,-82.165951,180.581085,-16.598095,-101.304227,85.635338,-45.168186,-25.967183,113.57859,0.00,0.00,0.00,0.00,0.00,0.00,0.00,0.00,0.00,0.00,0.00,0.00
242.383797,-41.682638,-81.029638,180.568344,-14.913447,-102.01798,86.227402,-43.027001,-25.840773,113.063065,0.00,0.00,0.00,0.00,0.00,0.00,0.00,0.00,0.00,0.00,0.00,0.00
242.508904,-41.682616,-79.874352,180.535034,-15.350843,-100.940463,86.041428,-41.242599,-25.628942,113.215218,0.00,0.00,0.00,0.00,0.00,0.00,0.00,0.00,0.00,0.00,0.00,0.00
242.634636,-41.415013,-78.231724,180.319168,-16.039992,-99.822666,85.709633,-40.177083,-25.21091,113.255547,0.00,0.00,0.00,0.00,0.00,0.00,0.00,0.00,0.00,0.00,0.00,0.00
242.760479,-40.546923,-75.875263,180.099167,-17.646315,-99.55734,85.355331,-38.514714,-24.940266,112.885773,0.00,0.00,0.00,0.00,0.00,0.00,0.00,0.00,0.00,0.00,0.00,0.00
242.885624,-38.636475,-72.760378,179.136749,-19.036647,-100.307963,84.906075,-35.085965,-25.047974,113.01786,0.00,0.00,0.00,0.00,0.00,0.00,0.00,0.00,0.00,0.00,0.00,0.00
243.010486,-35.00782,-69.439649,178.625046,-18.239475,-102.161198,85.405861,-30.720429,-25.974718,114.120079,0.00,0.00,0.00,0.00,0.00,0.00,0.00,0.00,0.00,0.00,0.00,0.00
243.135823,-29.756675,-66.124609,177.961075,-14.745666,-100.460509,85.169167,-24.152437,-25.441334,113.551697,0.00,0.00,0.00,0.00,0.00,0.00,0.00,0.00,0.00,0.00,0.00,0.00
243.261112,-22.804348,-62.898311,177.093552,-7.681645,-99.160283,84.791397,-17.643576,-24.559536,113.556496,0.00,0.00,0.00,0.00,0.00,0.00,0.00,0.00,0.00,0.00,0.00,0.00
243.386764,-14.886941,-59.784576,176.910278,1.384103,-97.138884,84.382843,-12.457207,-25.280451,112.434372,0.00,0.00,0.00,0.00,0.00,0.00,0.00,0.00,0.00,0.00,0.00,0.00
243.512449,-6.751516,-56.011063,177.772812,10.034893,-95.403917,85.219833,-8.465542,-26.636977,111.27356,0.00,0.00,0.00,0.00,0.00,0.00,0.00,0.00,0.00,0.00,0.00,0.00
243.638166,0.779298,-51.273179,177.973846,16.974446,-65.929158,86.780403,-5.219188,-25.158055,111.388611,0.00,0.00,0.00,0.00,0.00,0.00,0.00,0.00,0.00,0.00,0.00,0.00
243.763663,8.174814,-44.754207,176.974747,26.526164,-56.435911,84.531555,0.76166,-18.064669,111.346474,0.00,0.00,0.00,0.00,0.00,0.00,0.00,0.00,0.00,0.00,0.00,0.00
243.886809,15.020936,-36.625448,176.514465,34.434494,-50.305279,82.017494,8.974304,-8.51188,111.232445,0.00,0.00,0.00,0.00,0.00,0.00,0.00,0.00,0.00,0.00,0.00,0.00
244.012343,21.903983,-27.761458,177.737076,40.049963,-47.392034,82.600716,18.299122,0.666827,113.273537,0.00,0.00,0.00,0.00,0.00,0.00,0.00,0.00,0.00,0.00,0.00,0.00
244.13812,29.963918,-19.085494,178.211945,45.917223,-44.705681,83.102074,28.143741,8.746234,114.232048,0.00,0.00,0.00,0.00,0.00,0.00,0.00,0.00,0.00,0.00,0.00,0.00
244.263191,39.130432,-11.530477,177.612015,52.645028,-42.940112,79.386147,37.498435,16.051363,114.215088,0.00,0.00,0.00,0.00,0.00,0.00,0.00,0.00,0.00,0.00,0.00,0.00
244.388813,49.247337,-4.535061,175.934616,61.118145,-38.835003,76.26268,46.427491,23.571442,111.822388,0.00,0.00,0.00,0.00,0.00,0.00,0.00,0.00,0.00,0.00,0.00,0.00
244.513013,59.441107,2.264546,175.898575,73.065362,-30.467057,75.188751,54.393459,29.87535,110.26635,0.00,0.00,0.00,0.00,0.00,0.00,0.00,0.00,0.00,0.00,0.00,0.00
244.639055,68.584444,9.309929,177.282211,87.614773,-16.907027,76.204056,60.685443,34.936098,111.418701,0.00,0.00,0.00,0.00,0.00,0.00,0.00,0.00,0.00,0.00,0.00,0.00
244.750634,75.017624,15.893644,177.379425,100.960189,-4.13878,76.886787,64.095192,39.895023,111.892021,0.00,0.00,0.00,0.00,0.00,0.00,0.00,0.00,0.00,0.00,0.00,0.00
244.875776,80.335884,23.8566,177.177673,111.874165,12.559252,80.27729,67.09183,47.84572,110.8013,0.00,0.00,0.00,0.00,0.00,0.00,0.00,0.00,0.00,0.00,0.00,0.00
