51.695213,115.109327,47.487857,149.941757,101.301382,42.309254,110.006691,126.530694,40.908745,101.695587,0.00,0.00,0.00,0.00,0.00,0.00,0.00,0.00,0.00,0.00,0.00,0.00
51.82073,118.510727,35.122921,151.878998,101.818785,29.497763,111.797928,125.179935,26.279275,103.018188,0.00,0.00,0.00,0.00,0.00,0.00,0.00,0.00,0.00,0.00,0.00,0.00
51.932647,120.115886,24.683603,154.76001,102.722506,19.440365,114.846268,124.592477,14.383359,107.672379,0.00,0.00,0.00,0.00,0.00,0.00,0.00,0.00,0.00,0.00,0.00,0.00
52.057348,120.176987,13.218523,156.178467,102.819997,9.555366,114.219727,124.166036,1.794148,109.870041,0.00,0.00,0.00,0.00,0.00,0.00,0.00,0.00,0.00,0.00,0.00,0.00
52.183295,117.448543,1.368295,154.663467,102.453369,-2.37856,110.225662,126.007889,-12.776962,107.423744,0.00,0.00,0.00,0.00,0.00,0.00,0.00,0.00,0.00,0.00,0.00,0.00
52.308583,112.927544,-11.170062,154.158951,101.48842,-17.829272,109.136436,129.919484,-26.439811,108.021835,0.00,0.00,0.00,0.00,0.00,0.00,0.00,0.00,0.00,0.00,0.00,0.00
52.434526,108.294505,-24.652031,158.601974,101.860395,-34.215151,112.380219,132.136285,-36.395178,112.583313,0.00,0.00,0.00,0.00,0.00,0.00,0.00,0.00,0.00,0.00,0.00,0.00
52.560221,104.839273,-39.204291,160.694427,102.801595,-49.565176,114.707268,132.419501,-46.020213,115.791344,0.00,0.00,0.00,0.00,0.00,0.00,0.00,0.00,0.00,0.00,0.00,0.00
52.685581,103.071721,-54.084449,157.948517,103.314327,-62.828688,110.497177,130.571628,-58.850501,112.306366,0.00,0.00,0.00,0.00,0.00,0.00,0.00,0.00,0.00,0.00,0.00,0.00
52.809874,104.900542,-69.434397,155.430008,104.890016,-74.037573,104.436752,127.871933,-76.213829,109.524368,0.00,0.00,0.00,0.00,0.00,0.00,0.00,0.00,0.00,0.00,0.00,0.00
52.934645,108.998298,-85.292077,155.486588,103.641513,-89.148756,105.639175,125.689207,-97.103946,113.341591,0.00,0.00,0.00,0.00,0.00,0.00,0.00,0.00,0.00,0.00,0.00,0.00
53.059602,110.005816,-99.629606,157.880615,100.606553,-104.979539,110.24041,120.422879,-113.782663,119.94841,0.00,0.00,0.00,0.00,0.00,0.00,0.00,0.00,0.00,0.00,0.00,0.00
53.184578,108.994907,-113.666041,158.580399,97.958201,-120.537096,111.423515,113.327873,-126.59351,123.156799,0.00,0.00,0.00,0.00,0.00,0.00,0.00,0.00,0.00,0.00,0.00,0.00
53.310154,105.961106,-128.139873,155.943634,95.777835,-137.92206,106.879684,109.1023,-139.937771,119.880821,0.00,0.00,0.00,0.00,0.00,0.00,0.00,0.00,0.00,0.00,0.00,0.00
53.435694,97.698354,-142.076672,155.911835,93.831155,-155.337248,107.396278,111.077204,-154.993604,118.426666,0.00,0.00,0.00,0.00,0.00,0.00,0.00,0.00,0.00,0.00,0.00,0.00
53.561267,92.955085,-155.153274,157.221359,90.507184,-170.525316,110.656906,111.490743,-169.30612,120.25824,0.00,0.00,0.00,0.00,0.00,0.00,0.00,0.00,0.00,0.00,0.00,0.00
53.68641,89.477317,-167.667768,159.672241,85.692319,-181.651987,113.82766,109.457896,-182.211962,122.172356,0.00,0.00,0.00,0.00,0.00,0.00,0.00,0.00,0.00,0.00,0.00,0.00
53.812325,85.738426,-179.827889,156.098007,79.411032,-193.639806,110.819336,105.473007,-196.464311,118.082535,0.00,0.00,0.00,0.00,0.00,0.00,0.00,0.00,0.00,0.00,0.00,0.00
53.93666,82.092978,-191.271532,153.459854,73.96296,-206.152676,107.339226,101.770517,-210.507611,112.458382,0.00,0.00,0.00,0.00,0.00,0.00,0.00,0.00,0.00,0.00,0.00,0.00
54.061261,78.501535,-202.230507,153.846619,66.556964,-217.012096,106.752289,96.064005,-223.400095,110.484436,0.00,0.00,0.00,0.00,0.00,0.00,0.00,0.00,0.00,0.00,0.00,0.00
54.186431,74.156176,-211.292425,156.34108,57.479937,-222.5036,111.184273,90.490738,-232.365397,112.540031,0.00,0.00,0.00,0.00,0.00,0.00,0.00,0.00,0.00,0.00,0.00,0.00
54.311857,70.177358,-218.792535,157.835129,43.2442,-229.122397,116.20575,87.314102,-238.579081,112.580872,0.00,0.00,0.00,0.00,0.00,0.00,0.00,0.00,0.00,0.00,0.00,0.00
54.436268,63.433404,-225.336601,157.039902,26.051315,-236.867894,121.991432,84.50028,-242.479919,109.788605,0.00,0.00,0.00,0.00,0.00,0.00,0.00,0.00,0.00,0.00,0.00,0.00
54.561653,52.453484,-230.839589,155.313751,8.329336,-244.796495,126.064636,77.832243,-244.389903,106.043831,0.00,0.00,0.00,0.00,0.00,0.00,0.00,0.00,0.00,0.00,0.00,0.00
54.686513,36.847129,-235.25188,152.308609,-13.262526,-251.416154,129.65332,64.321232,-245.929547,102.101875,0.00,0.00,0.00,0.00,0.00,0.00,0.00,0.00,0.00,0.00,0.00,0.00
54.81291,17.621542,-239.722163,151.056747,-34.636746,-256.891954,132.281799,48.885749,-247.864272,99.857353,0.00,0.00,0.00,0.00,0.00,0.00,0.00,0.00,0.00,0.00,0.00,0.00
54.939232,1.682627,-243.375525,153.177078,-47.99459,-260.81392,130.061859,38.178342,-248.271724,104.892311,0.00,0.00,0.00,0.00,0.00,0.00,0.00,0.00,0.00,0.00,0.00,0.00
55.064681,-8.094411,-246.274747,153.859848,-57.609821,-265.782647,130.75,32.267186,-250.643394,107.779671,0.00,0.00,0.00,0.00,0.00,0.00,0.00,0.00,0.00,0.00,0.00,0.00
55.190481,-13.19148,-249.313336,153.959641,-63.347904,-272.317145,131.659973,28.037417,-252.112305,107.529984,0.00,0.00,0.00,0.00,0.00,0.00,0.00,0.00,0.00,0.00,0.00,0.00
55.316042,-13.830395,-252.438588,155.276611,-63.174138,-272.708741,127.63636,27.521413,-250.047852,108.864677,0.00,0.00,0.00,0.00,0.00,0.00,0.00,0.00,0.00,0.00,0.00,0.00
55.441409,-6.748268,-254.68505,159.25264,-53.041833,-266.599816,113.275543,31.078719,-248.084543,109.110512,0.00,0.00,0.00,0.00,0.00,0.00,0.00,0.00,0.00,0.00,0.00,0.00 
55.567636,10.081434,-254.045182,162.640915,-25.336551,-257.680584,93.267509,37.138207,-245.01426,108.342209,0.00,0.00,0.00,0.00,0.00,0.00,0.00,0.00,0.00,0.00,0.00,0.00
55.692231,28.418641,-243.570381,162.102631,4.049716,-252.438818,84.672249,47.274364,-238.778498,107.804703,0.00,0.00,0.00,0.00,0.00,0.00,0.00,0.00,0.00,0.00,0.00,0.00
55.818092,40.254125,-230.353282,160.645554,27.041189,-250.444297,85.349113,58.059892,-228.063351,106.945892,0.00,0.00,0.00,0.00,0.00,0.00,0.00,0.00,0.00,0.00,0.00,0.00
55.942999,50.279913,-219.701231,159.867889,48.787147,-247.645813,94.70388,66.762156,-214.501932,106.709251,0.00,0.00,0.00,0.00,0.00,0.00,0.00,0.00,0.00,0.00,0.00,0.00
56.067932,59.724178,-210.562112,159.655899,68.686964,-240.424519,104.248978,71.939646,-203.691647,106.818153,0.00,0.00,0.00,0.00,0.00,0.00,0.00,0.00,0.00,0.00,0.00,0.00 
56.193166,68.644051,-202.406123,156.661942,83.797213,-230.086431,108.855057,77.118701,-196.977469,102.68055,0.00,0.00,0.00,0.00,0.00,0.00,0.00,0.00,0.00,0.00,0.00,0.00 
56.318548,77.797509,-193.99787,152.026688,93.521861,-225.415445,107.349846,83.825886,-195.48654,98.079086,0.00,0.00,0.00,0.00,0.00,0.00,0.00,0.00,0.00,0.00,0.00,0.00 
56.443609,86.138202,-186.377111,144.933075,102.356767,-226.458216,99.134621,92.179504,-197.61944,92.847687,0.00,0.00,0.00,0.00,0.00,0.00,0.00,0.00,0.00,0.00,0.00,0.00
56.567962,100.228561,-185.712011,142.501328,116.970508,-224.56301,90.674034,100.879233,-200.195302,88.285965,0.00,0.00,0.00,0.00,0.00,0.00,0.00,0.00,0.00,0.00,0.00,0.00
56.694462,117.197677,-190.432932,148.089554,128.287055,-218.885919,97.492744,115.490591,-196.904689,93.149223,0.00,0.00,0.00,0.00,0.00,0.00,0.00,0.00,0.00,0.00,0.00,0.00
56.820399,127.33319,-192.088401,154.450867,132.979844,-216.203636,103.148651,132.602839,-186.593194,105.27935,0.00,0.00,0.00,0.00,0.00,0.00,0.00,0.00,0.00,0.00,0.00,0.00 
56.945698,132.944168,-191.734408,157.293106,136.567443,-214.770743,104.45652,150.822343,-174.852798,118.460533,0.00,0.00,0.00,0.00,0.00,0.00,0.00,0.00,0.00,0.00,0.00,0.00 
57.070205,137.284212,-189.472045,158.33699,139.398675,-213.865729,106.086746,169.825335,-164.907499,127.089928,0.00,0.00,0.00,0.00,0.00,0.00,0.00,0.00,0.00,0.00,0.00,0.00
57.195489,142.812894,-185.521915,157.983185,140.541166,-212.824433,103.796753,186.591435,-155.838034,130.975189,0.00,0.00,0.00,0.00,0.00,0.00,0.00,0.00,0.00,0.00,0.00,0.00
57.307351,148.238734,-180.214472,158.210785,139.810222,-209.083279,101.969948,192.236001,-152.170705,130.951813,0.00,0.00,0.00,0.00,0.00,0.00,0.00,0.00,0.00,0.00,0.00,0.00
57.432726,152.932435,-177.973951,159.295578,138.406264,-204.751223,101.717422,194.108656,-154.144315,126.964066,0.00,0.00,0.00,0.00,0.00,0.00,0.00,0.00,0.00,0.00,0.00,0.00
57.558397,153.178685,-182.780349,160.659164,136.709987,-205.133192,102.549484,189.708577,-166.559026,121.35643,0.00,0.00,0.00,0.00,0.00,0.00,0.00,0.00,0.00,0.00,0.00,0.00
57.684619,144.306404,-189.84858,161.448517,133.295092,-207.198438,105.819725,174.487344,-186.810112,103.944267,0.00,0.00,0.00,0.00,0.00,0.00,0.00,0.00,0.00,0.00,0.00,0.00
57.811124,132.361207,-192.862649,161.024765,124.385016,-209.284558,107.551483,151.276345,-197.401833,88.198601,0.00,0.00,0.00,0.00,0.00,0.00,0.00,0.00,0.00,0.00,0.00,0.00
57.935876,121.824357,-195.360979,160.014893,110.503915,-210.053272,105.72245,141.616464,-205.587878,86.089523,0.00,0.00,0.00,0.00,0.00,0.00,0.00,0.00,0.00,0.00,0.00,0.00
58.060026,112.291041,-199.995458,160.426498,95.366826,-210.310237,103.52597,134.781057,-214.216379,89.842293,0.00,0.00,0.00,0.00,0.00,0.00,0.00,0.00,0.00,0.00,0.00,0.00
58.186217,103.617495,-204.94237,161.298233,83.681417,-212.792964,105.813812,126.980963,-221.21063,92.919174,0.00,0.00,0.00,0.00,0.00,0.00,0.00,0.00,0.00,0.00,0.00,0.00
58.311629,97.982246,-211.20076,160.658951,75.141868,-215.855041,105.747879,119.831367,-227.917994,92.848289,0.00,0.00,0.00,0.00,0.00,0.00,0.00,0.00,0.00,0.00,0.00,0.00 
58.436958,94.81446,-218.369488,159.022614,70.431166,-218.849027,103.99675,113.297562,-234.580976,90.829208,0.00,0.00,0.00,0.00,0.00,0.00,0.00,0.00,0.00,0.00,0.00,0.00 
58.562761,93.233304,-225.861566,157.19838,66.304659,-223.14992,104.014435,106.676484,-241.8503,86.261719,0.00,0.00,0.00,0.00,0.00,0.00,0.00,0.00,0.00,0.00,0.00,0.00
58.687404,90.153361,-232.570984,157.94014,59.900196,-228.40658,107.839966,100.794551,-248.528868,87.788589,0.00,0.00,0.00,0.00,0.00,0.00,0.00,0.00,0.00,0.00,0.00,0.00
58.812534,83.965877,-236.633018,159.081223,49.809698,-234.984179,114.656448,95.730699,-251.213402,88.396576,0.00,0.00,0.00,0.00,0.00,0.00,0.00,0.00,0.00,0.00,0.00,0.00
58.936739,75.702196,-239.695671,157.873993,34.801949,-243.845217,120.547394,92.306307,-254.42755,87.44133,0.00,0.00,0.00,0.00,0.00,0.00,0.00,0.00,0.00,0.00,0.00,0.00
59.062527,65.364785,-241.74208,156.169388,17.579862,-255.759807,125.152657,88.55781,-257.211303,86.111702,0.00,0.00,0.00,0.00,0.00,0.00,0.00,0.00,0.00,0.00,0.00,0.00
59.187267,54.734014,-245.540332,157.825211,3.39619,-266.783805,127.15416,83.086886,-254.043242,89.767548,0.00,0.00,0.00,0.00,0.00,0.00,0.00,0.00,0.00,0.00,0.00,0.00
59.313,49.162308,-249.380335,158.334702,0.861322,-274.673773,130.354599,78.679377,-247.520965,93.281464,0.00,0.00,0.00,0.00,0.00,0.00,0.00,0.00,0.00,0.00,0.00,0.00
59.438528,50.274737,-250.843512,158.027573,0.869596,-275.408025,121.717453,79.450489,-241.369293,91.920822,0.00,0.00,0.00,0.00,0.00,0.00,0.00,0.00,0.00,0.00,0.00,0.00
59.564568,60.353672,-248.621403,158.988907,11.626444,-268.77959,101.222267,83.111747,-235.260662,90.652016,0.00,0.00,0.00,0.00,0.00,0.00,0.00,0.00,0.00,0.00,0.00,0.00
59.690243,74.705045,-237.875148,158.05864,35.880942,-254.005251,83.012238,89.625085,-225.171169,89.349113,0.00,0.00,0.00,0.00,0.00,0.00,0.00,0.00,0.00,0.00,0.00,0.00
59.815498,81.888203,-222.84624,158.020782,59.294046,-244.836903,79.58316,94.457107,-211.989204,88.998138,0.00,0.00,0.00,0.00,0.00,0.00,0.00,0.00,0.00,0.00,0.00,0.00 
59.940531,86.802837,-206.788336,157.791199,79.534188,-241.917882,85.44397,98.969393,-196.000027,87.318115,0.00,0.00,0.00,0.00,0.00,0.00,0.00,0.00,0.00,0.00,0.00,0.00
60.065703,88.418794,-193.673385,156.283813,94.920688,-238.512249,89.180664,95.912154,-182.209604,85.966484,0.00,0.00,0.00,0.00,0.00,0.00,0.00,0.00,0.00,0.00,0.00,0.00
60.190075,88.849719,-185.919013,156.674744,107.110447,-231.103645,90.859421,92.402599,-174.581696,88.471069,0.00,0.00,0.00,0.00,0.00,0.00,0.00,0.00,0.00,0.00,0.00,0.00
60.314572,90.443532,-181.342371,156.615753,115.147667,-219.575659,87.705055,86.842126,-173.023857,90.330139,0.00,0.00,0.00,0.00,0.00,0.00,0.00,0.00,0.00,0.00,0.00,0.00
60.439573,96.583125,-177.540317,157.802292,120.547297,-204.436704,85.580292,85.122427,-173.630551,91.059685,0.00,0.00,0.00,0.00,0.00,0.00,0.00,0.00,0.00,0.00,0.00,0.00 
60.565083,103.13695,-170.955366,157.506592,124.655681,-183.682262,85.916832,88.845929,-173.377566,85.75177,0.00,0.00,0.00,0.00,0.00,0.00,0.00,0.00,0.00,0.00,0.00,0.00
60.690372,110.867107,-163.375339,156.829865,128.868469,-164.489851,88.636871,91.907299,-165.570741,85.019882,0.00,0.00,0.00,0.00,0.00,0.00,0.00,0.00,0.00,0.00,0.00,0.00
60.815791,117.095902,-153.620619,158.377167,134.308783,-147.676637,92.323784,91.024336,-152.216521,89.847755,0.00,0.00,0.00,0.00,0.00,0.00,0.00,0.00,0.00,0.00,0.00,0.00
60.941258,120.334785,-143.237513,160.57666,138.159423,-130.835462,97.781792,91.7235,-144.585449,94.946548,0.00,0.00,0.00,0.00,0.00,0.00,0.00,0.00,0.00,0.00,0.00,0.00
61.066748,122.661645,-132.16844,159.414642,139.100848,-115.587393,102.482208,94.799581,-137.309704,91.676651,0.00,0.00,0.00,0.00,0.00,0.00,0.00,0.00,0.00,0.00,0.00,0.00
61.190489,123.298105,-120.794362,157.058548,139.49951,-103.689271,104.453468,98.203599,-125.372201,86.833046,0.00,0.00,0.00,0.00,0.00,0.00,0.00,0.00,0.00,0.00,0.00,0.00
61.3159,123.022655,-108.889899,157.579559,143.343642,-87.57094,108.555672,99.183412,-109.423185,88.152718,0.00,0.00,0.00,0.00,0.00,0.00,0.00,0.00,0.00,0.00,0.00,0.00
61.441403,125.125597,-98.463962,159.544342,149.425291,-71.730151,116.175201,99.446041,-95.978635,91.010429,0.00,0.00,0.00,0.00,0.00,0.00,0.00,0.00,0.00,0.00,0.00,0.00
61.566633,127.73253,-89.01099,160.075241,158.535399,-57.488813,121.705101,100.34632,-85.452128,95.016495,0.00,0.00,0.00,0.00,0.00,0.00,0.00,0.00,0.00,0.00,0.00,0.00
61.68266,130.894079,-80.280501,158.451889,168.542711,-44.904801,123.013779,100.798488,-78.594525,95.660004,0.00,0.00,0.00,0.00,0.00,0.00,0.00,0.00,0.00,0.00,0.00,0.00 
61.816734,137.586202,-68.159194,157.939499,178.209076,-29.349318,126.78968,102.338336,-73.327666,94.943558,0.00,0.00,0.00,0.00,0.00,0.00,0.00,0.00,0.00,0.00,0.00,0.00
61.942446,143.853773,-55.539944,158.930557,186.773294,-17.979157,129.278564,109.012131,-70.368635,100.092461,0.00,0.00,0.00,0.00,0.00,0.00,0.00,0.00,0.00,0.00,0.00,0.00
62.067337,145.874819,-46.704217,159.669373,191.759056,-12.345706,129.34079,114.346664,-67.776844,103.193794,0.00,0.00,0.00,0.00,0.00,0.00,0.00,0.00,0.00,0.00,0.00,0.00
62.192736,143.024001,-40.820541,160.034973,180.256293,-8.036927,120.440628,111.577417,-65.195681,99.790337,0.00,0.00,0.00,0.00,0.00,0.00,0.00,0.00,0.00,0.00,0.00,0.00
62.317756,134.428627,-39.771775,160.499603,158.666122,-18.814162,115.195259,110.303999,-63.299719,99.293289,0.00,0.00,0.00,0.00,0.00,0.00,0.00,0.00,0.00,0.00,0.00,0.00 
62.44331,126.627597,-44.365513,160.080902,136.390891,-29.38363,102.194618,107.613725,-63.048374,100.040649,0.00,0.00,0.00,0.00,0.00,0.00,0.00,0.00,0.00,0.00,0.00,0.00
62.568924,120.20895,-49.492435,158.946518,117.553506,-38.225527,103.079926,102.954665,-64.549421,99.946709,0.00,0.00,0.00,0.00,0.00,0.00,0.00,0.00,0.00,0.00,0.00,0.00
62.694305,112.204772,-54.007044,157.401062,107.878167,-39.311419,105.831131,97.522329,-67.919819,97.85923,0.00,0.00,0.00,0.00,0.00,0.00,0.00,0.00,0.00,0.00,0.00,0.00
62.82015,102.739796,-57.744537,156.696899,97.220764,-35.475611,106.01487,91.687137,-73.501516,97.580162,0.00,0.00,0.00,0.00,0.00,0.00,0.00,0.00,0.00,0.00,0.00,0.00
62.945378,92.848555,-59.138802,157.099396,87.511655,-37.011498,108.231987,81.544122,-78.157451,100.16272,0.00,0.00,0.00,0.00,0.00,0.00,0.00,0.00,0.00,0.00,0.00,0.00
63.05774,83.319744,-59.736131,156.99791,80.971562,-44.715419,106.323181,68.508979,-77.372882,103.438805,0.00,0.00,0.00,0.00,0.00,0.00,0.00,0.00,0.00,0.00,0.00,0.00
63.183638,73.258231,-58.822524,155.288177,69.357484,-41.772868,103.401459,57.561488,-71.829682,106.189728,0.00,0.00,0.00,0.00,0.00,0.00,0.00,0.00,0.00,0.00,0.00,0.00
63.308555,64.351049,-53.769011,155.702286,55.837062,-32.690461,102.310928,52.205101,-75.749051,106.278458,0.00,0.00,0.00,0.00,0.00,0.00,0.00,0.00,0.00,0.00,0.00,0.00
63.434594,54.455654,-47.858142,157.730011,41.221825,-26.3885,104.288925,50.895359,-78.220565,105.446327,0.00,0.00,0.00,0.00,0.00,0.00,0.00,0.00,0.00,0.00,0.00,0.00
63.560709,45.440803,-43.889636,160.675095,29.477801,-27.086028,107.655464,47.677652,-82.160297,106.68576,0.00,0.00,0.00,0.00,0.00,0.00,0.00,0.00,0.00,0.00,0.00,0.00
63.686074,36.25072,-42.980395,160.032013,18.111417,-31.405518,106.188354,39.061251,-90.416798,108.306778,0.00,0.00,0.00,0.00,0.00,0.00,0.00,0.00,0.00,0.00,0.00,0.00
63.811724,26.694933,-46.600575,159.109711,6.149814,-35.995578,107.529381,28.586153,-97.358226,107.402718,0.00,0.00,0.00,0.00,0.00,0.00,0.00,0.00,0.00,0.00,0.00,0.00
63.937208,16.43032,-53.343321,161.071182,-9.142306,-35.143537,112.136925,14.882674,-99.936041,105.436539,0.00,0.00,0.00,0.00,0.00,0.00,0.00,0.00,0.00,0.00,0.00,0.00
64.062415,6.65499,-59.966197,162.34166,-25.0614,-35.235354,119.720589,3.116841,-100.533283,105.989288,0.00,0.00,0.00,0.00,0.00,0.00,0.00,0.00,0.00,0.00,0.00,0.00
64.187479,-2.133958,-65.196694,162.218994,-39.054276,-40.625844,126.134155,-4.56296,-99.291314,104.824997,0.00,0.00,0.00,0.00,0.00,0.00,0.00,0.00,0.00,0.00,0.00,0.00
64.312556,-11.747151,-69.372576,161.100983,-56.306576,-49.933541,129.123764,-7.014492,-99.189663,100.092972,0.00,0.00,0.00,0.00,0.00,0.00,0.00,0.00,0.00,0.00,0.00,0.00 
64.437755,-23.906341,-72.833159,158.947769,-75.215444,-60.213546,130.511475,-5.545247,-103.356461,96.544823,0.00,0.00,0.00,0.00,0.00,0.00,0.00,0.00,0.00,0.00,0.00,0.00
64.562653,-39.731944,-76.543903,157.318161,-94.906893,-69.501484,131.373779,-5.440674,-107.258074,95.187866,0.00,0.00,0.00,0.00,0.00,0.00,0.00,0.00,0.00,0.00,0.00,0.00
64.687387,-58.9246,-82.56738,157.344604,-113.858622,-76.443852,134.241394,-12.553992,-107.305593,97.23629,0.00,0.00,0.00,0.00,0.00,0.00,0.00,0.00,0.00,0.00,0.00,0.00
64.811715,-73.065216,-88.836965,157.079773,-130.374424,-78.501879,134.69014,-20.33307,-109.442501,104.570641,0.00,0.00,0.00,0.00,0.00,0.00,0.00,0.00,0.00,0.00,0.00,0.00
64.936794,-80.050405,-94.613307,156.888245,-138.196496,-80.746829,128.991577,-26.479709,-112.987877,107.555862,0.00,0.00,0.00,0.00,0.00,0.00,0.00,0.00,0.00,0.00,0.00,0.00
65.06233,-82.984846,-101.06036,156.067413,-141.122767,-85.45793,129.93956,-29.733978,-114.249868,107.498039,0.00,0.00,0.00,0.00,0.00,0.00,0.00,0.00,0.00,0.00,0.00,0.00
65.187079,-83.177999,-105.175896,155.179138,-139.771015,-89.436668,134.092468,-29.050426,-115.674085,104.5755,0.00,0.00,0.00,0.00,0.00,0.00,0.00,0.00,0.00,0.00,0.00,0.00
65.312652,-78.555609,-108.866119,156.294006,-127.436073,-101.48377,133.880188,-28.528891,-119.268891,101.32769,0.00,0.00,0.00,0.00,0.00,0.00,0.00,0.00,0.00,0.00,0.00,0.00
65.438068,-68.808246,-113.356893,158.150131,-97.990064,-113.467734,119.495811,-27.546533,-124.806621,99.756798,0.00,0.00,0.00,0.00,0.00,0.00,0.00,0.00,0.00,0.00,0.00,0.00
65.563657,-54.702826,-121.049103,159.058197,-67.029664,-120.83532,103.634369,-25.065578,-130.545008,98.795853,0.00,0.00,0.00,0.00,0.00,0.00,0.00,0.00,0.00,0.00,0.00,0.00 
65.689347,-41.166055,-128.565644,160.409409,-45.713637,-130.902027,102.381599,-21.957797,-136.440984,101.223419,0.00,0.00,0.00,0.00,0.00,0.00,0.00,0.00,0.00,0.00,0.00,0.00
65.81503,-31.795944,-134.826101,160.182739,-37.532918,-137.376387,106.860374,-19.831437,-141.301818,101.900162,0.00,0.00,0.00,0.00,0.00,0.00,0.00,0.00,0.00,0.00,0.00,0.00
65.940398,-26.432775,-142.191303,159.045242,-37.237255,-148.730449,107.138634,-17.975258,-146.808271,100.031197,0.00,0.00,0.00,0.00,0.00,0.00,0.00,0.00,0.00,0.00,0.00,0.00
66.066177,-24.65265,-151.019933,157.922607,-37.247683,-159.199745,105.561623,-17.17226,-155.728457,98.815125,0.00,0.00,0.00,0.00,0.00,0.00,0.00,0.00,0.00,0.00,0.00,0.00
66.191396,-26.35586,-160.708038,156.607101,-40.039043,-172.966679,103.540672,-14.923092,-167.370769,98.568436,0.00,0.00,0.00,0.00,0.00,0.00,0.00,0.00,0.00,0.00,0.00,0.00
66.316819,-27.742866,-172.188188,157.509796,-49.003967,-193.552718,105.630447,-12.150745,-177.53743,97.691185,0.00,0.00,0.00,0.00,0.00,0.00,0.00,0.00,0.00,0.00,0.00,0.00
66.44184,-27.69757,-183.001185,158.933365,-56.876637,-214.525133,113.886604,-11.105613,-183.087725,98.882034,0.00,0.00,0.00,0.00,0.00,0.00,0.00,0.00,0.00,0.00,0.00,0.00
66.567022,-27.250782,-193.171847,159.626419,-62.41372,-234.613434,124.112663,-8.286863,-189.442577,99.130966,0.00,0.00,0.00,0.00,0.00,0.00,0.00,0.00,0.00,0.00,0.00,0.00
66.691074,-24.577979,-202.999694,158.383987,-65.505916,-247.997677,127.864098,-3.861784,-197.073071,97.826614,0.00,0.00,0.00,0.00,0.00,0.00,0.00,0.00,0.00,0.00,0.00,0.00
66.816015,-20.034946,-212.429495,156.575867,-67.319633,-257.013709,127.805748,1.020952,-202.942179,95.71167,0.00,0.00,0.00,0.00,0.00,0.00,0.00,0.00,0.00,0.00,0.00,0.00 
66.941431,-10.217378,-220.162855,157.0215,-67.4998,-259.780593,122.3843,5.219336,-209.911756,94.949654,0.00,0.00,0.00,0.00,0.00,0.00,0.00,0.00,0.00,0.00,0.00,0.00
67.067484,-1.18514,-224.631314,157.568893,-62.859044,-257.484128,111.934349,8.973588,-217.800117,97.388649,0.00,0.00,0.00,0.00,0.00,0.00,0.00,0.00,0.00,0.00,0.00,0.00
67.192055,4.291325,-228.899995,156.728149,-62.562107,-261.675958,112.691689,11.121707,-221.892619,97.614655,0.00,0.00,0.00,0.00,0.00,0.00,0.00,0.00,0.00,0.00,0.00,0.00
67.317766,1.296288,-241.007827,157.610809,-66.539915,-271.099991,126.800194,12.753082,-226.943355,94.671867,0.00,0.00,0.00,0.00,0.00,0.00,0.00,0.00,0.00,0.00,0.00,0.00 
67.443334,-6.690584,-247.452262,159.41832,-60.853855,-276.482518,132.319595,14.955639,-235.823056,95.289154,0.00,0.00,0.00,0.00,0.00,0.00,0.00,0.00,0.00,0.00,0.00,0.00 
67.5684,-5.839778,-251.487572,160.244125,-58.855533,-278.827257,131.781265,18.683473,-242.074686,97.767029,0.00,0.00,0.00,0.00,0.00,0.00,0.00,0.00,0.00,0.00,0.00,0.00
67.693407,-1.691125,-254.241714,159.791138,-60.382185,-274.850469,125.939217,24.708373,-244.61626,98.774513,0.00,0.00,0.00,0.00,0.00,0.00,0.00,0.00,0.00,0.00,0.00,0.00
67.818281,4.304528,-255.080356,159.189362,-56.258202,-267.050727,117.025223,29.002576,-243.648356,97.479668,0.00,0.00,0.00,0.00,0.00,0.00,0.00,0.00,0.00,0.00,0.00,0.00
67.944495,13.946476,-254.465242,157.673523,-43.559211,-257.165816,100.788307,34.840128,-241.280375,97.642426,0.00,0.00,0.00,0.00,0.00,0.00,0.00,0.00,0.00,0.00,0.00,0.00
68.070338,21.516895,-251.178044,156.434357,-22.863884,-249.356805,88.364479,41.711643,-236.31888,98.882416,0.00,0.00,0.00,0.00,0.00,0.00,0.00,0.00,0.00,0.00,0.00,0.00
68.182747,30.982395,-247.174385,156.961792,-4.116359,-247.688737,83.220627,49.13595,-231.6632,100.251625,0.00,0.00,0.00,0.00,0.00,0.00,0.00,0.00,0.00,0.00,0.00,0.00
68.308344,42.031474,-240.412852,158.168762,13.411783,-252.438352,83.758881,57.45456,-227.715378,102.539658,0.00,0.00,0.00,0.00,0.00,0.00,0.00,0.00,0.00,0.00,0.00,0.00
68.433423,50.546299,-233.842129,158.461075,29.654807,-258.616206,86.25222,63.789215,-225.188839,102.757286,0.00,0.00,0.00,0.00,0.00,0.00,0.00,0.00,0.00,0.00,0.00,0.00
68.558238,58.034573,-230.501324,157.159012,45.930627,-262.853738,86.296494,67.900905,-223.530793,100.645996,0.00,0.00,0.00,0.00,0.00,0.00,0.00,0.00,0.00,0.00,0.00,0.00
68.683437,65.333857,-229.875794,156.28595,62.994283,-260.205751,84.893501,71.7438,-220.18649,97.855995,0.00,0.00,0.00,0.00,0.00,0.00,0.00,0.00,0.00,0.00,0.00,0.00
68.808384,73.236441,-230.141282,157.936615,78.098173,-253.942814,85.114548,75.03963,-215.810589,98.763084,0.00,0.00,0.00,0.00,0.00,0.00,0.00,0.00,0.00,0.00,0.00,0.00 
68.933311,81.014183,-229.60875,159.404114,90.168969,-247.343647,86.448792,78.316224,-212.14661,100.721397,0.00,0.00,0.00,0.00,0.00,0.00,0.00,0.00,0.00,0.00,0.00,0.00
69.058484,88.484311,-227.364723,159.506577,99.887981,-241.962024,87.391182,83.54559,-209.422016,100.532242,0.00,0.00,0.00,0.00,0.00,0.00,0.00,0.00,0.00,0.00,0.00,0.00
69.183826,96.286358,-222.385176,157.98941,105.946513,-239.494959,84.882095,92.168254,-205.361445,98.724533,0.00,0.00,0.00,0.00,0.00,0.00,0.00,0.00,0.00,0.00,0.00,0.00
69.309089,104.810188,-214.676249,156.212616,111.559354,-238.031084,82.104317,104.548333,-197.490029,98.133293,0.00,0.00,0.00,0.00,0.00,0.00,0.00,0.00,0.00,0.00,0.00,0.00
69.434069,115.076383,-205.12159,154.852386,117.285056,-236.407614,79.983208,124.691366,-184.285616,100.722595,0.00,0.00,0.00,0.00,0.00,0.00,0.00,0.00,0.00,0.00,0.00,0.00
69.559819,126.229314,-196.218821,156.458405,120.795849,-232.530867,81.936516,148.595249,-170.496645,109.160545,0.00,0.00,0.00,0.00,0.00,0.00,0.00,0.00,0.00,0.00,0.00,0.00
69.685394,135.893703,-190.71734,158.845764,122.603014,-227.465812,87.387695,170.315032,-161.361377,121.524689,0.00,0.00,0.00,0.00,0.00,0.00,0.00,0.00,0.00,0.00,0.00,0.00
69.810354,142.579461,-187.652446,158.328934,122.069493,-224.961558,90.4814,186.183174,-155.121401,128.068954,0.00,0.00,0.00,0.00,0.00,0.00,0.00,0.00,0.00,0.00,0.00,0.00
69.934848,145.366316,-186.727888,158.188446,118.624268,-224.022984,92.017075,191.514626,-156.43976,128.210571,0.00,0.00,0.00,0.00,0.00,0.00,0.00,0.00,0.00,0.00,0.00,0.00
70.060139,144.854168,-188.185469,158.917511,112.786117,-223.812638,91.772141,189.938836,-165.997416,119.41259,0.00,0.00,0.00,0.00,0.00,0.00,0.00,0.00,0.00,0.00,0.00,0.00
70.185935,141.748451,-194.981541,160.377594,106.826057,-225.695838,91.73275,175.163741,-181.591035,99.55127,0.00,0.00,0.00,0.00,0.00,0.00,0.00,0.00,0.00,0.00,0.00,0.00
70.312236,130.979415,-206.420155,160.9505,99.907846,-230.198355,94.247116,148.254052,-197.962042,81.311073,0.00,0.00,0.00,0.00,0.00,0.00,0.00,0.00,0.00,0.00,0.00,0.00
70.438682,114.962447,-213.694376,159.863464,88.423248,-239.278984,100.623047,130.454575,-210.614688,80.795685,0.00,0.00,0.00,0.00,0.00,0.00,0.00,0.00,0.00,0.00,0.00,0.00
70.563802,101.272513,-219.28399,159.031479,72.311901,-249.322406,107.78196,121.841199,-219.274978,83.498917,0.00,0.00,0.00,0.00,0.00,0.00,0.00,0.00,0.00,0.00,0.00,0.00
70.688933,89.334344,-223.897693,159.492065,60.16432,-256.181961,115.688576,116.127892,-223.028511,83.220062,0.00,0.00,0.00,0.00,0.00,0.00,0.00,0.00,0.00,0.00,0.00,0.00 
70.813893,81.924726,-228.731105,159.736542,47.462806,-260.491122,125.934578,113.727328,-226.241223,85.932114,0.00,0.00,0.00,0.00,0.00,0.00,0.00,0.00,0.00,0.00,0.00,0.00
70.938537,75.367877,-234.523024,157.503418,31.593697,-269.172699,129.120941,114.274848,-227.898088,89.634422,0.00,0.00,0.00,0.00,0.00,0.00,0.00,0.00,0.00,0.00,0.00,0.00
71.063705,68.694475,-241.564244,153.135269,19.534991,-270.903452,129.470612,119.437579,-225.310809,89.492798,0.00,0.00,0.00,0.00,0.00,0.00,0.00,0.00,0.00,0.00,0.00,0.00
71.18892,64.235356,-246.69021,150.102509,12.78167,-271.497669,130.944824,124.337642,-221.160658,90.603928,0.00,0.00,0.00,0.00,0.00,0.00,0.00,0.00,0.00,0.00,0.00,0.00
71.314051,62.700359,-248.184996,149.758392,12.427462,-270.25308,126.312386,126.474261,-220.037139,92.215981,0.00,0.00,0.00,0.00,0.00,0.00,0.00,0.00,0.00,0.00,0.00,0.00
71.438958,66.391769,-248.740041,152.785202,22.586242,-263.625773,108.235863,126.31871,-222.057829,92.185631,0.00,0.00,0.00,0.00,0.00,0.00,0.00,0.00,0.00,0.00,0.00,0.00
71.56564,78.879342,-247.280953,156.694214,51.433318,-249.145805,87.22506,124.776851,-221.880822,92.562057,0.00,0.00,0.00,0.00,0.00,0.00,0.00,0.00,0.00,0.00,0.00,0.00
71.691731,94.806204,-234.850691,159.238007,83.185396,-235.748558,84.328568,117.428381,-215.455479,96.173416,0.00,0.00,0.00,0.00,0.00,0.00,0.00,0.00,0.00,0.00,0.00,0.00
71.817127,101.637531,-216.840551,160.833359,99.758721,-228.386712,91.885391,118.092973,-202.764602,95.12957,0.00,0.00,0.00,0.00,0.00,0.00,0.00,0.00,0.00,0.00,0.00,0.00
71.942328,105.342695,-199.37353,160.96022,105.082565,-224.397876,92.274353,116.264731,-185.891669,92.713234,0.00,0.00,0.00,0.00,0.00,0.00,0.00,0.00,0.00,0.00,0.00,0.00 
72.066899,106.981952,-184.640814,159.208923,108.623407,-220.377295,83.787445,109.8907,-172.183658,90.01133,0.00,0.00,0.00,0.00,0.00,0.00,0.00,0.00,0.00,0.00,0.00,0.00
72.191428,108.267928,-173.374966,158.7444,113.277029,-210.640809,80.975937,103.408628,-162.771037,88.577583,0.00,0.00,0.00,0.00,0.00,0.00,0.00,0.00,0.00,0.00,0.00,0.00
72.31603,111.205616,-164.07991,159.410934,123.322099,-192.362778,83.907379,100.984738,-155.883868,88.618347,0.00,0.00,0.00,0.00,0.00,0.00,0.00,0.00,0.00,0.00,0.00,0.00
72.440868,115.767017,-155.109406,157.789429,134.046858,-177.460514,86.023567,103.464273,-148.827453,86.375069,0.00,0.00,0.00,0.00,0.00,0.00,0.00,0.00,0.00,0.00,0.00,0.00
72.566108,121.555292,-147.254885,156.522507,142.189132,-165.859641,84.752136,109.616621,-142.231349,84.189766,0.00,0.00,0.00,0.00,0.00,0.00,0.00,0.00,0.00,0.00,0.00,0.00
72.691494,127.881852,-139.518364,157.745987,145.395834,-156.131132,84.353111,117.952941,-133.425541,84.672371,0.00,0.00,0.00,0.00,0.00,0.00,0.00,0.00,0.00,0.00,0.00,0.00
72.817019,131.9255,-130.511106,159.153595,148.768992,-146.371742,85.651604,125.704959,-121.039544,89.661575,0.00,0.00,0.00,0.00,0.00,0.00,0.00,0.00,0.00,0.00,0.00,0.00
72.942375,134.680643,-120.70326,159.481705,152.465254,-136.535557,87.312248,131.154418,-106.367336,94.631065,0.00,0.00,0.00,0.00,0.00,0.00,0.00,0.00,0.00,0.00,0.00,0.00
73.067444,136.941672,-109.680696,158.490891,154.701042,-128.836819,86.031792,137.497694,-91.289248,96.563622,0.00,0.00,0.00,0.00,0.00,0.00,0.00,0.00,0.00,0.00,0.00,0.00
73.193079,139.771437,-95.913686,156.771851,153.654349,-123.033032,82.682457,147.098156,-69.513349,100.426399,0.00,0.00,0.00,0.00,0.00,0.00,0.00,0.00,0.00,0.00,0.00,0.00
73.318233,143.115365,-80.811347,156.628143,147.972529,-116.363914,82.720833,160.255062,-47.761048,111.049202,0.00,0.00,0.00,0.00,0.00,0.00,0.00,0.00,0.00,0.00,0.00,0.00
73.443353,146.528144,-68.593132,158.423279,142.411331,-110.705278,87.647209,175.232297,-32.548024,121.642838,0.00,0.00,0.00,0.00,0.00,0.00,0.00,0.00,0.00,0.00,0.00,0.00
73.568894,149.654038,-60.374481,159.255035,139.217337,-105.742087,92.642639,185.670307,-21.107574,128.58548,0.00,0.00,0.00,0.00,0.00,0.00,0.00,0.00,0.00,0.00,0.00,0.00
73.694049,152.189774,-56.189332,159.081146,137.732623,-102.479461,94.896942,189.96043,-16.280242,128.141434,0.00,0.00,0.00,0.00,0.00,0.00,0.00,0.00,0.00,0.00,0.00,0.00
73.819401,153.135179,-55.686069,159.195938,138.150977,-99.926067,94.045181,188.80849,-18.252918,123.346519,0.00,0.00,0.00,0.00,0.00,0.00,0.00,0.00,0.00,0.00,0.00,0.00
73.944856,151.232392,-56.943878,159.732468,142.590825,-96.832822,91.776367,176.819211,-29.725742,109.675476,0.00,0.00,0.00,0.00,0.00,0.00,0.00,0.00,0.00,0.00,0.00,0.00
74.070069,145.257055,-57.961485,158.851334,149.106151,-92.037329,87.326988,150.336242,-46.919888,93.37854,0.00,0.00,0.00,0.00,0.00,0.00,0.00,0.00,0.00,0.00,0.00,0.00
74.194929,136.702051,-58.724077,158.600235,154.789658,-85.036061,86.030891,128.27407,-54.563168,91.683594,0.00,0.00,0.00,0.00,0.00,0.00,0.00,0.00,0.00,0.00,0.00,0.00
74.320246,127.18025,-60.13441,158.377029,155.836778,-74.806203,86.845688,112.42515,-55.754265,96.329407,0.00,0.00,0.00,0.00,0.00,0.00,0.00,0.00,0.00,0.00,0.00,0.00
74.445805,117.736195,-62.782167,156.879044,146.053891,-63.231697,91.150513,100.589624,-61.001354,97.562492,0.00,0.00,0.00,0.00,0.00,0.00,0.00,0.00,0.00,0.00,0.00,0.00
74.570878,109.361674,-66.150132,154.735443,131.432528,-54.826211,94.055145,95.127577,-70.167707,94.34211,0.00,0.00,0.00,0.00,0.00,0.00,0.00,0.00,0.00,0.00,0.00,0.00 
74.682426,101.766315,-67.236256,155.107361,117.102289,-49.725166,95.207733,90.748876,-74.183025,96.511215,0.00,0.00,0.00,0.00,0.00,0.00,0.00,0.00,0.00,0.00,0.00,0.00
74.807931,93.300124,-67.42791,156.010727,101.514997,-49.06371,96.690475,78.036631,-73.20376,101.214264,0.00,0.00,0.00,0.00,0.00,0.00,0.00,0.00,0.00,0.00,0.00,0.00
74.933705,84.042849,-67.489832,158.545471,90.991415,-50.060453,98.973846,65.990379,-71.733513,105.089043,0.00,0.00,0.00,0.00,0.00,0.00,0.00,0.00,0.00,0.00,0.00,0.00
75.060064,72.94446,-67.185938,159.143524,84.841205,-49.268959,99.793747,58.106789,-68.911897,102.624344,0.00,0.00,0.00,0.00,0.00,0.00,0.00,0.00,0.00,0.00,0.00,0.00
75.186161,63.489686,-65.110547,156.341675,76.390736,-42.293227,97.038422,55.311414,-66.213695,98.331879,0.00,0.00,0.00,0.00,0.00,0.00,0.00,0.00,0.00,0.00,0.00,0.00
75.311903,56.525982,-58.788443,155.12323,63.133877,-34.924308,93.735336,51.991898,-66.684866,94.979866,0.00,0.00,0.00,0.00,0.00,0.00,0.00,0.00,0.00,0.00,0.00,0.00
75.437103,49.151034,-53.606433,156.389923,48.356484,-33.46503,96.171936,46.768519,-68.723915,98.176445,0.00,0.00,0.00,0.00,0.00,0.00,0.00,0.00,0.00,0.00,0.00,0.00
75.562642,40.633191,-52.102969,158.288879,34.294843,-37.060488,101.082504,40.274032,-71.099756,100.932716,0.00,0.00,0.00,0.00,0.00,0.00,0.00,0.00,0.00,0.00,0.00,0.00
75.687964,30.506305,-53.563681,156.945206,21.774504,-42.338229,101.012436,31.43702,-74.019376,99.454071,0.00,0.00,0.00,0.00,0.00,0.00,0.00,0.00,0.00,0.00,0.00,0.00
75.813515,18.870017,-60.261455,154.314896,11.03466,-46.611141,98.454414,20.909366,-78.736232,94.686302,0.00,0.00,0.00,0.00,0.00,0.00,0.00,0.00,0.00,0.00,0.00,0.00 
75.938487,5.819263,-70.299402,153.562668,-0.948681,-45.40244,96.533562,11.711926,-83.248313,92.712311,0.00,0.00,0.00,0.00,0.00,0.00,0.00,0.00,0.00,0.00,0.00,0.00
76.064056,-6.030805,-75.601877,155.371277,-13.325795,-43.006915,99.387871,6.697999,-87.325018,93.247902,0.00,0.00,0.00,0.00,0.00,0.00,0.00,0.00,0.00,0.00,0.00,0.00
76.189597,-16.520773,-75.647763,158.28952,-26.234256,-43.141588,103.567612,1.303624,-88.698673,94.927994,0.00,0.00,0.00,0.00,0.00,0.00,0.00,0.00,0.00,0.00,0.00,0.00
76.314382,-26.580167,-75.728251,158.367233,-42.085291,-44.493815,106.094833,-6.026568,-89.01321,95.004929,0.00,0.00,0.00,0.00,0.00,0.00,0.00,0.00,0.00,0.00,0.00,0.00
76.438625,-38.462686,-75.146538,157.576416,-64.841101,-49.908789,110.0093,-14.792061,-90.952677,97.032448,0.00,0.00,0.00,0.00,0.00,0.00,0.00,0.00,0.00,0.00,0.00,0.00 
76.564973,-53.187827,-74.239895,156.339737,-92.600428,-57.73952,116.714081,-22.783753,-93.552952,96.262016,0.00,0.00,0.00,0.00,0.00,0.00,0.00,0.00,0.00,0.00,0.00,0.00
76.689322,-70.49986,-74.3867,155.646011,-119.825025,-64.640054,125.400993,-33.337062,-93.744476,96.678291,0.00,0.00,0.00,0.00,0.00,0.00,0.00,0.00,0.00,0.00,0.00,0.00
76.813865,-83.828764,-75.608095,156.533264,-137.379606,-69.705382,132.925659,-40.770716,-93.165227,102.111923,0.00,0.00,0.00,0.00,0.00,0.00,0.00,0.00,0.00,0.00,0.00,0.00
76.938125,-91.492737,-77.797744,156.404495,-144.961665,-74.250353,132.601807,-42.742248,-93.637339,105.935822,0.00,0.00,0.00,0.00,0.00,0.00,0.00,0.00,0.00,0.00,0.00,0.00
77.063486,-95.63961,-79.87941,156.893021,-145.501521,-79.14114,125.330643,-45.33787,-94.247308,106.818604,0.00,0.00,0.00,0.00,0.00,0.00,0.00,0.00,0.00,0.00,0.00,0.00
77.188795,-96.294854,-84.686498,157.8508,-128.252427,-84.058352,114.443741,-44.038095,-92.971767,109.062752,0.00,0.00,0.00,0.00,0.00,0.00,0.00,0.00,0.00,0.00,0.00,0.00
77.31448,-90.679312,-93.90048,158.486862,-101.217095,-85.674017,91.82592,-45.810987,-95.042426,106.924416,0.00,0.00,0.00,0.00,0.00,0.00,0.00,0.00,0.00,0.00,0.00,0.00
77.440555,-79.509103,-102.488446,158.174271,-78.911772,-89.476772,91.554337,-40.378586,-95.161182,106.534195,0.00,0.00,0.00,0.00,0.00,0.00,0.00,0.00,0.00,0.00,0.00,0.00
77.566306,-69.246117,-108.830075,158.144409,-73.138376,-100.629608,97.917572,-33.897381,-97.636306,102.770821,0.00,0.00,0.00,0.00,0.00,0.00,0.00,0.00,0.00,0.00,0.00,0.00
77.691487,-58.510975,-116.03959,157.459686,-73.927546,-112.785898,96.741173,-28.399301,-105.000135,99.200912,0.00,0.00,0.00,0.00,0.00,0.00,0.00,0.00,0.00,0.00,0.00,0.00
77.817166,-48.2394,-123.899264,158.571442,-72.539676,-126.518489,98.097221,-21.317908,-115.325213,97.834389,0.00,0.00,0.00,0.00,0.00,0.00,0.00,0.00,0.00,0.00,0.00,0.00
77.942444,-40.799705,-131.516637,159.711243,-65.330023,-136.320429,102.309288,-16.940043,-128.322305,98.638252,0.00,0.00,0.00,0.00,0.00,0.00,0.00,0.00,0.00,0.00,0.00,0.00
78.06766,-36.770315,-138.934025,159.819763,-58.187257,-143.52249,101.994392,-20.004936,-143.862839,101.825737,0.00,0.00,0.00,0.00,0.00,0.00,0.00,0.00,0.00,0.00,0.00,0.00
78.193535,-36.143686,-147.360534,158.753067,-60.50692,-160.12369,101.863075,-27.956681,-157.931691,101.644882,0.00,0.00,0.00,0.00,0.00,0.00,0.00,0.00,0.00,0.00,0.00,0.00
78.317219,-39.311324,-158.106772,157.452621,-63.272884,-183.471935,106.96106,-31.001969,-168.800337,99.652733,0.00,0.00,0.00,0.00,0.00,0.00,0.00,0.00,0.00,0.00,0.00,0.00 
78.442706,-43.340594,-171.257468,158.177811,-65.409791,-206.374278,115.392235,-25.055419,-177.979617,97.561684,0.00,0.00,0.00,0.00,0.00,0.00,0.00,0.00,0.00,0.00,0.00,0.00
78.567888,-43.720127,-184.01036,159.876434,-68.210504,-226.689957,125.349213,-19.843392,-182.931429,97.837463,0.00,0.00,0.00,0.00,0.00,0.00,0.00,0.00,0.00,0.00,0.00,0.00 
78.692057,-42.05202,-196.194604,159.516449,-72.998826,-242.708248,135.680557,-15.544316,-191.460828,97.626503,0.00,0.00,0.00,0.00,0.00,0.00,0.00,0.00,0.00,0.00,0.00,0.00
78.81681,-38.611487,-205.25221,157.058838,-71.996339,-251.231711,136.299332,-11.810883,-204.062789,95.047195,0.00,0.00,0.00,0.00,0.00,0.00,0.00,0.00,0.00,0.00,0.00,0.00
78.941831,-35.380383,-213.049247,158.039673,-71.401752,-258.980515,134.088058,-11.315445,-214.020856,97.402718,0.00,0.00,0.00,0.00,0.00,0.00,0.00,0.00,0.00,0.00,0.00,0.00 
79.067494,-33.85512,-220.422339,159.793152,-72.200061,-264.913727,132.09346,-10.40232,-220.329918,99.698463,0.00,0.00,0.00,0.00,0.00,0.00,0.00,0.00,0.00,0.00,0.00,0.00
79.192806,-32.270357,-227.228339,158.802658,-70.592022,-267.715128,130.413467,-6.437737,-224.516808,98.878113,0.00,0.00,0.00,0.00,0.00,0.00,0.00,0.00,0.00,0.00,0.00,0.00
79.318328,-27.795789,-233.995537,158.735306,-64.659913,-263.307392,116.768013,-3.32235,-225.377178,98.157394,0.00,0.00,0.00,0.00,0.00,0.00,0.00,0.00,0.00,0.00,0.00,0.00
79.444286,-16.495534,-236.785995,159.197449,-52.070348,-255.104267,91.218872,0.92227,-225.349524,97.828499,0.00,0.00,0.00,0.00,0.00,0.00,0.00,0.00,0.00,0.00,0.00,0.00 
79.569499,-6.854605,-234.691898,159.017776,-36.939982,-249.427953,82.962013,9.70824,-224.716239,98.175667,0.00,0.00,0.00,0.00,0.00,0.00,0.00,0.00,0.00,0.00,0.00,0.00 
79.694603,1.59172,-233.66123,158.453644,-21.963907,-252.091778,81.894417,19.063602,-222.701314,97.884285,0.00,0.00,0.00,0.00,0.00,0.00,0.00,0.00,0.00,0.00,0.00,0.00 
79.82038,11.957589,-230.980254,157.737549,-7.941795,-256.63229,82.242897,25.999821,-218.186828,94.816917,0.00,0.00,0.00,0.00,0.00,0.00,0.00,0.00,0.00,0.00,0.00,0.00
79.945715,23.532096,-225.592409,158.213806,6.863007,-258.043719,82.905762,31.310462,-213.146755,93.932449,0.00,0.00,0.00,0.00,0.00,0.00,0.00,0.00,0.00,0.00,0.00,0.00
80.071465,34.241962,-221.08038,158.600433,22.644024,-255.881674,85.6716,38.320533,-208.064332,94.927185,0.00,0.00,0.00,0.00,0.00,0.00,0.00,0.00,0.00,0.00,0.00,0.00 
80.182448,43.671449,-220.006884,158.482819,36.561301,-254.45282,88.315102,46.746707,-204.558198,95.860359,0.00,0.00,0.00,0.00,0.00,0.00,0.00,0.00,0.00,0.00,0.00,0.00
80.307982,54.911283,-220.576134,157.818344,51.670467,-253.18371,88.188858,58.35249,-202.888488,97.315041,0.00,0.00,0.00,0.00,0.00,0.00,0.00,0.00,0.00,0.00,0.00,0.00
80.433242,66.152387,-222.355381,155.761597,67.238348,-251.153111,85.676361,70.927072,-201.788564,98.139275,0.00,0.00,0.00,0.00,0.00,0.00,0.00,0.00,0.00,0.00,0.00,0.00
80.558262,76.852415,-224.39182,157.526581,83.498861,-247.431685,87.743851,80.074329,-201.264465,100.70002,0.00,0.00,0.00,0.00,0.00,0.00,0.00,0.00,0.00,0.00,0.00,0.00
80.683826,86.918448,-223.302653,159.94368,97.738469,-243.265451,92.837891,89.142749,-198.391202,103.175735,0.00,0.00,0.00,0.00,0.00,0.00,0.00,0.00,0.00,0.00,0.00,0.00
80.809338,96.733002,-219.639067,159.13353,107.808706,-240.124312,95.870544,99.825287,-193.775322,103.189705,0.00,0.00,0.00,0.00,0.00,0.00,0.00,0.00,0.00,0.00,0.00,0.00
80.934701,106.135889,-213.681449,157.951935,111.606597,-239.947353,95.230492,115.859082,-186.047997,103.068398,0.00,0.00,0.00,0.00,0.00,0.00,0.00,0.00,0.00,0.00,0.00,0.00 
81.06023,115.88422,-205.744101,156.201309,111.152383,-240.516199,90.837021,136.850579,-177.78139,108.144257,0.00,0.00,0.00,0.00,0.00,0.00,0.00,0.00,0.00,0.00,0.00,0.00
81.185401,127.999942,-197.018315,154.234833,108.183538,-237.325787,84.904739,157.551406,-169.409768,114.14119,0.00,0.00,0.00,0.00,0.00,0.00,0.00,0.00,0.00,0.00,0.00,0.00
81.309737,138.629442,-191.39457,153.435043,107.980878,-227.666387,86.339607,175.480179,-160.770914,121.972214,0.00,0.00,0.00,0.00,0.00,0.00,0.00,0.00,0.00,0.00,0.00,0.00
81.433031,144.838207,-188.588108,152.841034,110.992833,-223.500133,90.428375,186.97024,-154.042591,132.170166,0.00,0.00,0.00,0.00,0.00,0.00,0.00,0.00,0.00,0.00,0.00,0.00
81.559401,147.10509,-188.680105,153.84845,112.505534,-222.14262,92.942116,190.780028,-156.88759,129.587738,0.00,0.00,0.00,0.00,0.00,0.00,0.00,0.00,0.00,0.00,0.00,0.00
81.686044,146.926468,-190.312755,154.018478,110.753681,-221.579887,93.312744,190.873258,-163.210175,121.992424,0.00,0.00,0.00,0.00,0.00,0.00,0.00,0.00,0.00,0.00,0.00,0.00
81.809504,144.843246,-193.507246,154.814835,106.169583,-222.60988,93.234093,186.759543,-174.060267,116.487328,0.00,0.00,0.00,0.00,0.00,0.00,0.00,0.00,0.00,0.00,0.00,0.00
81.935297,137.59843,-204.127581,157.252914,100.184858,-225.318465,91.504494,168.864746,-189.409789,97.702347,0.00,0.00,0.00,0.00,0.00,0.00,0.00,0.00,0.00,0.00,0.00,0.00
82.062199,120.216399,-217.017198,159.480927,91.490138,-229.396651,91.244713,138.613341,-206.094325,79.742088,0.00,0.00,0.00,0.00,0.00,0.00,0.00,0.00,0.00,0.00,0.00,0.00
82.188652,99.04247,-223.638179,160.00972,76.652468,-233.166377,93.296989,120.675333,-224.916109,80.769737,0.00,0.00,0.00,0.00,0.00,0.00,0.00,0.00,0.00,0.00,0.00,0.00 
82.314318,85.598518,-227.170253,159.772827,60.167259,-235.500906,95.485939,112.636104,-241.323511,89.884644,0.00,0.00,0.00,0.00,0.00,0.00,0.00,0.00,0.00,0.00,0.00,0.00
82.438788,77.274183,-229.413875,159.921936,47.912577,-232.72979,104.092407,108.143688,-250.111034,95.068253,0.00,0.00,0.00,0.00,0.00,0.00,0.00,0.00,0.00,0.00,0.00,0.00
82.563936,74.541932,-231.830543,158.167953,42.133333,-230.839309,109.650932,103.688221,-255.720825,92.122528,0.00,0.00,0.00,0.00,0.00,0.00,0.00,0.00,0.00,0.00,0.00,0.00
82.68825,73.073218,-235.86249,157.693604,41.94401,-230.395546,113.158356,98.516037,-257.296742,88.059204,0.00,0.00,0.00,0.00,0.00,0.00,0.00,0.00,0.00,0.00,0.00,0.00
82.813444,67.671183,-239.991982,158.157806,31.471074,-231.652486,117.808304,93.523299,-258.427739,89.16671,0.00,0.00,0.00,0.00,0.00,0.00,0.00,0.00,0.00,0.00,0.00,0.00
82.938486,60.222029,-242.362283,156.942352,17.432175,-243.58034,125.755905,89.728694,-260.23835,87.93734,0.00,0.00,0.00,0.00,0.00,0.00,0.00,0.00,0.00,0.00,0.00,0.00
83.063751,52.237737,-245.576287,156.8871,5.75603,-261.147942,131.504913,85.680924,-259.373916,88.557182,0.00,0.00,0.00,0.00,0.00,0.00,0.00,0.00,0.00,0.00,0.00,0.00
83.188517,47.802843,-246.997385,157.625839,3.256441,-272.140181,131.200119,83.460476,-249.764264,88.697311,0.00,0.00,0.00,0.00,0.00,0.00,0.00,0.00,0.00,0.00,0.00,0.00
83.313565,47.866352,-247.595776,158.756683,5.812738,-274.687846,130.288437,87.035312,-240.701794,86.828445,0.00,0.00,0.00,0.00,0.00,0.00,0.00,0.00,0.00,0.00,0.00,0.00
83.438999,52.606302,-248.233549,159.383423,14.533298,-270.412879,113.650658,91.223739,-231.400486,85.634346,0.00,0.00,0.00,0.00,0.00,0.00,0.00,0.00,0.00,0.00,0.00,0.00 
83.564797,62.829313,-247.856817,158.396271,38.566173,-258.329229,90.722687,94.942633,-223.848211,84.968132,0.00,0.00,0.00,0.00,0.00,0.00,0.00,0.00,0.00,0.00,0.00,0.00
83.692072,80.388949,-241.115298,158.09259,70.157577,-247.03645,84.636055,101.858413,-215.514697,85.865921,0.00,0.00,0.00,0.00,0.00,0.00,0.00,0.00,0.00,0.00,0.00,0.00
83.817873,95.322556,-225.848557,158.133682,96.31394,-234.565457,89.587746,109.41207,-202.915679,85.856804,0.00,0.00,0.00,0.00,0.00,0.00,0.00,0.00,0.00,0.00,0.00,0.00
83.942443,101.148876,-211.858631,158.036453,109.648962,-225.57872,89.940132,109.217422,-189.776239,88.268547,0.00,0.00,0.00,0.00,0.00,0.00,0.00,0.00,0.00,0.00,0.00,0.00
84.06745,105.045498,-203.609316,158.967133,116.633472,-219.85264,87.470482,103.406878,-178.876734,89.563911,0.00,0.00,0.00,0.00,0.00,0.00,0.00,0.00,0.00,0.00,0.00,0.00 
84.192598,110.398842,-197.102926,159.248413,120.007519,-213.586982,85.473473,98.221465,-175.058186,88.927452,0.00,0.00,0.00,0.00,0.00,0.00,0.00,0.00,0.00,0.00,0.00,0.00
84.317017,117.062482,-191.144013,158.576126,123.730301,-206.765024,83.816025,99.10074,-173.62228,87.132019,0.00,0.00,0.00,0.00,0.00,0.00,0.00,0.00,0.00,0.00,0.00,0.00 
84.442089,123.134739,-185.313664,157.6716,132.606267,-199.507353,82.572929,101.979241,-168.814259,86.557266,0.00,0.00,0.00,0.00,0.00,0.00,0.00,0.00,0.00,0.00,0.00,0.00
84.56696,127.917349,-177.686164,158.562637,142.102692,-191.987826,81.637573,102.871989,-164.048441,91.102051,0.00,0.00,0.00,0.00,0.00,0.00,0.00,0.00,0.00,0.00,0.00,0.00
84.692063,130.360847,-168.44697,159.021469,148.317719,-179.679612,84.556671,101.042816,-159.455408,92.011665,0.00,0.00,0.00,0.00,0.00,0.00,0.00,0.00,0.00,0.00,0.00,0.00
84.817939,130.149102,-157.967758,157.807999,151.104288,-165.113198,82.538025,99.761615,-154.235784,87.991768,0.00,0.00,0.00,0.00,0.00,0.00,0.00,0.00,0.00,0.00,0.00,0.00 
84.942626,127.159422,-146.651536,156.33342,149.894945,-147.397696,82.730453,100.303205,-145.535821,84.311958,0.00,0.00,0.00,0.00,0.00,0.00,0.00,0.00,0.00,0.00,0.00,0.00
85.068405,124.22228,-135.556742,157.579559,149.373641,-128.066758,86.876434,100.234752,-133.219351,85.825859,0.00,0.00,0.00,0.00,0.00,0.00,0.00,0.00,0.00,0.00,0.00,0.00
85.193831,122.923802,-126.133104,160.281113,151.005101,-109.429117,96.9067,99.688396,-122.100614,88.895592,0.00,0.00,0.00,0.00,0.00,0.00,0.00,0.00,0.00,0.00,0.00,0.00
85.319359,123.067021,-117.302228,160.601837,157.792439,-91.779649,111.863281,99.562561,-112.764047,92.273216,0.00,0.00,0.00,0.00,0.00,0.00,0.00,0.00,0.00,0.00,0.00,0.00
85.444167,124.880813,-107.61731,159.419754,164.684149,-75.035091,126.304642,99.171549,-106.297117,92.630424,0.00,0.00,0.00,0.00,0.00,0.00,0.00,0.00,0.00,0.00,0.00,0.00
85.569387,128.886633,-96.97513,158.880753,169.165546,-59.002631,134.451385,96.437035,-99.819039,91.714096,0.00,0.00,0.00,0.00,0.00,0.00,0.00,0.00,0.00,0.00,0.00,0.00
85.694524,134.115465,-83.85167,157.345337,178.873417,-43.871157,138.764023,92.100035,-91.918777,92.50576,0.00,0.00,0.00,0.00,0.00,0.00,0.00,0.00,0.00,0.00,0.00,0.00
85.820082,139.3532,-68.565211,158.24678,183.545382,-29.177545,137.727356,92.915298,-82.515847,95.944138,0.00,0.00,0.00,0.00,0.00,0.00,0.00,0.00,0.00,0.00,0.00,0.00
85.946397,141.946697,-56.971453,160.195297,188.639501,-19.529724,131.975372,96.885837,-72.815475,100.303741,0.00,0.00,0.00,0.00,0.00,0.00,0.00,0.00,0.00,0.00,0.00,0.00
86.070496,142.604227,-49.008057,160.050674,191.384094,-15.820885,128.818283,100.472406,-68.0888,103.014931,0.00,0.00,0.00,0.00,0.00,0.00,0.00,0.00,0.00,0.00,0.00,0.00 
86.1962,140.910516,-44.448436,160.634247,182.040334,-11.221675,124.976227,99.355811,-66.256685,103.031631,0.00,0.00,0.00,0.00,0.00,0.00,0.00,0.00,0.00,0.00,0.00,0.00
86.321094,132.966289,-42.464512,160.639923,156.277369,-18.853175,109.696495,97.659301,-62.118117,103.642723,0.00,0.00,0.00,0.00,0.00,0.00,0.00,0.00,0.00,0.00,0.00,0.00
86.432479,123.77338,-45.862348,159.080154,135.140233,-32.849286,92.935699,97.359839,-59.535527,104.617966,0.00,0.00,0.00,0.00,0.00,0.00,0.00,0.00,0.00,0.00,0.00,0.00
86.557897,116.858313,-52.691207,157.133728,119.699006,-42.732691,94.239113,94.795412,-60.236186,104.556534,0.00,0.00,0.00,0.00,0.00,0.00,0.00,0.00,0.00,0.00,0.00,0.00
86.683214,109.867819,-56.423396,154.672089,112.502859,-40.059814,97.749466,91.58327,-64.475001,103.055367,0.00,0.00,0.00,0.00,0.00,0.00,0.00,0.00,0.00,0.00,0.00,0.00 
86.80808,102.230729,-58.566474,152.895889,106.000779,-34.549129,96.542732,89.408689,-67.448965,100.041939,0.00,0.00,0.00,0.00,0.00,0.00,0.00,0.00,0.00,0.00,0.00,0.00
86.93377,95.297566,-58.744123,152.032272,100.157919,-32.126854,96.080032,85.257261,-67.915897,96.1567,0.00,0.00,0.00,0.00,0.00,0.00,0.00,0.00,0.00,0.00,0.00,0.00
87.059845,88.163075,-56.28701,152.265244,95.790852,-33.332971,92.628052,77.489683,-65.923409,96.368256,0.00,0.00,0.00,0.00,0.00,0.00,0.00,0.00,0.00,0.00,0.00,0.00
87.186671,81.486441,-51.741945,151.684357,87.132978,-31.205166,89.574814,68.20386,-61.449252,95.344719,0.00,0.00,0.00,0.00,0.00,0.00,0.00,0.00,0.00,0.00,0.00,0.00
87.312425,73.424336,-46.54284,153.287369,74.105447,-26.328705,92.506065,60.672191,-55.222786,96.583458,0.00,0.00,0.00,0.00,0.00,0.00,0.00,0.00,0.00,0.00,0.00,0.00
87.437971,64.028812,-43.506395,155.352646,62.272794,-23.948926,94.601379,55.038318,-53.020824,98.620583,0.00,0.00,0.00,0.00,0.00,0.00,0.00,0.00,0.00,0.00,0.00,0.00
87.563537,55.006892,-42.854765,156.553741,52.220017,-24.534177,94.896309,48.91072,-53.568525,98.595749,0.00,0.00,0.00,0.00,0.00,0.00,0.00,0.00,0.00,0.00,0.00,0.00
87.688749,45.41476,-44.709565,156.32193,43.279532,-28.447353,92.616501,41.876627,-56.291034,96.450699,0.00,0.00,0.00,0.00,0.00,0.00,0.00,0.00,0.00,0.00,0.00,0.00
87.814072,35.404471,-49.140602,155.745728,32.673359,-33.965011,91.589294,30.907192,-60.064547,94.029663,0.00,0.00,0.00,0.00,0.00,0.00,0.00,0.00,0.00,0.00,0.00,0.00
87.939417,24.500247,-55.385082,156.932251,19.797247,-39.615305,92.174973,17.524115,-65.360464,95.111755,0.00,0.00,0.00,0.00,0.00,0.00,0.00,0.00,0.00,0.00,0.00,0.00
88.064613,13.558117,-60.715533,157.906189,7.799476,-43.974183,95.975891,3.515456,-71.420861,97.229874,0.00,0.00,0.00,0.00,0.00,0.00,0.00,0.00,0.00,0.00,0.00,0.00
88.190254,3.722901,-64.404381,159.160156,-0.374431,-45.44051,98.314606,-9.041527,-74.470961,101.33036,0.00,0.00,0.00,0.00,0.00,0.00,0.00,0.00,0.00,0.00,0.00,0.00
88.315187,-5.819484,-69.141807,158.340317,-8.43469,-46.041745,96.844955,-21.291285,-76.062834,101.632179,0.00,0.00,0.00,0.00,0.00,0.00,0.00,0.00,0.00,0.00,0.00,0.00
88.439883,-16.310426,-72.10186,157.698013,-20.760194,-47.798911,94.940025,-33.174123,-77.33684,101.934982,0.00,0.00,0.00,0.00,0.00,0.00,0.00,0.00,0.00,0.00,0.00,0.00
88.566214,-27.833412,-72.4329,158.295486,-34.390511,-51.05427,95.329201,-48.133158,-79.979443,103.364166,0.00,0.00,0.00,0.00,0.00,0.00,0.00,0.00,0.00,0.00,0.00,0.00
88.690728,-39.255972,-73.224663,160.009293,-42.067671,-53.966385,98.682358,-67.25914,-81.357834,111.574745,0.00,0.00,0.00,0.00,0.00,0.00,0.00,0.00,0.00,0.00,0.00,0.00
88.819047,-48.936956,-74.644699,161.401779,-43.115171,-53.408421,98.725517,-83.111585,-81.168202,118.706009,0.00,0.00,0.00,0.00,0.00,0.00,0.00,0.00,0.00,0.00,0.00,0.00
88.934929,-57.531953,-76.335924,160.06839,-42.586574,-51.385423,96.569145,-100.585459,-80.545748,123.626617,0.00,0.00,0.00,0.00,0.00,0.00,0.00,0.00,0.00,0.00,0.00,0.00
89.061511,-67.573958,-79.696578,160.421616,-37.900898,-54.186813,95.994171,-118.935606,-80.084517,127.913841,0.00,0.00,0.00,0.00,0.00,0.00,0.00,0.00,0.00,0.00,0.00,0.00
89.18664,-77.97906,-82.842986,160.981674,-34.834688,-62.950034,96.318657,-132.748645,-80.635882,131.202179,0.00,0.00,0.00,0.00,0.00,0.00,0.00,0.00,0.00,0.00,0.00,0.00
89.312354,-85.272244,-84.251933,160.653824,-32.869266,-70.056258,97.613464,-142.373582,-80.392928,131.56514,0.00,0.00,0.00,0.00,0.00,0.00,0.00,0.00,0.00,0.00,0.00,0.00
89.436968,-88.856161,-85.391144,159.849899,-32.823706,-72.091088,99.303871,-143.185256,-78.929544,128.44072,0.00,0.00,0.00,0.00,0.00,0.00,0.00,0.00,0.00,0.00,0.00,0.00
89.56291,-88.243692,-86.624527,160.27684,-35.010858,-69.72651,98.815994,-135.87534,-77.062272,118.260315,0.00,0.00,0.00,0.00,0.00,0.00,0.00,0.00,0.00,0.00,0.00,0.00
89.688723,-84.685478,-87.545663,160.472534,-40.205331,-64.624397,96.037697,-118.579482,-80.632411,101.26722,0.00,0.00,0.00,0.00,0.00,0.00,0.00,0.00,0.00,0.00,0.00,0.00
89.814791,-80.942344,-88.221592,159.843582,-45.765516,-58.877768,93.952789,-109.380049,-85.226361,97.156746,0.00,0.00,0.00,0.00,0.00,0.00,0.00,0.00,0.00,0.00,0.00,0.00
89.939459,-77.976892,-88.006623,159.816147,-49.864084,-53.188634,95.801926,-117.356138,-85.658976,107.959282,0.00,0.00,0.00,0.00,0.00,0.00,0.00,0.00,0.00,0.00,0.00,0.00 
90.064988,-80.000926,-87.771004,159.94783,-50.850822,-53.063141,97.904068,-129.013094,-83.623111,124.95871,0.00,0.00,0.00,0.00,0.00,0.00,0.00,0.00,0.00,0.00,0.00,0.00
90.189653,-86.818412,-89.046397,159.310272,-48.674631,-61.19133,97.712288,-141.254853,-81.00557,136.347061,0.00,0.00,0.00,0.00,0.00,0.00,0.00,0.00,0.00,0.00,0.00,0.00
90.315016,-91.613107,-89.842703,159.387726,-46.009283,-70.183917,96.033524,-149.093592,-82.179461,130.965851,0.00,0.00,0.00,0.00,0.00,0.00,0.00,0.00,0.00,0.00,0.00,0.00
90.440507,-92.297146,-89.705326,160.476974,-45.686512,-74.327283,95.46357,-144.027017,-79.120009,121.197823,0.00,0.00,0.00,0.00,0.00,0.00,0.00,0.00,0.00,0.00,0.00,0.00
90.566367,-91.854492,-90.287982,161.116608,-47.634467,-73.197149,94.16407,-127.043723,-79.929799,107.397774,0.00,0.00,0.00,0.00,0.00,0.00,0.00,0.00,0.00,0.00,0.00,0.00
90.692135,-90.598953,-90.99899,161.259552,-54.621081,-68.730684,93.661385,-104.335431,-89.317055,91.152969,0.00,0.00,0.00,0.00,0.00,0.00,0.00,0.00,0.00,0.00,0.00,0.00
90.817591,-88.312356,-91.921219,160.30217,-64.188887,-63.358541,93.347656,-86.530111,-101.769996,84.523392,0.00,0.00,0.00,0.00,0.00,0.00,0.00,0.00,0.00,0.00,0.00,0.00
90.942837,-84.37803,-94.61408,158.014221,-73.828504,-60.63623,90.612724,-76.577663,-113.401834,87.317322,0.00,0.00,0.00,0.00,0.00,0.00,0.00,0.00,0.00,0.00,0.00,0.00
91.067885,-77.110459,-99.27162,158.416061,-81.33743,-63.290013,88.177299,-65.618343,-119.280291,91.583069,0.00,0.00,0.00,0.00,0.00,0.00,0.00,0.00,0.00,0.00,0.00,0.00
91.19308,-68.410797,-105.083122,159.989075,-84.351816,-81.224701,91.433548,-53.483075,-118.860296,91.282547,0.00,0.00,0.00,0.00,0.00,0.00,0.00,0.00,0.00,0.00,0.00,0.00
91.318549,-59.998318,-112.38892,159.568314,-79.628247,-103.509204,94.462326,-44.129024,-119.256825,89.365891,0.00,0.00,0.00,0.00,0.00,0.00,0.00,0.00,0.00,0.00,0.00,0.00
91.443742,-52.142541,-121.566911,158.398544,-71.262525,-124.455421,95.554283,-36.444048,-125.425803,89.032784,0.00,0.00,0.00,0.00,0.00,0.00,0.00,0.00,0.00,0.00,0.00,0.00
91.569288,-46.876099,-130.766202,158.37291,-62.954304,-140.325979,99.991524,-29.346128,-132.969339,90.904724,0.00,0.00,0.00,0.00,0.00,0.00,0.00,0.00,0.00,0.00,0.00,0.00
91.694562,-43.321819,-139.144397,159.827835,-60.287114,-151.866037,108.024956,-26.59292,-141.503001,93.714149,0.00,0.00,0.00,0.00,0.00,0.00,0.00,0.00,0.00,0.00,0.00,0.00 
91.819888,-41.115607,-147.652888,158.977188,-62.750456,-166.474537,113.226891,-25.482338,-150.00432,94.165909,0.00,0.00,0.00,0.00,0.00,0.00,0.00,0.00,0.00,0.00,0.00,0.00
91.944943,-41.930743,-156.216607,157.486649,-66.24469,-183.282552,116.058136,-25.434074,-157.171758,92.832405,0.00,0.00,0.00,0.00,0.00,0.00,0.00,0.00,0.00,0.00,0.00,0.00
92.070168,-43.340667,-165.449049,156.90332,-67.554035,-199.330139,118.930908,-25.085164,-164.380448,92.119644,0.00,0.00,0.00,0.00,0.00,0.00,0.00,0.00,0.00,0.00,0.00,0.00
92.19564,-43.173892,-175.751033,158.422211,-65.250485,-211.686666,123.600784,-23.720823,-172.0375,96.167831,0.00,0.00,0.00,0.00,0.00,0.00,0.00,0.00,0.00,0.00,0.00,0.00
92.320751,-41.856185,-185.95804,158.49324,-62.61545,-224.13401,126.141869,-20.997308,-180.290475,98.644409,0.00,0.00,0.00,0.00,0.00,0.00,0.00,0.00,0.00,0.00,0.00,0.00
92.432311,-39.92692,-194.521586,155.467255,-61.519221,-233.26347,124.257187,-18.108697,-188.983318,98.122391,0.00,0.00,0.00,0.00,0.00,0.00,0.00,0.00,0.00,0.00,0.00,0.00
92.570339,-35.903195,-202.856621,155.045074,-63.015321,-241.682069,125.768196,-15.023989,-198.770803,97.79483,0.00,0.00,0.00,0.00,0.00,0.00,0.00,0.00,0.00,0.00,0.00,0.00
92.696034,-34.394038,-209.669207,156.190704,-64.957025,-249.457877,133.380981,-13.199377,-205.599178,98.900055,0.00,0.00,0.00,0.00,0.00,0.00,0.00,0.00,0.00,0.00,0.00,0.00
92.807698,-34.358531,-215.102237,156.774307,-66.971033,-256.458901,137.006912,-11.666004,-210.628908,100.437439,0.00,0.00,0.00,0.00,0.00,0.00,0.00,0.00,0.00,0.00,0.00,0.00
92.933096,-34.425498,-220.569481,156.247406,-71.704932,-264.759348,134.582123,-9.28352,-215.529896,99.672623,0.00,0.00,0.00,0.00,0.00,0.00,0.00,0.00,0.00,0.00,0.00,0.00
93.058008,-35.253367,-226.378674,157.493546,-73.547639,-270.365182,131.152161,-8.356514,-217.070706,100.370613,0.00,0.00,0.00,0.00,0.00,0.00,0.00,0.00,0.00,0.00,0.00,0.00
93.183758,-32.937776,-232.369658,158.20462,-66.725403,-271.46057,124.260803,-7.077694,-217.010757,99.634773,0.00,0.00,0.00,0.00,0.00,0.00,0.00,0.00,0.00,0.00,0.00,0.00
93.309453,-24.22469,-235.437711,157.748505,-51.546275,-261.996597,101.588943,-5.305252,-217.27921,99.307426,0.00,0.00,0.00,0.00,0.00,0.00,0.00,0.00,0.00,0.00,0.00,0.00
93.434834,-14.366297,-232.972827,157.302124,-37.937062,-242.681615,81.168785,-1.016062,-217.460132,98.656845,0.00,0.00,0.00,0.00,0.00,0.00,0.00,0.00,0.00,0.00,0.00,0.00
93.560321,-6.172354,-229.444734,157.10881,-26.617393,-241.149847,80.953941,5.912792,-214.671694,99.706718,0.00,0.00,0.00,0.00,0.00,0.00,0.00,0.00,0.00,0.00,0.00,0.00
93.685348,3.169584,-224.627589,156.565262,-16.460504,-249.421285,82.255852,12.462188,-209.996171,96.199081,0.00,0.00,0.00,0.00,0.00,0.00,0.00,0.00,0.00,0.00,0.00,0.00 
93.811202,12.427655,-220.200562,157.117355,-4.84131,-256.39142,85.890404,16.323142,-209.69074,94.320549,0.00,0.00,0.00,0.00,0.00,0.00,0.00,0.00,0.00,0.00,0.00,0.00
93.936812,21.865139,-219.081271,157.103439,6.943587,-256.344954,87.622139,19.868494,-213.068778,93.816864,0.00,0.00,0.00,0.00,0.00,0.00,0.00,0.00,0.00,0.00,0.00,0.00
94.06174,30.558642,-221.196183,156.174271,20.161754,-254.829543,86.02282,24.238292,-216.44422,92.201591,0.00,0.00,0.00,0.00,0.00,0.00,0.00,0.00,0.00,0.00,0.00,0.00
94.187226,38.731826,-227.310767,155.33876,35.260825,-253.761577,82.303795,31.228819,-217.303733,90.626434,0.00,0.00,0.00,0.00,0.00,0.00,0.00,0.00,0.00,0.00,0.00,0.00
94.312433,48.066632,-233.228796,157.381439,49.734481,-251.823037,83.569016,41.254761,-216.4019,94.140915,0.00,0.00,0.00,0.00,0.00,0.00,0.00,0.00,0.00,0.00,0.00,0.00
94.437605,57.697839,-234.774626,159.569,62.059178,-248.576316,86.925377,51.995092,-214.426138,98.933029,0.00,0.00,0.00,0.00,0.00,0.00,0.00,0.00,0.00,0.00,0.00,0.00
94.563225,67.767998,-232.704583,159.106476,73.212177,-246.002013,86.097427,63.253529,-211.568148,97.969872,0.00,0.00,0.00,0.00,0.00,0.00,0.00,0.00,0.00,0.00,0.00,0.00
94.688301,77.572478,-227.249959,158.587234,83.592934,-245.716076,84.002686,76.786973,-204.088677,92.361176,0.00,0.00,0.00,0.00,0.00,0.00,0.00,0.00,0.00,0.00,0.00,0.00
94.814106,86.974123,-219.766539,159.181244,91.437623,-246.475398,85.328033,91.373707,-199.40914,93.243752,0.00,0.00,0.00,0.00,0.00,0.00,0.00,0.00,0.00,0.00,0.00,0.00
94.939619,95.548702,-215.408748,160.650391,99.64324,-246.91294,87.332207,104.887891,-196.143492,96.32737,0.00,0.00,0.00,0.00,0.00,0.00,0.00,0.00,0.00,0.00,0.00,0.00
95.065011,104.059179,-213.816175,160.593903,108.22075,-245.658769,85.212128,116.737087,-188.681804,98.991707,0.00,0.00,0.00,0.00,0.00,0.00,0.00,0.00,0.00,0.00,0.00,0.00
95.190383,112.069244,-215.198416,159.961731,115.794591,-242.038039,79.516373,124.855005,-180.36351,103.532806,0.00,0.00,0.00,0.00,0.00,0.00,0.00,0.00,0.00,0.00,0.00,0.00
95.315648,119.474191,-215.083386,160.250641,122.078282,-236.469729,79.074341,135.194031,-173.895233,111.653587,0.00,0.00,0.00,0.00,0.00,0.00,0.00,0.00,0.00,0.00,0.00,0.00
95.441087,125.272288,-210.948288,161.30632,126.024014,-230.485163,82.488777,147.916728,-167.980123,122.262619,0.00,0.00,0.00,0.00,0.00,0.00,0.00,0.00,0.00,0.00,0.00,0.00
95.566053,130.516247,-204.496304,159.922928,128.729187,-228.063244,81.083206,161.647958,-162.390422,130.003006,0.00,0.00,0.00,0.00,0.00,0.00,0.00,0.00,0.00,0.00,0.00,0.00
95.690681,135.954493,-195.906079,159.159409,127.469541,-226.288141,81.906601,178.218208,-157.447495,133.846741,0.00,0.00,0.00,0.00,0.00,0.00,0.00,0.00,0.00,0.00,0.00,0.00 
95.816585,140.636331,-187.889971,160.1866,120.076584,-219.462951,84.288788,190.159657,-154.538486,131.402786,0.00,0.00,0.00,0.00,0.00,0.00,0.00,0.00,0.00,0.00,0.00,0.00
95.941939,142.979336,-184.015293,160.632584,112.951482,-214.424857,84.632614,192.387018,-159.891508,124.197556,0.00,0.00,0.00,0.00,0.00,0.00,0.00,0.00,0.00,0.00,0.00,0.00
96.067802,141.733012,-183.798605,161.193771,107.769815,-210.283603,83.541145,180.740599,-171.435791,103.199493,0.00,0.00,0.00,0.00,0.00,0.00,0.00,0.00,0.00,0.00,0.00,0.00
96.193763,137.228334,-188.287566,162.668182,104.239519,-207.370192,83.963341,151.570486,-182.118287,79.094826,0.00,0.00,0.00,0.00,0.00,0.00,0.00,0.00,0.00,0.00,0.00,0.00
96.320093,127.378278,-194.958181,162.621384,100.784391,-206.116174,87.149536,136.205686,-192.96033,78.92083,0.00,0.00,0.00,0.00,0.00,0.00,0.00,0.00,0.00,0.00,0.00,0.00 
96.445626,113.304408,-199.240104,161.640823,92.657626,-207.176271,90.228813,130.844364,-203.988257,81.810127,0.00,0.00,0.00,0.00,0.00,0.00,0.00,0.00,0.00,0.00,0.00,0.00
96.570481,100.197368,-202.011036,160.673492,83.008401,-209.775335,92.212105,125.645202,-211.439214,81.215195,0.00,0.00,0.00,0.00,0.00,0.00,0.00,0.00,0.00,0.00,0.00,0.00
96.695493,90.586355,-205.371737,159.090683,76.273095,-213.213263,94.139282,119.625584,-214.760039,81.303062,0.00,0.00,0.00,0.00,0.00,0.00,0.00,0.00,0.00,0.00,0.00,0.00
96.820985,83.667132,-209.510563,157.091064,70.726132,-215.258717,93.958107,114.581932,-218.457623,81.328293,0.00,0.00,0.00,0.00,0.00,0.00,0.00,0.00,0.00,0.00,0.00,0.00
96.946014,80.286637,-215.127075,155.964767,61.719332,-217.092521,96.473541,112.059629,-226.896534,79.948891,0.00,0.00,0.00,0.00,0.00,0.00,0.00,0.00,0.00,0.00,0.00,0.00
97.070877,78.929525,-221.808762,157.534332,51.692669,-220.674246,103.644905,108.991134,-237.497243,80.603958,0.00,0.00,0.00,0.00,0.00,0.00,0.00,0.00,0.00,0.00,0.00,0.00
97.182507,77.266751,-227.665694,158.31192,44.000922,-225.721179,110.875336,104.071396,-245.39079,81.15419,0.00,0.00,0.00,0.00,0.00,0.00,0.00,0.00,0.00,0.00,0.00,0.00
97.321003,73.363687,-234.100482,159.541351,31.456006,-232.761419,122.543678,96.106778,-250.207174,83.324982,0.00,0.00,0.00,0.00,0.00,0.00,0.00,0.00,0.00,0.00,0.00,0.00
97.446279,66.645903,-240.235038,158.373184,14.572691,-245.844107,133.596619,91.31487,-249.008889,84.512894,0.00,0.00,0.00,0.00,0.00,0.00,0.00,0.00,0.00,0.00,0.00,0.00
97.571244,56.735675,-243.127836,155.810501,2.169247,-260.989635,135.223389,93.990301,-245.705534,88.338951,0.00,0.00,0.00,0.00,0.00,0.00,0.00,0.00,0.00,0.00,0.00,0.00
97.695847,47.223071,-246.031459,156.003708,1.359351,-272.59121,132.570099,99.674361,-237.419143,90.960434,0.00,0.00,0.00,0.00,0.00,0.00,0.00,0.00,0.00,0.00,0.00,0.00
97.821103,45.492255,-246.939705,156.385971,6.822062,-273.431464,124.610413,100.532225,-226.871472,89.561211,0.00,0.00,0.00,0.00,0.00,0.00,0.00,0.00,0.00,0.00,0.00,0.00
97.932385,50.217191,-247.249352,159.31427,18.243258,-264.685588,104.509308,98.225146,-222.266508,88.616493,0.00,0.00,0.00,0.00,0.00,0.00,0.00,0.00,0.00,0.00,0.00,0.00
98.059123,64.051993,-245.259457,160.681122,39.921237,-246.230079,83.055016,95.154703,-220.638777,89.503876,0.00,0.00,0.00,0.00,0.00,0.00,0.00,0.00,0.00,0.00,0.00,0.00
98.1858,79.185259,-233.872686,160.618683,60.591746,-234.208587,79.867676,98.676962,-214.238272,91.80146,0.00,0.00,0.00,0.00,0.00,0.00,0.00,0.00,0.00,0.00,0.00,0.00
98.311167,87.69295,-217.347737,161.214539,72.039162,-233.966838,81.626823,100.812328,-200.403764,87.883499,0.00,0.00,0.00,0.00,0.00,0.00,0.00,0.00,0.00,0.00,0.00,0.00
98.43621,96.751551,-201.009663,159.935928,82.280715,-237.652247,81.805748,103.28287,-181.604286,80.602676,0.00,0.00,0.00,0.00,0.00,0.00,0.00,0.00,0.00,0.00,0.00,0.00
98.561016,102.19947,-188.528203,158.763977,93.954056,-237.486379,85.490059,103.31437,-168.139517,84.056496,0.00,0.00,0.00,0.00,0.00,0.00,0.00,0.00,0.00,0.00,0.00,0.00
98.685439,106.576538,-180.992701,159.740158,108.418761,-228.314822,88.581116,103.696047,-163.817061,89.794586,0.00,0.00,0.00,0.00,0.00,0.00,0.00,0.00,0.00,0.00,0.00,0.00
98.8098,112.40542,-175.844105,160.224838,122.105211,-215.817214,87.577332,103.351174,-162.074935,89.504059,0.00,0.00,0.00,0.00,0.00,0.00,0.00,0.00,0.00,0.00,0.00,0.00
98.934855,119.003445,-171.855955,159.25235,133.127684,-200.142951,85.060692,101.368535,-159.450458,86.657974,0.00,0.00,0.00,0.00,0.00,0.00,0.00,0.00,0.00,0.00,0.00,0.00
99.059884,123.629943,-165.922132,160.503311,137.436498,-186.72655,83.091644,100.565501,-153.758875,87.960823,0.00,0.00,0.00,0.00,0.00,0.00,0.00,0.00,0.00,0.00,0.00,0.00
99.185348,125.172488,-156.666144,161.905746,139.375099,-174.145353,84.980934,101.173026,-145.608627,91.678276,0.00,0.00,0.00,0.00,0.00,0.00,0.00,0.00,0.00,0.00,0.00,0.00
99.310674,125.90411,-145.666142,160.190796,143.428889,-161.408803,84.328651,101.302104,-137.165333,89.700874,0.00,0.00,0.00,0.00,0.00,0.00,0.00,0.00,0.00,0.00,0.00,0.00
99.436092,124.871454,-134.647748,158.507874,147.853705,-146.116364,84.501175,100.712111,-124.786204,84.862297,0.00,0.00,0.00,0.00,0.00,0.00,0.00,0.00,0.00,0.00,0.00,0.00
99.561604,124.326497,-122.286225,159.037277,148.472991,-134.373231,86.292816,100.438633,-110.188186,83.559418,0.00,0.00,0.00,0.00,0.00,0.00,0.00,0.00,0.00,0.00,0.00,0.00
99.68692,126.037169,-110.935074,160.206436,147.060386,-125.676919,90.753326,105.766126,-96.20986,86.211899,0.00,0.00,0.00,0.00,0.00,0.00,0.00,0.00,0.00,0.00,0.00,0.00
99.812439,129.465465,-100.623555,158.718018,149.173325,-118.340017,87.571632,113.786237,-82.4971,86.625229,0.00,0.00,0.00,0.00,0.00,0.00,0.00,0.00,0.00,0.00,0.00,0.00
99.937933,134.125675,-92.627133,158.725159,151.757754,-111.768787,83.000732,122.753838,-70.51771,89.941658,0.00,0.00,0.00,0.00,0.00,0.00,0.00,0.00,0.00,0.00,0.00,0.00
100.063425,138.55839,-85.006243,159.465485,154.246989,-104.323301,83.703033,132.920798,-56.985157,94.780731,0.00,0.00,0.00,0.00,0.00,0.00,0.00,0.00,0.00,0.00,0.00,0.00
100.188558,142.18893,-76.90945,160.616592,155.769932,-97.767763,87.767563,144.002361,-41.136116,104.711449,0.00,0.00,0.00,0.00,0.00,0.00,0.00,0.00,0.00,0.00,0.00,0.00
100.313853,145.544207,-68.174331,159.581711,156.231231,-94.699197,88.936394,159.246417,-25.201036,114.015343,0.00,0.00,0.00,0.00,0.00,0.00,0.00,0.00,0.00,0.00,0.00,0.00
100.438776,147.959343,-58.935367,159.300568,151.586707,-94.377831,90.037605,176.243759,-14.720463,124.813629,0.00,0.00,0.00,0.00,0.00,0.00,0.00,0.00,0.00,0.00,0.00,0.00
100.564277,149.498828,-50.432947,160.136978,139.840372,-92.983387,90.31514,188.968923,-13.922078,131.544617,0.00,0.00,0.00,0.00,0.00,0.00,0.00,0.00,0.00,0.00,0.00,0.00
100.689547,150.283723,-45.455992,160.829025,129.459576,-90.547582,88.674858,192.207972,-14.603658,129.978485,0.00,0.00,0.00,0.00,0.00,0.00,0.00,0.00,0.00,0.00,0.00,0.00
100.815156,150.080035,-43.632222,160.990494,128.60151,-88.111577,88.177399,186.813716,-14.668998,122.053825,0.00,0.00,0.00,0.00,0.00,0.00,0.00,0.00,0.00,0.00,0.00,0.00
100.940508,148.146117,-43.266901,159.909103,134.474462,-85.554434,85.439308,169.20814,-21.494222,104.346634,0.00,0.00,0.00,0.00,0.00,0.00,0.00,0.00,0.00,0.00,0.00,0.00
101.065352,142.765015,-42.760468,158.683197,146.561418,-81.417065,82.625648,141.644288,-31.659907,89.759422,0.00,0.00,0.00,0.00,0.00,0.00,0.00,0.00,0.00,0.00,0.00,0.00
101.190357,134.49911,-41.781116,158.816925,157.839056,-68.661138,84.546753,120.439551,-34.990343,90.997101,0.00,0.00,0.00,0.00,0.00,0.00,0.00,0.00,0.00,0.00,0.00,0.00
101.315653,123.352202,-42.480548,157.762329,152.222569,-52.226712,88.553108,103.153942,-37.205566,93.211327,0.00,0.00,0.00,0.00,0.00,0.00,0.00,0.00,0.00,0.00,0.00,0.00
101.440649,111.517758,-44.027232,154.365158,137.770676,-39.801127,90.475288,91.13792,-42.782195,91.397545,0.00,0.00,0.00,0.00,0.00,0.00,0.00,0.00,0.00,0.00,0.00,0.00 
101.567062,100.655653,-45.601823,150.906952,121.785761,-30.153944,91.365158,89.315485,-48.685259,86.071518,0.00,0.00,0.00,0.00,0.00,0.00,0.00,0.00,0.00,0.00,0.00,0.00
101.691278,91.577217,-44.875797,148.479599,106.829193,-24.089299,92.581551,90.555553,-50.857096,84.957451,0.00,0.00,0.00,0.00,0.00,0.00,0.00,0.00,0.00,0.00,0.00,0.00
101.815776,84.041222,-41.206184,146.520035,93.708126,-21.626611,93.758949,89.067698,-49.674097,83.435112,0.00,0.00,0.00,0.00,0.00,0.00,0.00,0.00,0.00,0.00,0.00,0.00
101.941117,77.314706,-36.038564,145.597595,83.877803,-21.814223,91.571465,82.22279,-47.711242,84.458809,0.00,0.00,0.00,0.00,0.00,0.00,0.00,0.00,0.00,0.00,0.00,0.00
102.066875,72.040646,-31.368607,145.425842,75.437468,-19.916363,89.111206,74.017417,-47.124014,86.549995,0.00,0.00,0.00,0.00,0.00,0.00,0.00,0.00,0.00,0.00,0.00,0.00
102.192163,65.069697,-30.970501,149.339645,65.779036,-15.501345,91.621445,70.185783,-45.381056,89.988831,0.00,0.00,0.00,0.00,0.00,0.00,0.00,0.00,0.00,0.00,0.00,0.00
102.318358,57.624626,-33.467391,151.859055,53.931791,-14.083789,92.228683,64.960944,-46.243946,90.653854,0.00,0.00,0.00,0.00,0.00,0.00,0.00,0.00,0.00,0.00,0.00,0.00
102.444261,49.825801,-37.957713,149.949692,41.853421,-18.864357,91.075294,56.675023,-48.729473,88.276634,0.00,0.00,0.00,0.00,0.00,0.00,0.00,0.00,0.00,0.00,0.00,0.00
102.569595,41.292807,-45.721135,148.4505,32.288021,-26.61595,91.657829,45.87235,-52.927874,86.400543,0.00,0.00,0.00,0.00,0.00,0.00,0.00,0.00,0.00,0.00,0.00,0.00
102.694784,33.500645,-53.930541,148.844742,24.3917,-33.07211,94.478073,33.674299,-58.415604,87.94899,0.00,0.00,0.00,0.00,0.00,0.00,0.00,0.00,0.00,0.00,0.00,0.00
102.819613,24.599231,-59.496366,149.36618,15.602422,-37.177611,96.595665,21.619846,-62.09467,88.485878,0.00,0.00,0.00,0.00,0.00,0.00,0.00,0.00,0.00,0.00,0.00,0.00
102.944357,14.375397,-63.958277,148.836014,4.645609,-40.148159,96.899254,10.71212,-66.065843,89.114525,0.00,0.00,0.00,0.00,0.00,0.00,0.00,0.00,0.00,0.00,0.00,0.00
103.069794,3.971117,-65.426999,147.943756,-7.792111,-44.616003,94.180946,2.77,-72.689556,87.091179,0.00,0.00,0.00,0.00,0.00,0.00,0.00,0.00,0.00,0.00,0.00,0.00
103.195104,-7.804541,-67.336868,150.27861,-21.112105,-51.591525,97.002754,-1.92179,-81.982427,87.800064,0.00,0.00,0.00,0.00,0.00,0.00,0.00,0.00,0.00,0.00,0.00,0.00
103.321097,-18.50136,-71.053069,151.586655,-34.297193,-58.798329,101.632248,-6.349171,-89.50918,89.993286,0.00,0.00,0.00,0.00,0.00,0.00,0.00,0.00,0.00,0.00,0.00,0.00 
103.445018,-27.909006,-76.306694,150.432281,-46.432481,-64.894901,105.148148,-13.699366,-95.129919,88.716713,0.00,0.00,0.00,0.00,0.00,0.00,0.00,0.00,0.00,0.00,0.00,0.00
103.569207,-37.093204,-83.043804,149.237869,-56.573936,-69.562424,103.342094,-24.069176,-99.395913,84.634254,0.00,0.00,0.00,0.00,0.00,0.00,0.00,0.00,0.00,0.00,0.00,0.00
103.695404,-46.053723,-89.490599,152.608063,-63.096448,-73.502605,103.564034,-36.024181,-106.137378,84.272346,0.00,0.00,0.00,0.00,0.00,0.00,0.00,0.00,0.00,0.00,0.00,0.00
103.807619,-52.730446,-93.351427,157.555099,-70.6142,-75.878223,107.066956,-46.383357,-112.446235,88.060448,0.00,0.00,0.00,0.00,0.00,0.00,0.00,0.00,0.00,0.00,0.00,0.00
103.933981,-59.948065,-95.004972,159.252304,-84.688108,-77.010829,114.278732,-56.112086,-118.240162,92.548653,0.00,0.00,0.00,0.00,0.00,0.00,0.00,0.00,0.00,0.00,0.00,0.00
104.059102,-66.438697,-94.538196,158.649475,-103.035262,-78.500222,123.628937,-59.753756,-121.430087,94.448021,0.00,0.00,0.00,0.00,0.00,0.00,0.00,0.00,0.00,0.00,0.00,0.00
104.183777,-74.208752,-91.932619,160.123779,-122.73088,-78.759847,132.468552,-57.287417,-119.951611,93.789566,0.00,0.00,0.00,0.00,0.00,0.00,0.00,0.00,0.00,0.00,0.00,0.00
104.309348,-82.302952,-89.334624,161.385559,-137.054293,-76.061929,138.009277,-54.208649,-114.700639,93.400375,0.00,0.00,0.00,0.00,0.00,0.00,0.00,0.00,0.00,0.00,0.00,0.00
104.434936,-88.112569,-88.687821,162.134552,-143.767758,-75.681564,137.143707,-53.437251,-111.597911,93.848251,0.00,0.00,0.00,0.00,0.00,0.00,0.00,0.00,0.00,0.00,0.00,0.00
104.560121,-91.567035,-89.626227,161.776764,-145.414287,-75.258983,132.395172,-55.155358,-112.472301,94.636932,0.00,0.00,0.00,0.00,0.00,0.00,0.00,0.00,0.00,0.00,0.00,0.00
104.685546,-92.38408,-90.703064,161.243942,-137.808224,-78.845975,119.311432,-59.13,-115.73303,94.359673,0.00,0.00,0.00,0.00,0.00,0.00,0.00,0.00,0.00,0.00,0.00,0.00
104.811183,-90.840325,-92.17562,161.483688,-112.142853,-78.152901,101.194557,-65.870903,-118.513936,93.427399,0.00,0.00,0.00,0.00,0.00,0.00,0.00,0.00,0.00,0.00,0.00,0.00
104.937159,-87.189091,-93.024439,160.998917,-83.774472,-78.469203,91.344894,-74.374291,-121.141424,91.259171,0.00,0.00,0.00,0.00,0.00,0.00,0.00,0.00,0.00,0.00,0.00,0.00
105.062709,-80.054819,-93.159695,159.916138,-56.837064,-81.044625,91.513519,-79.646883,-123.211522,85.526749,0.00,0.00,0.00,0.00,0.00,0.00,0.00,0.00,0.00,0.00,0.00,0.00
105.187523,-69.441807,-92.853192,161.79747,-37.498971,-86.294625,97.119644,-81.860281,-126.274994,82.406944,0.00,0.00,0.00,0.00,0.00,0.00,0.00,0.00,0.00,0.00,0.00,0.00
105.310956,-56.994547,-92.987604,162.587006,-27.135434,-90.578625,97.451439,-80.853889,-120.042509,82.209251,0.00,0.00,0.00,0.00,0.00,0.00,0.00,0.00,0.00,0.00,0.00,0.00
105.436048,-45.167195,-92.989244,160.564285,-24.411378,-94.541948,92.25248,-75.65304,-107.789718,83.428986,0.00,0.00,0.00,0.00,0.00,0.00,0.00,0.00,0.00,0.00,0.00,0.00
105.56164,-33.430974,-91.263155,157.003723,-20.17663,-94.185646,90.788116,-66.809825,-95.597425,84.651077,0.00,0.00,0.00,0.00,0.00,0.00,0.00,0.00,0.00,0.00,0.00,0.00
105.687122,-21.604356,-87.53906,154.294556,-6.378652,-90.299575,93.043564,-54.821095,-87.934569,82.765427,0.00,0.00,0.00,0.00,0.00,0.00,0.00,0.00,0.00,0.00,0.00,0.00
105.812254,-11.979983,-82.942335,153.927979,5.572281,-85.890462,97.15966,-43.106183,-82.791817,83.908318,0.00,0.00,0.00,0.00,0.00,0.00,0.00,0.00,0.00,0.00,0.00,0.00
105.937415,-4.482539,-76.524799,152.775742,11.688719,-79.603881,97.243896,-35.395935,-76.900129,86.267136,0.00,0.00,0.00,0.00,0.00,0.00,0.00,0.00,0.00,0.00,0.00,0.00
106.063533,0.69315,-68.129586,151.977814,13.850255,-72.763682,94.402946,-29.682174,-68.34846,85.495461,0.00,0.00,0.00,0.00,0.00,0.00,0.00,0.00,0.00,0.00,0.00,0.00
106.189661,4.294237,-58.30162,151.802155,15.401663,-67.781493,92.62413,-22.508118,-56.951163,82.737595,0.00,0.00,0.00,0.00,0.00,0.00,0.00,0.00,0.00,0.00,0.00,0.00
106.315402,8.228308,-49.725244,152.121399,17.809264,-63.726215,93.239639,-13.696833,-44.916449,82.826263,0.00,0.00,0.00,0.00,0.00,0.00,0.00,0.00,0.00,0.00,0.00,0.00
106.441218,13.440851,-43.362762,154.370193,21.1105,-58.968508,96.254356,-3.986393,-38.567327,85.626968,0.00,0.00,0.00,0.00,0.00,0.00,0.00,0.00,0.00,0.00,0.00,0.00
106.566629,19.03777,-37.072825,154.715378,27.171745,-52.343181,96.069481,4.932716,-35.081981,85.670891,0.00,0.00,0.00,0.00,0.00,0.00,0.00,0.00,0.00,0.00,0.00,0.00
106.69177,25.999384,-31.751142,153.589462,35.303929,-43.766591,94.907478,13.381993,-27.234513,84.674301,0.00,0.00,0.00,0.00,0.00,0.00,0.00,0.00,0.00,0.00,0.00,0.00
106.81743,35.601371,-27.335229,154.122971,45.766796,-34.14843,96.918129,22.421041,-16.40793,86.315445,0.00,0.00,0.00,0.00,0.00,0.00,0.00,0.00,0.00,0.00,0.00,0.00
106.942515,45.322426,-22.263926,155.823654,57.162338,-25.1395,102.667984,32.616527,-7.563177,91.520737,0.00,0.00,0.00,0.00,0.00,0.00,0.00,0.00,0.00,0.00,0.00,0.00
107.067684,53.038324,-15.949961,157.037094,66.821577,-17.952658,106.761292,42.650676,-0.237125,96.006401,0.00,0.00,0.00,0.00,0.00,0.00,0.00,0.00,0.00,0.00,0.00,0.00
107.192732,59.581236,-8.982698,156.069107,74.28181,-11.398996,106.155991,51.136954,6.419902,95.69278,0.00,0.00,0.00,0.00,0.00,0.00,0.00,0.00,0.00,0.00,0.00,0.00
107.318036,65.453123,-1.152824,154.323914,80.702949,-3.13878,103.23336,57.54535,14.851031,93.555954,0.00,0.00,0.00,0.00,0.00,0.00,0.00,0.00,0.00,0.00,0.00,0.00
107.44315,71.370443,6.598842,154.299454,88.218355,5.541896,103.358337,63.46021,24.066893,93.325737,0.00,0.00,0.00,0.00,0.00,0.00,0.00,0.00,0.00,0.00,0.00,0.00
107.568057,77.354039,13.687066,155.489517,96.146042,13.724146,105.792252,70.159946,32.652818,96.180756,0.00,0.00,0.00,0.00,0.00,0.00,0.00,0.00,0.00,0.00,0.00,0.00
107.692537,83.519421,20.659625,154.573196,102.736885,22.216741,106.444862,76.190228,39.66965,99.235954,0.00,0.00,0.00,0.00,0.00,0.00,0.00,0.00,0.00,0.00,0.00,0.00
107.816904,89.748855,27.992469,151.86763,108.420021,32.091846,104.037407,80.238941,45.915477,98.415092,0.00,0.00,0.00,0.00,0.00,0.00,0.00,0.00,0.00,0.00,0.00,0.00
107.941564,95.686461,35.103903,151.343292,112.500396,41.549946,103.48716,82.885218,49.723606,98.018555,0.00,0.00,0.00,0.00,0.00,0.00,0.00,0.00,0.00,0.00,0.00,0.00
108.066662,100.349908,42.032513,152.586731,115.509516,50.200575,104.956673,85.45375,53.668934,99.190895,0.00,0.00,0.00,0.00,0.00,0.00,0.00,0.00,0.00,0.00,0.00,0.00
