746.872064,66.056443,43.760414,154.73439,63.435672,42.461983,103.915092,81.642953,37.717405,105.191826,0.00,0.00,0.00,0.00,0.00,0.00,0.00,0.00,0.00,0.00,0.00,0.00
746.99889,61.519718,35.659781,158.934647,58.219547,31.568979,106.194138,78.063997,26.453707,107.0951,0.00,0.00,0.00,0.00,0.00,0.00,0.00,0.00,0.00,0.00,0.00,0.00
747.110206,57.80333,27.709021,161.607147,52.941808,23.898458,107.360313,73.1182,18.030306,106.196884,0.00,0.00,0.00,0.00,0.00,0.00,0.00,0.00,0.00,0.00,0.00,0.00747.236126,53.525934,17.009255,160.578506,46.74436,16.014349,104.356804,65.529287,7.24252,103.327812,0.00,0.00,0.00,0.00,0.00,0.00,0.00,0.00,0.00,0.00,0.00,0.00
747.361344,50.08529,4.502553,159.203583,40.357205,8.144674,102.163902,56.42109,-5.59943,101.891006,0.00,0.00,0.00,0.00,0.00,0.00,0.00,0.00,0.00,0.00,0.00,0.00
747.486414,46.083073,-8.515399,159.338531,33.605624,-0.682222,105.414291,46.315795,-18.60799,104.066696,0.00,0.00,0.00,0.00,0.00,0.00,0.00,0.00,0.00,0.00,0.00,0.00
747.611579,40.073701,-19.235388,160.692123,26.287552,-7.865201,108.462082,36.221962,-29.790543,106.82341,0.00,0.00,0.00,0.00,0.00,0.00,0.00,0.00,0.00,0.00,0.00,0.00
747.736996,32.722535,-28.462369,161.790634,19.993789,-14.659384,107.983147,27.591121,-39.230464,108.446594,0.00,0.00,0.00,0.00,0.00,0.00,0.00,0.00,0.00,0.00,0.00,0.00
747.862839,24.505256,-36.298725,160.74852,12.444191,-23.4187,105.536476,19.999776,-48.174655,106.294357,0.00,0.00,0.00,0.00,0.00,0.00,0.00,0.00,0.00,0.00,0.00,0.00
747.988035,15.173441,-43.085138,161.128143,1.763055,-34.008007,104.391121,12.9304,-57.050162,104.051552,0.00,0.00,0.00,0.00,0.00,0.00,0.00,0.00,0.00,0.00,0.00,0.00
748.113569,5.937615,-48.853751,163.976501,-9.101637,-45.470124,107.447479,5.65835,-65.577568,104.662956,0.00,0.00,0.00,0.00,0.00,0.00,0.00,0.00,0.00,0.00,0.00,0.00
748.239313,0.014375,-56.441838,165.96524,-16.49546,-56.393623,111.191689,-0.321787,-73.717229,106.936356,0.00,0.00,0.00,0.00,0.00,0.00,0.00,0.00,0.00,0.00,0.00,0.00
748.364508,-4.91717,-65.47931,166.807846,-21.556636,-66.466318,112.996758,-5.183747,-81.741541,107.185875,0.00,0.00,0.00,0.00,0.00,0.00,0.00,0.00,0.00,0.00,0.00,0.00
748.489983,-9.874657,-74.797482,165.957336,-26.449143,-76.015941,112.191727,-10.46257,-90.91664,104.816292,0.00,0.00,0.00,0.00,0.00,0.00,0.00,0.00,0.00,0.00,0.00,0.00
748.615168,-13.889219,-85.401721,165.290039,-31.001364,-85.704294,110.761154,-15.67316,-101.790636,104.22007,0.00,0.00,0.00,0.00,0.00,0.00,0.00,0.00,0.00,0.00,0.00,0.00
748.740517,-17.581296,-96.443587,166.373611,-34.580642,-97.21226,110.274719,-19.139406,-113.398286,106.641342,0.00,0.00,0.00,0.00,0.00,0.00,0.00,0.00,0.00,0.00,0.00,0.00
748.865993,-21.806479,-106.002132,167.762665,-37.136346,-108.29289,113.082466,-21.673097,-124.411821,107.95195,0.00,0.00,0.00,0.00,0.00,0.00,0.00,0.00,0.00,0.00,0.00,0.00
748.9917,-26.717881,-114.39088,168.184601,-40.592538,-118.217575,113.885963,-24.458234,-133.659114,108.945694,0.00,0.00,0.00,0.00,0.00,0.00,0.00,0.00,0.00,0.00,0.00,0.00
749.116938,-32.258803,-123.049702,166.678833,-45.006321,-128.756324,111.901711,-27.747699,-142.418222,107.65731,0.00,0.00,0.00,0.00,0.00,0.00,0.00,0.00,0.00,0.00,0.00,0.00
749.241816,-38.326467,-131.756767,165.368835,-49.713791,-140.110701,110.406746,-31.287,-150.682344,106.07859,0.00,0.00,0.00,0.00,0.00,0.00,0.00,0.00,0.00,0.00,0.00,0.00
749.366949,-44.445966,-140.255446,166.700821,-53.662625,-151.235749,112.378738,-34.862643,-158.028253,107.175003,0.00,0.00,0.00,0.00,0.00,0.00,0.00,0.00,0.00,0.00,0.00,0.00
749.492535,-48.872303,-148.683019,167.393417,-56.749482,-161.534599,113.910606,-37.407631,-164.905935,107.55291,0.00,0.00,0.00,0.00,0.00,0.00,0.00,0.00,0.00,0.00,0.00,0.00
749.617728,-51.6654,-156.712695,167.86058,-59.213821,-170.205616,115.665565,-39.187429,-171.346752,107.7202,0.00,0.00,0.00,0.00,0.00,0.00,0.00,0.00,0.00,0.00,0.00,0.00
749.743058,-53.296876,-164.644372,167.116791,-60.58681,-178.35533,114.964226,-40.840851,-178.927849,106.359734,0.00,0.00,0.00,0.00,0.00,0.00,0.00,0.00,0.00,0.00,0.00,0.00
749.868219,-53.250048,-172.74235,166.116379,-61.329572,-186.488161,113.499619,-41.714149,-187.83944,105.687645,0.00,0.00,0.00,0.00,0.00,0.00,0.00,0.00,0.00,0.00,0.00,0.00
749.993683,-52.914496,-181.084409,166.37114,-61.245833,-195.134038,113.991417,-41.765388,-196.422595,107.566116,0.00,0.00,0.00,0.00,0.00,0.00,0.00,0.00,0.00,0.00,0.00,0.00
750.119267,-53.283812,-188.704653,165.636276,-61.37913,-204.046621,116.414497,-41.499794,-203.471707,109.004784,0.00,0.00,0.00,0.00,0.00,0.00,0.00,0.00,0.00,0.00,0.00,0.00
750.244395,-54.351282,-195.178751,164.7202,-62.876152,-215.507592,118.770584,-40.585422,-208.562462,110.477104,0.00,0.00,0.00,0.00,0.00,0.00,0.00,0.00,0.00,0.00,0.00,0.00
750.368793,-55.224709,-201.51337,163.697723,-65.508911,-231.054109,121.720139,-39.021216,-212.273745,110.044647,0.00,0.00,0.00,0.00,0.00,0.00,0.00,0.00,0.00,0.00,0.00,0.00
750.494058,-57.084476,-207.602795,162.925171,-69.045182,-246.957288,126.815567,-37.388204,-215.734803,109.051834,0.00,0.00,0.00,0.00,0.00,0.00,0.00,0.00,0.00,0.00,0.00,0.00
750.619822,-59.571612,-214.333878,162.95462,-72.5292,-258.743565,130.019348,-37.171061,-219.630338,109.047272,0.00,0.00,0.00,0.00,0.00,0.00,0.00,0.00,0.00,0.00,0.00,0.00
750.744365,-60.970746,-220.292145,163.12442,-75.158547,-265.659915,130.05632,-38.232514,-222.433971,109.904816,0.00,0.00,0.00,0.00,0.00,0.00,0.00,0.00,0.00,0.00,0.00,0.00
750.869691,-61.527686,-224.39057,163.494781,-76.488272,-269.013669,129.639496,-38.885719,-224.159518,109.632179,0.00,0.00,0.00,0.00,0.00,0.00,0.00,0.00,0.00,0.00,0.00,0.00
750.995472,-61.984374,-226.401296,163.842361,-77.229219,-270.918852,128.993698,-38.814127,-225.612775,109.593536,0.00,0.00,0.00,0.00,0.00,0.00,0.00,0.00,0.00,0.00,0.00,0.00
751.120957,-61.835106,-226.906991,164.421051,-77.436628,-271.031188,128.430038,-38.074646,-226.788053,110.185661,0.00,0.00,0.00,0.00,0.00,0.00,0.00,0.00,0.00,0.00,0.00,0.00
751.246206,-61.402919,-226.848735,164.471466,-77.194529,-270.097882,128.103836,-37.656084,-227.506476,110.401199,0.00,0.00,0.00,0.00,0.00,0.00,0.00,0.00,0.00,0.00,0.00,0.00
751.371483,-61.007483,-226.653909,164.611221,-75.057701,-265.196589,128.322525,-37.727732,-227.556602,110.14743,0.00,0.00,0.00,0.00,0.00,0.00,0.00,0.00,0.00,0.00,0.00,0.00
751.49679,-59.697782,-226.969008,164.70105,-69.766107,-257.58587,126.071289,-37.216831,-227.18778,109.76387,0.00,0.00,0.00,0.00,0.00,0.00,0.00,0.00,0.00,0.00,0.00,0.00
751.622062,-56.021226,-227.295604,164.147125,-62.754602,-250.549044,120.731186,-36.44338,-226.299438,109.297516,0.00,0.00,0.00,0.00,0.00,0.00,0.00,0.00,0.00,0.00,0.00,0.00
751.747879,-50.649445,-226.367064,162.760849,-55.180125,-243.727226,114.915337,-35.821777,-224.893884,109.1334,0.00,0.00,0.00,0.00,0.00,0.00,0.00,0.00,0.00,0.00,0.00,0.00
751.873613,-46.682132,-225.207281,161.682434,-49.049386,-237.350561,110.751617,-34.678816,-222.587984,108.650887,0.00,0.00,0.00,0.00,0.00,0.00,0.00,0.00,0.00,0.00,0.00,0.00
751.985394,-43.407814,-224.618367,161.653473,-45.059641,-234.244212,110.21434,-32.830213,-220.024788,107.565712,0.00,0.00,0.00,0.00,0.00,0.00,0.00,0.00,0.00,0.00,0.00,0.00
752.110912,-38.840189,-223.806459,161.517548,-39.772098,-234.095936,110.001305,-29.594393,-218.097231,106.882263,0.00,0.00,0.00,0.00,0.00,0.00,0.00,0.00,0.00,0.00,0.00,0.00
752.23597,-33.066395,-223.255324,160.982513,-32.453359,-235.731698,110.185371,-24.962067,-217.484572,105.821884,0.00,0.00,0.00,0.00,0.00,0.00,0.00,0.00,0.00,0.00,0.00,0.00
752.36138,-25.780321,-222.829544,159.377075,-23.766196,-236.590109,111.236145,-18.33573,-217.837773,104.678253,0.00,0.00,0.00,0.00,0.00,0.00,0.00,0.00,0.00,0.00,0.00,0.00
752.486503,-16.875714,-221.40545,157.514114,-14.620739,-236.553526,112.459076,-9.538469,-218.634546,103.917015,0.00,0.00,0.00,0.00,0.00,0.00,0.00,0.00,0.00,0.00,0.00,0.00
752.611268,-6.963,-219.173035,157.032639,-5.627875,-236.849785,113.885353,-0.041364,-219.163149,103.600502,0.00,0.00,0.00,0.00,0.00,0.00,0.00,0.00,0.00,0.00,0.00,0.00
752.736174,3.043288,-218.621374,157.016586,3.770457,-237.991373,114.358429,9.605156,-218.947735,104.192284,0.00,0.00,0.00,0.00,0.00,0.00,0.00,0.00,0.00,0.00,0.00,0.00
752.862162,14.080182,-219.525429,155.672333,14.524717,-240.340718,112.052406,19.412447,-219.270513,102.957726,0.00,0.00,0.00,0.00,0.00,0.00,0.00,0.00,0.00,0.00,0.00,0.00
752.987479,25.580226,-221.95423,154.127853,27.61961,-242.989721,108.634651,29.435941,-220.368492,100.303947,0.00,0.00,0.00,0.00,0.00,0.00,0.00,0.00,0.00,0.00,0.00,0.00
753.112772,37.906368,-225.327461,155.646378,42.937515,-244.119827,109.636261,40.654982,-222.506217,99.246315,0.00,0.00,0.00,0.00,0.00,0.00,0.00,0.00,0.00,0.00,0.00,0.00
753.23771,49.349498,-226.65049,157.996948,57.636965,-243.964596,111.163696,52.401255,-223.711969,102.808235,0.00,0.00,0.00,0.00,0.00,0.00,0.00,0.00,0.00,0.00,0.00,0.00
753.362684,60.016617,-224.679527,159.870697,69.500228,-241.04268,113.767662,63.032931,-220.873679,104.46875,0.00,0.00,0.00,0.00,0.00,0.00,0.00,0.00,0.00,0.00,0.00,0.00
753.487681,71.275864,-219.936253,158.732422,80.113999,-235.780255,113.228928,74.083733,-215.37617,100.67086,0.00,0.00,0.00,0.00,0.00,0.00,0.00,0.00,0.00,0.00,0.00,0.00
753.613428,82.656961,-212.240224,157.250931,92.255466,-229.624299,112.329796,87.061531,-209.50962,96.283333,0.00,0.00,0.00,0.00,0.00,0.00,0.00,0.00,0.00,0.00,0.00,0.00
753.738663,93.295048,-204.74082,158.017059,104.922593,-222.446327,111.94371,100.500334,-202.614847,96.945625,0.00,0.00,0.00,0.00,0.00,0.00,0.00,0.00,0.00,0.00,0.00,0.00
753.864409,102.451312,-200.7615,160.648346,116.008527,-215.986943,116.401878,111.132493,-195.823085,101.826271,0.00,0.00,0.00,0.00,0.00,0.00,0.00,0.00,0.00,0.00,0.00,0.00
753.989697,111.264862,-198.635655,162.746765,126.209652,-209.784341,118.972038,118.242673,-190.095872,106.332733,0.00,0.00,0.00,0.00,0.00,0.00,0.00,0.00,0.00,0.00,0.00,0.00
754.115045,120.591331,-196.840651,162.373505,136.429948,-202.273054,118.481911,123.186974,-185.943945,106.930374,0.00,0.00,0.00,0.00,0.00,0.00,0.00,0.00,0.00,0.00,0.00,0.00
754.240061,130.688285,-194.754208,160.719482,147.83308,-193.114682,117.612862,127.065168,-182.007182,104.905914,0.00,0.00,0.00,0.00,0.00,0.00,0.00,0.00,0.00,0.00,0.00,0.00
754.365154,141.571932,-191.326861,160.43541,160.768471,-182.227001,118.710205,131.535625,-177.36989,105.142723,0.00,0.00,0.00,0.00,0.00,0.00,0.00,0.00,0.00,0.00,0.00,0.00
754.48991,150.580211,-186.964336,161.138245,173.081422,-170.786449,123.19136,135.954675,-173.867012,108.46199,0.00,0.00,0.00,0.00,0.00,0.00,0.00,0.00,0.00,0.00,0.00,0.00
754.615103,156.64764,-182.943273,161.56604,181.944713,-161.731457,128.032074,138.807554,-171.135152,110.495842,0.00,0.00,0.00,0.00,0.00,0.00,0.00,0.00,0.00,0.00,0.00,0.00
754.740209,161.048461,-179.899176,160.792786,187.987166,-156.354394,129.813461,141.221229,-168.841118,110.084137,0.00,0.00,0.00,0.00,0.00,0.00,0.00,0.00,0.00,0.00,0.00,0.00
754.865773,163.88447,-178.252841,160.38382,192.088679,-153.903725,129.300278,143.264555,-166.938499,110.086891,0.00,0.00,0.00,0.00,0.00,0.00,0.00,0.00,0.00,0.00,0.00,0.00
754.990749,165.027873,-176.762642,160.675583,194.327546,-153.232346,128.660065,145.139261,-164.167642,110.651947,0.00,0.00,0.00,0.00,0.00,0.00,0.00,0.00,0.00,0.00,0.00,0.00
755.116052,162.75648,-173.368848,162.044312,193.412883,-153.100996,127.680519,146.470946,-161.485214,111.570808,0.00,0.00,0.00,0.00,0.00,0.00,0.00,0.00,0.00,0.00,0.00,0.00
755.241626,157.907571,-170.699809,163.488632,192.71757,-152.799613,126.157402,146.560925,-159.826687,111.887718,0.00,0.00,0.00,0.00,0.00,0.00,0.00,0.00,0.00,0.00,0.00,0.00
755.367067,153.309519,-169.854196,164.224701,187.802457,-152.656506,125.084518,145.292387,-160.028572,111.124527,0.00,0.00,0.00,0.00,0.00,0.00,0.00,0.00,0.00,0.00,0.00,0.00
755.492277,149.820192,-169.842065,164.39006,177.377146,-151.319034,118.992317,142.916276,-161.153814,110.487091,0.00,0.00,0.00,0.00,0.00,0.00,0.00,0.00,0.00,0.00,0.00,0.00
755.617536,147.21078,-169.776495,164.606781,163.509547,-152.44065,107.516655,138.751405,-162.884321,109.946533,0.00,0.00,0.00,0.00,0.00,0.00,0.00,0.00,0.00,0.00,0.00,0.00
755.742944,144.686675,-167.625565,164.476196,152.745121,-156.653804,103.500854,133.680153,-163.981818,109.308014,0.00,0.00,0.00,0.00,0.00,0.00,0.00,0.00,0.00,0.00,0.00,0.00
755.868665,140.094384,-165.146212,164.152649,146.655199,-156.435249,104.688873,129.389479,-163.195431,108.107735,0.00,0.00,0.00,0.00,0.00,0.00,0.00,0.00,0.00,0.00,0.00,0.00
755.993668,132.331527,-166.060894,163.615067,142.301046,-151.394747,103.979195,124.56391,-160.846768,108.244835,0.00,0.00,0.00,0.00,0.00,0.00,0.00,0.00,0.00,0.00,0.00,0.00
756.119589,124.34365,-168.640944,162.966476,136.381757,-144.981371,103.888908,117.480892,-159.24552,108.554077,0.00,0.00,0.00,0.00,0.00,0.00,0.00,0.00,0.00,0.00,0.00,0.00
756.244809,118.654808,-169.865547,162.187027,127.257174,-141.155245,105.581451,110.50983,-160.971064,108.223495,0.00,0.00,0.00,0.00,0.00,0.00,0.00,0.00,0.00,0.00,0.00,0.00
756.370471,113.890381,-170.077139,162.551346,116.963616,-141.585786,107.016159,105.591127,-165.485064,107.489967,0.00,0.00,0.00,0.00,0.00,0.00,0.00,0.00,0.00,0.00,0.00,0.00
756.495465,109.029706,-169.994066,162.486481,107.018729,-146.143121,106.745003,103.492432,-170.396787,107.074608,0.00,0.00,0.00,0.00,0.00,0.00,0.00,0.00,0.00,0.00,0.00,0.00
756.634872,105.342834,-170.327104,158.516174,97.625172,-154.504328,102.780678,103.305055,-176.342384,107.151123,0.00,0.00,0.00,0.00,0.00,0.00,0.00,0.00,0.00,0.00,0.00,0.00
756.745632,102.422307,-172.488986,156.688446,92.589074,-162.246478,102.808716,105.110343,-181.344661,105.935966,0.00,0.00,0.00,0.00,0.00,0.00,0.00,0.00,0.00,0.00,0.00,0.00
756.870619,99.82059,-177.309651,156.404083,87.956284,-170.243161,105.985428,106.593118,-185.798879,104.765533,0.00,0.00,0.00,0.00,0.00,0.00,0.00,0.00,0.00,0.00,0.00,0.00
756.995148,96.965196,-184.577719,155.513031,84.258065,-179.679926,105.406586,105.520311,-191.586866,103.418419,0.00,0.00,0.00,0.00,0.00,0.00,0.00,0.00,0.00,0.00,0.00,0.00
757.121412,93.104323,-193.956575,155.158096,82.103821,-191.052868,105.609489,103.703934,-199.547402,101.997353,0.00,0.00,0.00,0.00,0.00,0.00,0.00,0.00,0.00,0.00,0.00,0.00
757.247208,87.784844,-205.074498,155.797546,78.024383,-204.085136,104.05661,101.660443,-210.373673,102.095833,0.00,0.00,0.00,0.00,0.00,0.00,0.00,0.00,0.00,0.00,0.00,0.00
757.372422,83.32734,-213.544657,156.929871,71.23909,-216.517274,104.273964,100.047384,-222.333617,104.576515,0.00,0.00,0.00,0.00,0.00,0.00,0.00,0.00,0.00,0.00,0.00,0.00
757.498135,80.400442,-218.664505,159.412003,63.428883,-225.677551,109.817924,98.298315,-231.636024,107.807541,0.00,0.00,0.00,0.00,0.00,0.00,0.00,0.00,0.00,0.00,0.00,0.00
757.622662,78.050592,-222.700699,161.273666,53.250531,-233.779358,116.365723,96.323452,-237.318191,109.260368,0.00,0.00,0.00,0.00,0.00,0.00,0.00,0.00,0.00,0.00,0.00,0.00
757.748407,74.808545,-226.5304,161.750671,41.640973,-242.443082,121.777534,93.824194,-240.716888,108.910416,0.00,0.00,0.00,0.00,0.00,0.00,0.00,0.00,0.00,0.00,0.00,0.00
757.873372,69.423002,-230.294462,161.630325,28.58309,-250.414475,126.621437,90.107155,-243.824988,107.987549,0.00,0.00,0.00,0.00,0.00,0.00,0.00,0.00,0.00,0.00,0.00,0.00
757.985122,62.767783,-233.945827,161.429214,16.570481,-257.25247,129.711502,85.037054,-247.153668,106.929268,0.00,0.00,0.00,0.00,0.00,0.00,0.00,0.00,0.00,0.00,0.00,0.00
758.110269,54.839561,-237.942578,161.986328,5.7449,-264.329363,129.963547,77.727274,-249.986663,107.762764,0.00,0.00,0.00,0.00,0.00,0.00,0.00,0.00,0.00,0.00,0.00,0.00
758.235793,48.621479,-241.2591,162.178177,0.631697,-268.556135,130.09584,72.203246,-250.897449,108.97493,0.00,0.00,0.00,0.00,0.00,0.00,0.00,0.00,0.00,0.00,0.00,0.00
758.361469,44.264254,-243.444569,161.805756,-0.65481,-270.85466,130.029755,69.58691,-251.081009,108.929779,0.00,0.00,0.00,0.00,0.00,0.00,0.00,0.00,0.00,0.00,0.00,0.00
758.486357,41.919583,-244.583388,161.205963,-1.49131,-271.674298,129.861206,68.765326,-251.353326,108.65905,0.00,0.00,0.00,0.00,0.00,0.00,0.00,0.00,0.00,0.00,0.00,0.00
758.611583,41.708775,-245.46286,161.567291,0.37428,-270.308232,130.147263,68.565788,-251.87616,108.778381,0.00,0.00,0.00,0.00,0.00,0.00,0.00,0.00,0.00,0.00,0.00,0.00
758.737101,45.817382,-247.786318,162.873322,10.120026,-264.34616,129.145645,68.968037,-252.217135,108.9618,0.00,0.00,0.00,0.00,0.00,0.00,0.00,0.00,0.00,0.00,0.00,0.00
758.862333,54.760343,-248.16678,163.066742,29.627137,-259.250486,122.762772,71.253054,-251.485502,109.061195,0.00,0.00,0.00,0.00,0.00,0.00,0.00,0.00,0.00,0.00,0.00,0.00
758.988264,62.007044,-243.565544,161.098343,48.095064,-255.522155,116.058258,74.405804,-248.304408,109.676132,0.00,0.00,0.00,0.00,0.00,0.00,0.00,0.00,0.00,0.00,0.00,0.00
759.113571,67.990809,-237.243539,160.75499,59.391889,-251.791486,115.23597,79.565445,-243.00103,109.613754,0.00,0.00,0.00,0.00,0.00,0.00,0.00,0.00,0.00,0.00,0.00,0.00
759.23876,73.943518,-231.255758,160.191925,67.039128,-249.519037,115.344742,86.080456,-236.298961,108.172318,0.00,0.00,0.00,0.00,0.00,0.00,0.00,0.00,0.00,0.00,0.00,0.00
759.364101,81.058245,-225.637348,159.402374,76.716851,-249.196777,115.414139,92.444205,-228.875001,106.016861,0.00,0.00,0.00,0.00,0.00,0.00,0.00,0.00,0.00,0.00,0.00,0.00
759.488945,88.650255,-220.120848,158.531555,89.476756,-246.670946,115.754738,97.994258,-221.824958,103.566803,0.00,0.00,0.00,0.00,0.00,0.00,0.00,0.00,0.00,0.00,0.00,0.00
759.614163,94.730496,-214.599131,156.848999,101.235333,-240.422166,117.216965,102.637039,-215.831437,103.390228,0.00,0.00,0.00,0.00,0.00,0.00,0.00,0.00,0.00,0.00,0.00,0.00
759.738841,99.332357,-209.524608,156.489624,109.512242,-233.636386,117.258743,106.915707,-210.131418,103.516281,0.00,0.00,0.00,0.00,0.00,0.00,0.00,0.00,0.00,0.00,0.00,0.00
759.865247,104.259165,-205.26257,157.184769,115.45448,-227.346262,116.562119,109.767725,-205.480635,104.070404,0.00,0.00,0.00,0.00,0.00,0.00,0.00,0.00,0.00,0.00,0.00,0.00
759.989066,109.741358,-201.519099,157.58078,121.627101,-220.262276,113.674545,111.902286,-201.796963,102.66124,0.00,0.00,0.00,0.00,0.00,0.00,0.00,0.00,0.00,0.00,0.00,0.00
760.114713,115.370964,-199.344747,157.884079,127.33536,-211.625863,110.326454,114.249599,-197.935474,101.202797,0.00,0.00,0.00,0.00,0.00,0.00,0.00,0.00,0.00,0.00,0.00,0.00
760.240674,121.096896,-195.538783,158.872849,131.79519,-201.452654,109.563591,115.635209,-193.646153,102.486351,0.00,0.00,0.00,0.00,0.00,0.00,0.00,0.00,0.00,0.00,0.00,0.00
760.365988,124.616237,-189.317102,159.945511,134.360479,-190.202151,111.983963,114.590728,-188.636619,102.257515,0.00,0.00,0.00,0.00,0.00,0.00,0.00,0.00,0.00,0.00,0.00,0.00
760.490926,126.130357,-180.766593,159.272079,135.059808,-178.12271,111.17556,112.930293,-181.162155,99.60379,0.00,0.00,0.00,0.00,0.00,0.00,0.00,0.00,0.00,0.00,0.00,0.00
760.616065,125.696849,-169.32545,158.542374,134.132818,-166.086313,108.81485,111.977703,-169.869529,97.595375,0.00,0.00,0.00,0.00,0.00,0.00,0.00,0.00,0.00,0.00,0.00,0.00
760.741281,123.629777,-155.692333,158.827454,132.233328,-154.54199,106.980095,111.829804,-155.149286,97.610008,0.00,0.00,0.00,0.00,0.00,0.00,0.00,0.00,0.00,0.00,0.00,0.00
760.865708,122.132964,-143.596289,160.030502,130.9219,-143.223822,109.153404,111.80476,-139.835796,101.032349,0.00,0.00,0.00,0.00,0.00,0.00,0.00,0.00,0.00,0.00,0.00,0.00
760.992156,123.064203,-133.200633,161.68573,132.339452,-133.585561,112.193466,113.213737,-125.067579,104.669258,0.00,0.00,0.00,0.00,0.00,0.00,0.00,0.00,0.00,0.00,0.00,0.00
761.117503,125.267071,-123.106204,161.66272,135.069501,-123.942749,111.106178,116.057214,-111.46843,106.046593,0.00,0.00,0.00,0.00,0.00,0.00,0.00,0.00,0.00,0.00,0.00,0.00
761.243022,128.684863,-113.440028,159.936478,137.62205,-113.063001,108.381119,119.831456,-98.747329,105.821823,0.00,0.00,0.00,0.00,0.00,0.00,0.00,0.00,0.00,0.00,0.00,0.00
761.368639,133.304947,-102.665075,160.079346,140.182966,-100.046268,106.981827,124.707404,-85.938293,105.25248,0.00,0.00,0.00,0.00,0.00,0.00,0.00,0.00,0.00,0.00,0.00,0.00
761.493682,136.604771,-92.701426,161.092209,142.473527,-87.343727,109.733788,131.562834,-72.35939,107.58889,0.00,0.00,0.00,0.00,0.00,0.00,0.00,0.00,0.00,0.00,0.00,0.00
761.619033,138.131085,-83.993497,162.752274,144.475994,-78.371564,113.801765,141.589615,-57.612448,110.725693,0.00,0.00,0.00,0.00,0.00,0.00,0.00,0.00,0.00,0.00,0.00,0.00
761.743927,139.415141,-75.51605,162.872269,146.749021,-72.685706,114.650742,153.394543,-44.197536,113.991966,0.00,0.00,0.00,0.00,0.00,0.00,0.00,0.00,0.00,0.00,0.00,0.00
761.869047,139.933355,-67.064373,161.706131,149.894187,-69.61212,113.031364,163.242331,-32.813083,118.192886,0.00,0.00,0.00,0.00,0.00,0.00,0.00,0.00,0.00,0.00,0.00,0.00
761.994023,139.650644,-57.895326,161.928726,151.791383,-67.741279,111.127022,171.324317,-23.654982,122.346687,0.00,0.00,0.00,0.00,0.00,0.00,0.00,0.00,0.00,0.00,0.00,0.00
762.119594,140.508928,-48.765385,162.578918,150.829057,-64.418998,113.037613,178.967298,-16.626138,125.075294,0.00,0.00,0.00,0.00,0.00,0.00,0.00,0.00,0.00,0.00,0.00,0.00
762.24455,142.207485,-41.854134,162.923248,148.857536,-61.880729,114.549217,184.75576,-12.284513,126.363373,0.00,0.00,0.00,0.00,0.00,0.00,0.00,0.00,0.00,0.00,0.00,0.00
762.370193,143.753494,-37.578349,162.93132,148.007299,-61.090348,115.730759,188.217742,-9.919745,126.137802,0.00,0.00,0.00,0.00,0.00,0.00,0.00,0.00,0.00,0.00,0.00,0.00
762.49546,144.640058,-35.556778,163.327103,148.481973,-60.672032,116.328346,190.681854,-8.92489,126.520706,0.00,0.00,0.00,0.00,0.00,0.00,0.00,0.00,0.00,0.00,0.00,0.00
762.621003,145.319779,-34.684124,163.708557,149.522157,-59.947101,116.745125,192.093967,-8.893509,126.916031,0.00,0.00,0.00,0.00,0.00,0.00,0.00,0.00,0.00,0.00,0.00,0.00
762.746166,145.955126,-34.3354,163.654633,150.028901,-59.610002,117.008522,192.451266,-9.039106,126.834763,0.00,0.00,0.00,0.00,0.00,0.00,0.00,0.00,0.00,0.00,0.00,0.00
762.871649,146.214536,-34.140324,163.605545,150.231915,-58.891691,116.750404,191.637296,-9.444478,126.089714,0.00,0.00,0.00,0.00,0.00,0.00,0.00,0.00,0.00,0.00,0.00,0.00
762.996854,145.482308,-34.203461,163.371277,151.269597,-56.208233,116.623985,186.527884,-11.999584,121.674637,0.00,0.00,0.00,0.00,0.00,0.00,0.00,0.00,0.00,0.00,0.00,0.00
763.121976,144.127882,-34.62308,163.309341,153.438829,-52.174421,116.23571,175.533279,-17.55269,111.732864,0.00,0.00,0.00,0.00,0.00,0.00,0.00,0.00,0.00,0.00,0.00,0.00
763.247096,140.555733,-34.997542,162.99086,154.674594,-47.808555,115.239502,159.256816,-25.16149,98.970833,0.00,0.00,0.00,0.00,0.00,0.00,0.00,0.00,0.00,0.00,0.00,0.00
763.371952,134.958002,-37.406787,162.627411,154.415652,-43.996823,113.495399,140.399233,-30.40007,91.558739,0.00,0.00,0.00,0.00,0.00,0.00,0.00,0.00,0.00,0.00,0.00,0.00
763.49767,130.213211,-41.307919,162.818939,151.896077,-39.648012,110.351822,121.270799,-36.071046,89.154282,0.00,0.00,0.00,0.00,0.00,0.00,0.00,0.00,0.00,0.00,0.00,0.00
763.62302,126.239604,-44.351616,162.711121,145.352715,-34.511172,107.02742,108.680321,-45.059101,90.813629,0.00,0.00,0.00,0.00,0.00,0.00,0.00,0.00,0.00,0.00,0.00,0.00
763.748442,121.612521,-46.89124,162.736908,134.983057,-31.695706,109.278,104.037301,-50.956783,92.501068,0.00,0.00,0.00,0.00,0.00,0.00,0.00,0.00,0.00,0.00,0.00,0.00
763.85988,116.876745,-47.225939,162.304001,124.782023,-31.223809,112.349144,102.876083,-52.431544,92.456741,0.00,0.00,0.00,0.00,0.00,0.00,0.00,0.00,0.00,0.00,0.00,0.00
763.984915,109.713555,-45.925915,160.35257,113.638971,-31.04673,114.628258,99.527313,-51.025604,91.208908,0.00,0.00,0.00,0.00,0.00,0.00,0.00,0.00,0.00,0.00,0.00,0.00
764.110232,99.645354,-43.794178,157.800812,103.879865,-30.284781,113.165573,93.00381,-48.090735,89.846138,0.00,0.00,0.00,0.00,0.00,0.00,0.00,0.00,0.00,0.00,0.00,0.00
764.2357,88.44613,-42.593489,156.630295,94.882462,-28.753234,110.1035,84.742726,-44.860231,89.446495,0.00,0.00,0.00,0.00,0.00,0.00,0.00,0.00,0.00,0.00,0.00,0.00
764.360466,79.504622,-41.990818,156.388626,85.896896,-27.520784,109.648743,76.171411,-42.345722,91.458908,0.00,0.00,0.00,0.00,0.00,0.00,0.00,0.00,0.00,0.00,0.00,0.00
764.485855,70.652922,-41.011678,157.347565,75.647431,-26.023028,110.633255,68.286749,-40.273092,93.43988,0.00,0.00,0.00,0.00,0.00,0.00,0.00,0.00,0.00,0.00,0.00,0.00
764.611384,60.7097,-39.586794,157.527069,64.162161,-24.301582,110.052429,60.732475,-38.622191,93.878174,0.00,0.00,0.00,0.00,0.00,0.00,0.00,0.00,0.00,0.00,0.00,0.00
764.737053,50.855735,-37.423993,155.904907,50.105486,-22.967844,107.594978,51.177511,-38.91094,92.215332,0.00,0.00,0.00,0.00,0.00,0.00,0.00,0.00,0.00,0.00,0.00,0.00
764.862517,40.268154,-35.778533,156.320602,35.101538,-23.301748,107.099579,40.386649,-40.936401,92.203293,0.00,0.00,0.00,0.00,0.00,0.00,0.00,0.00,0.00,0.00,0.00,0.00
764.98794,30.030873,-37.561927,157.801407,21.489667,-26.343196,110.312126,31.714111,-44.880772,94.957436,0.00,0.00,0.00,0.00,0.00,0.00,0.00,0.00,0.00,0.00,0.00,0.00
765.112729,20.244212,-41.156866,158.028885,9.758185,-31.103764,112.554535,24.362236,-50.358861,94.845421,0.00,0.00,0.00,0.00,0.00,0.00,0.00,0.00,0.00,0.00,0.00,0.00
765.237677,10.422641,-46.847364,156.316833,-0.959631,-37.724285,111.059525,16.319208,-57.792957,92.321114,0.00,0.00,0.00,0.00,0.00,0.00,0.00,0.00,0.00,0.00,0.00,0.00
765.363167,0.247686,-54.593435,156.890869,-10.237337,-45.705036,109.333931,7.055752,-66.583136,91.020523,0.00,0.00,0.00,0.00,0.00,0.00,0.00,0.00,0.00,0.00,0.00,0.00
765.488939,-9.240865,-61.313108,159.484726,-19.773056,-53.157506,110.942284,-2.631015,-75.699159,93.216629,0.00,0.00,0.00,0.00,0.00,0.00,0.00,0.00,0.00,0.00,0.00,0.00
765.614348,-17.37561,-65.380639,161.401505,-31.550517,-58.918571,115.715317,-11.744531,-83.775656,95.497093,0.00,0.00,0.00,0.00,0.00,0.00,0.00,0.00,0.00,0.00,0.00,0.00
765.739405,-25.457477,-67.511543,162.454529,-44.847123,-63.073757,118.587982,-20.473292,-88.930455,97.759514,0.00,0.00,0.00,0.00,0.00,0.00,0.00,0.00,0.00,0.00,0.00,0.00
765.86516,-34.591892,-69.242487,161.770584,-59.961392,-65.776506,119.597534,-28.582071,-92.196432,98.12986,0.00,0.00,0.00,0.00,0.00,0.00,0.00,0.00,0.00,0.00,0.00,0.00
765.989937,-45.865525,-70.959104,161.005112,-79.567661,-68.779711,121.700462,-36.510072,-94.089553,97.493958,0.00,0.00,0.00,0.00,0.00,0.00,0.00,0.00,0.00,0.00,0.00,0.00
766.115086,-58.967592,-72.489992,160.740891,-103.497828,-71.301957,121.674667,-44.39161,-95.600255,95.52774,0.00,0.00,0.00,0.00,0.00,0.00,0.00,0.00,0.00,0.00,0.00,0.00
766.240177,-69.719505,-75.078083,161.318619,-120.628678,-72.790397,124.716148,-50.043282,-97.051766,96.39119,0.00,0.00,0.00,0.00,0.00,0.00,0.00,0.00,0.00,0.00,0.00,0.00
766.366051,-78.108898,-78.063434,161.650818,-131.568544,-74.240174,128.419571,-52.358515,-98.543543,96.853706,0.00,0.00,0.00,0.00,0.00,0.00,0.00,0.00,0.00,0.00,0.00,0.00
766.490412,-84.237303,-80.266297,160.633759,-138.588007,-75.562787,130.963989,-51.674918,-100.264297,95.206436,0.00,0.00,0.00,0.00,0.00,0.00,0.00,0.00,0.00,0.00,0.00,0.00
766.615751,-88.003135,-81.7492,159.677597,-142.569353,-76.897965,132.828964,-50.350141,-101.913912,94.966293,0.00,0.00,0.00,0.00,0.00,0.00,0.00,0.00,0.00,0.00,0.00,0.00
766.740706,-90.038674,-82.999263,159.254272,-145.294372,-77.850116,133.131424,-50.019002,-103.114337,95.219963,0.00,0.00,0.00,0.00,0.00,0.00,0.00,0.00,0.00,0.00,0.00,0.00
766.866935,-90.756838,-84.302819,158.904572,-145.349302,-78.966674,132.761154,-50.640615,-103.965479,95.487534,0.00,0.00,0.00,0.00,0.00,0.00,0.00,0.00,0.00,0.00,0.00,0.00
766.992203,-89.109403,-86.725308,159.669586,-139.473508,-80.98653,130.092865,-51.504767,-104.276108,95.235306,0.00,0.00,0.00,0.00,0.00,0.00,0.00,0.00,0.00,0.00,0.00,0.00
767.117573,-84.70001,-91.929129,161.497192,-127.748569,-84.327385,122.734879,-51.710233,-104.534785,94.556496,0.00,0.00,0.00,0.00,0.00,0.00,0.00,0.00,0.00,0.00,0.00,0.00
767.24339,-77.453051,-96.904589,162.760971,-110.176648,-88.655902,109.983047,-50.909599,-104.78572,94.135269,0.00,0.00,0.00,0.00,0.00,0.00,0.00,0.00,0.00,0.00,0.00,0.00
767.369062,-70.683007,-100.306238,163.784058,-88.991145,-93.51133,99.575729,-48.163994,-105.250938,94.080757,0.00,0.00,0.00,0.00,0.00,0.00,0.00,0.00,0.00,0.00,0.00,0.00
767.49409,-65.118482,-104.128423,164.407654,-72.588126,-99.730107,98.724594,-43.98469,-107.968575,93.387383,0.00,0.00,0.00,0.00,0.00,0.00,0.00,0.00,0.00,0.00,0.00,0.00
767.619608,-58.910167,-109.693046,163.811188,-62.701627,-107.128804,102.108833,-39.476241,-113.214979,92.043457,0.00,0.00,0.00,0.00,0.00,0.00,0.00,0.00,0.00,0.00,0.00,0.00
767.744771,-50.734652,-116.979526,163.191696,-58.10286,-115.554949,102.564278,-34.733657,-119.810974,91.281685,0.00,0.00,0.00,0.00,0.00,0.00,0.00,0.00,0.00,0.00,0.00,0.00
767.870362,-42.850601,-123.970032,162.842316,-55.796513,-125.973616,104.006447,-29.973494,-127.008459,92.483879,0.00,0.00,0.00,0.00,0.00,0.00,0.00,0.00,0.00,0.00,0.00,0.00
767.995726,-37.521147,-130.321707,163.135117,-53.555674,-133.970341,107.474228,-26.359642,-134.137582,94.059219,0.00,0.00,0.00,0.00,0.00,0.00,0.00,0.00,0.00,0.00,0.00,0.00
768.121148,-34.991542,-137.156277,163.806824,-51.193416,-138.921941,109.243347,-25.574416,-141.687201,95.301506,0.00,0.00,0.00,0.00,0.00,0.00,0.00,0.00,0.00,0.00,0.00,0.00
768.246451,-35.190073,-145.14877,162.749573,-49.782051,-144.569323,107.314468,-27.300592,-151.156578,94.353073,0.00,0.00,0.00,0.00,0.00,0.00,0.00,0.00,0.00,0.00,0.00,0.00
768.371516,-36.867061,-154.623326,160.702545,-50.456662,-155.038221,104.700104,-28.896831,-161.957985,93.144753,0.00,0.00,0.00,0.00,0.00,0.00,0.00,0.00,0.00,0.00,0.00,0.00
768.497048,-39.54721,-165.128646,161.410736,-52.910854,-170.204248,104.680458,-28.995218,-172.662499,93.472824,0.00,0.00,0.00,0.00,0.00,0.00,0.00,0.00,0.00,0.00,0.00,0.00
768.622064,-41.57802,-175.660544,162.648819,-56.272587,-189.468549,108.626602,-27.925156,-183.662916,96.168739,0.00,0.00,0.00,0.00,0.00,0.00,0.00,0.00,0.00,0.00,0.00,0.00
768.747401,-42.252117,-185.061543,163.808014,-59.539509,-208.511965,117.128731,-25.837998,-193.802665,99.472443,0.00,0.00,0.00,0.00,0.00,0.00,0.00,0.00,0.00,0.00,0.00,0.00
768.87203,-42.325983,-194.107112,163.765427,-61.953882,-223.732898,127.412094,-24.027704,-202.325321,100.026169,0.00,0.00,0.00,0.00,0.00,0.00,0.00,0.00,0.00,0.00,0.00,0.00
768.997446,-40.811343,-201.419905,162.133392,-65.037194,-237.327401,132.425537,-23.555572,-211.129525,98.487686,0.00,0.00,0.00,0.00,0.00,0.00,0.00,0.00,0.00,0.00,0.00,0.00
769.122903,-38.466549,-208.810241,161.707123,-68.470127,-248.774794,133.258514,-23.092673,-219.917821,99.072418,0.00,0.00,0.00,0.00,0.00,0.00,0.00,0.00,0.00,0.00,0.00,0.00
769.247615,-36.939184,-215.537045,162.06543,-70.202669,-256.679952,132.345596,-22.453935,-226.275376,100.087166,0.00,0.00,0.00,0.00,0.00,0.00,0.00,0.00,0.00,0.00,0.00,0.00
769.372553,-36.514884,-221.130545,162.591553,-71.650434,-261.382888,132.306259,-21.556,-230.057045,100.86454,0.00,0.00,0.00,0.00,0.00,0.00,0.00,0.00,0.00,0.00,0.00,0.00
769.497774,-36.501122,-224.809225,162.229385,-73.069553,-264.827684,132.048203,-21.158015,-232.142268,100.589478,0.00,0.00,0.00,0.00,0.00,0.00,0.00,0.00,0.00,0.00,0.00,0.00
769.623033,-37.015987,-226.859451,162.274597,-73.402983,-266.902792,131.565994,-21.057358,-233.245795,100.329605,0.00,0.00,0.00,0.00,0.00,0.00,0.00,0.00,0.00,0.00,0.00,0.00
769.748638,-38.255537,-227.921892,162.249298,-73.089285,-266.14207,131.380783,-21.610193,-233.610871,100.337769,0.00,0.00,0.00,0.00,0.00,0.00,0.00,0.00,0.00,0.00,0.00,0.00
769.860262,-36.934211,-229.349501,162.143463,-70.294076,-260.41785,129.316757,-22.310854,-234.159079,100.065758,0.00,0.00,0.00,0.00,0.00,0.00,0.00,0.00,0.00,0.00,0.00,0.00
769.986475,-31.814568,-229.596986,162.147339,-63.75217,-251.568374,123.174477,-22.643865,-234.769331,100.879608,0.00,0.00,0.00,0.00,0.00,0.00,0.00,0.00,0.00,0.00,0.00,0.00
770.112251,-28.510889,-226.843081,161.99614,-55.751628,-244.665236,111.086082,-21.800646,-234.230663,101.212265,0.00,0.00,0.00,0.00,0.00,0.00,0.00,0.00,0.00,0.00,0.00,0.00
770.23719,-27.455465,-225.052388,162.112885,-47.975407,-239.957958,101.361191,-19.765192,-232.016509,101.054192,0.00,0.00,0.00,0.00,0.00,0.00,0.00,0.00,0.00,0.00,0.00,0.00
770.362679,-25.641826,-224.152152,162.282425,-38.980581,-239.113453,101.27047,-16.837146,-228.673948,100.351128,0.00,0.00,0.00,0.00,0.00,0.00,0.00,0.00,0.00,0.00,0.00,0.00
770.48803,-22.101736,-223.237799,162.163437,-30.464717,-239.705238,103.079536,-12.548833,-226.059195,99.415665,0.00,0.00,0.00,0.00,0.00,0.00,0.00,0.00,0.00,0.00,0.00,0.00
770.612859,-16.377548,-222.818918,161.027618,-20.337918,-241.075601,105.35215,-6.755694,-224.447719,98.219254,0.00,0.00,0.00,0.00,0.00,0.00,0.00,0.00,0.00,0.00,0.00,0.00
770.738328,-8.072182,-222.792053,158.258896,-8.929554,-241.318155,107.331718,0.703187,-223.345396,96.558533,0.00,0.00,0.00,0.00,0.00,0.00,0.00,0.00,0.00,0.00,0.00,0.00
770.863661,2.816359,-222.362894,156.531555,1.928447,-241.325701,106.782486,9.668011,-222.670074,94.736572,0.00,0.00,0.00,0.00,0.00,0.00,0.00,0.00,0.00,0.00,0.00,0.00
770.988394,13.811529,-221.521894,156.424454,12.595329,-242.293535,105.1707,19.450823,-222.281257,94.692154,0.00,0.00,0.00,0.00,0.00,0.00,0.00,0.00,0.00,0.00,0.00,0.00
771.113786,22.667254,-220.945918,156.968231,23.708432,-243.331485,105.880722,29.532152,-220.737436,95.991806,0.00,0.00,0.00,0.00,0.00,0.00,0.00,0.00,0.00,0.00,0.00,0.00
771.2389,31.005206,-220.791922,158.781174,34.254014,-243.621508,107.70488,38.192369,-219.126438,98.108841,0.00,0.00,0.00,0.00,0.00,0.00,0.00,0.00,0.00,0.00,0.00,0.00
771.364593,40.598275,-220.960854,158.735626,45.244556,-243.558373,104.498604,46.006593,-218.350639,97.538689,0.00,0.00,0.00,0.00,0.00,0.00,0.00,0.00,0.00,0.00,0.00,0.00
771.490045,52.259365,-221.346902,157.03595,57.48248,-242.893106,101.081741,55.002509,-217.098745,95.386932,0.00,0.00,0.00,0.00,0.00,0.00,0.00,0.00,0.00,0.00,0.00,0.00
771.615475,66.049033,-221.827182,156.146545,72.672157,-241.45255,97.809563,67.899995,-214.534653,93.021828,0.00,0.00,0.00,0.00,0.00,0.00,0.00,0.00,0.00,0.00,0.00,0.00
771.740805,80.324294,-221.324951,156.883072,89.431822,-238.509322,97.912857,84.858833,-210.463953,93.194649,0.00,0.00,0.00,0.00,0.00,0.00,0.00,0.00,0.00,0.00,0.00,0.00
771.866121,90.176466,-218.777022,159.097153,103.67969,-234.249537,102.208618,96.462788,-207.061383,100.050911,0.00,0.00,0.00,0.00,0.00,0.00,0.00,0.00,0.00,0.00,0.00,0.00
771.991362,97.546546,-216.081151,161.314529,114.10076,-229.604281,104.850067,106.923873,-202.066671,104.186272,0.00,0.00,0.00,0.00,0.00,0.00,0.00,0.00,0.00,0.00,0.00,0.00
772.116462,104.777566,-213.131297,161.214737,119.964559,-225.135502,105.260681,120.47269,-193.346509,108.242188,0.00,0.00,0.00,0.00,0.00,0.00,0.00,0.00,0.00,0.00,0.00,0.00
772.241626,112.827465,-208.445352,160.041367,124.702138,-221.606517,102.547142,135.749175,-182.455425,112.842369,0.00,0.00,0.00,0.00,0.00,0.00,0.00,0.00,0.00,0.00,0.00,0.00
772.3667,121.870748,-201.094083,159.895752,131.131582,-218.896776,100.218941,152.162405,-171.509785,117.732262,0.00,0.00,0.00,0.00,0.00,0.00,0.00,0.00,0.00,0.00,0.00,0.00
772.49214,130.891647,-193.06677,161.478027,138.304116,-214.373352,102.416786,167.109924,-163.017592,122.033401,0.00,0.00,0.00,0.00,0.00,0.00,0.00,0.00,0.00,0.00,0.00,0.00
772.617151,138.203113,-187.532688,162.566498,143.208518,-210.372869,107.38549,179.34955,-157.560533,125.683296,0.00,0.00,0.00,0.00,0.00,0.00,0.00,0.00,0.00,0.00,0.00,0.00
772.742582,142.862909,-184.15944,163.255844,145.397346,-208.608318,109.213234,186.646297,-155.072084,128.589447,0.00,0.00,0.00,0.00,0.00,0.00,0.00,0.00,0.00,0.00,0.00,0.00
772.868122,145.270314,-182.194635,163.452881,146.665537,-208.142381,109.11496,190.463387,-153.400521,129.67305,0.00,0.00,0.00,0.00,0.00,0.00,0.00,0.00,0.00,0.00,0.00,0.00
772.993098,146.883901,-181.428103,163.505417,147.704218,-208.547069,108.934402,192.909898,-152.215595,129.525772,0.00,0.00,0.00,0.00,0.00,0.00,0.00,0.00,0.00,0.00,0.00,0.00
773.118895,148.01436,-181.076075,163.649673,147.988219,-208.977537,109.252205,194.081122,-151.921122,129.22644,0.00,0.00,0.00,0.00,0.00,0.00,0.00,0.00,0.00,0.00,0.00,0.00
773.243958,148.963232,-180.927499,163.489624,147.108392,-209.142505,108.832291,194.877434,-151.510252,128.833221,0.00,0.00,0.00,0.00,0.00,0.00,0.00,0.00,0.00,0.00,0.00,0.00
773.369256,149.899986,-183.116633,163.900208,145.236645,-209.521408,108.748856,192.914439,-152.866909,127.058777,0.00,0.00,0.00,0.00,0.00,0.00,0.00,0.00,0.00,0.00,0.00,0.00
773.494903,148.696983,-190.995622,164.967255,141.843397,-210.77143,108.510468,185.500432,-159.0806,115.879715,0.00,0.00,0.00,0.00,0.00,0.00,0.00,0.00,0.00,0.00,0.00,0.00
773.621006,141.739703,-199.668263,165.371567,136.53967,-212.635159,109.218285,174.460422,-171.464727,95.857376,0.00,0.00,0.00,0.00,0.00,0.00,0.00,0.00,0.00,0.00,0.00,0.00
773.746572,130.806246,-204.427912,165.151291,129.685062,-215.405546,108.848785,160.020989,-185.586909,82.90625,0.00,0.00,0.00,0.00,0.00,0.00,0.00,0.00,0.00,0.00,0.00,0.00
773.871557,119.303588,-206.609569,164.768555,120.092697,-218.304456,108.730461,148.172689,-197.937328,79.758553,0.00,0.00,0.00,0.00,0.00,0.00,0.00,0.00,0.00,0.00,0.00,0.00
773.996979,108.542237,-208.342174,163.552063,108.293469,-219.647607,108.790298,139.460222,-206.801553,80.347527,0.00,0.00,0.00,0.00,0.00,0.00,0.00,0.00,0.00,0.00,0.00,0.00
774.121747,99.696668,-210.4305,161.798004,96.747974,-220.626652,106.46315,133.487411,-215.186824,80.900658,0.00,0.00,0.00,0.00,0.00,0.00,0.00,0.00,0.00,0.00,0.00,0.00
774.247047,92.654712,-214.176781,160.466675,87.428212,-221.54453,104.712402,128.665276,-221.622032,81.782982,0.00,0.00,0.00,0.00,0.00,0.00,0.00,0.00,0.00,0.00,0.00,0.00
774.372273,87.08572,-219.326512,159.79306,80.496563,-224.536782,103.140953,124.806942,-225.925435,81.635727,0.00,0.00,0.00,0.00,0.00,0.00,0.00,0.00,0.00,0.00,0.00,0.00
774.497581,82.772098,-224.948339,159.233673,73.742915,-229.260797,103.855255,122.66148,-230.317948,79.110725,0.00,0.00,0.00,0.00,0.00,0.00,0.00,0.00,0.00,0.00,0.00,0.00
774.622293,79.325358,-230.215571,158.680908,65.729844,-234.092756,105.174744,119.518194,-238.205807,77.488449,0.00,0.00,0.00,0.00,0.00,0.00,0.00,0.00,0.00,0.00,0.00,0.00
774.74762,76.60925,-234.561518,159.678955,58.064909,-240.135246,110.149025,113.597286,-247.865821,78.905289,0.00,0.00,0.00,0.00,0.00,0.00,0.00,0.00,0.00,0.00,0.00,0.00
774.872658,73.675906,-236.776952,160.729568,49.558891,-246.661849,117.944481,111.152298,-254.573469,80.096039,0.00,0.00,0.00,0.00,0.00,0.00,0.00,0.00,0.00,0.00,0.00,0.00
774.997845,69.694109,-238.018612,160.849625,40.33679,-251.898684,123.99485,107.666192,-257.250438,80.671249,0.00,0.00,0.00,0.00,0.00,0.00,0.00,0.00,0.00,0.00,0.00,0.00
775.123015,64.013653,-239.058402,160.020996,29.71088,-256.437941,128.021378,103.646461,-258.458781,81.180969,0.00,0.00,0.00,0.00,0.00,0.00,0.00,0.00,0.00,0.00,0.00,0.00
775.248166,56.412899,-239.688635,159.030869,17.600661,-261.255896,129.791672,99.619002,-259.527265,79.741714,0.00,0.00,0.00,0.00,0.00,0.00,0.00,0.00,0.00,0.00,0.00,0.00
775.373303,47.200697,-240.217778,158.861191,5.676718,-266.524457,129.566757,93.505689,-258.509498,79.613907,0.00,0.00,0.00,0.00,0.00,0.00,0.00,0.00,0.00,0.00,0.00,0.00
775.484928,39.478379,-240.841091,159.79213,0.422011,-269.585905,129.609818,87.036233,-256.101439,81.563225,0.00,0.00,0.00,0.00,0.00,0.00,0.00,0.00,0.00,0.00,0.00,0.00
775.61045,33.278891,-241.539588,160.015396,-1.045033,-271.343631,129.43721,82.651727,-253.581263,82.801933,0.00,0.00,0.00,0.00,0.00,0.00,0.00,0.00,0.00,0.00,0.00,0.00
775.735775,29.165568,-241.581296,159.971542,-1.526922,-271.133545,128.969971,80.221557,-252.003423,84.075729,0.00,0.00,0.00,0.00,0.00,0.00,0.00,0.00,0.00,0.00,0.00,0.00
775.861379,26.206534,-240.052353,158.752319,1.151883,-267.95489,127.638229,78.201639,-253.053915,84.586227,0.00,0.00,0.00,0.00,0.00,0.00,0.00,0.00,0.00,0.00,0.00,0.00
775.985824,24.34562,-234.968702,155.478424,10.730258,-261.85167,123.326645,73.807947,-256.426535,84.483887,0.00,0.00,0.00,0.00,0.00,0.00,0.00,0.00,0.00,0.00,0.00,0.00
776.110513,25.728293,-228.865493,151.93956,21.671119,-256.469923,117.48259,67.495438,-261.577368,84.252609,0.00,0.00,0.00,0.00,0.00,0.00,0.00,0.00,0.00,0.00,0.00,0.00
776.23521,31.249734,-223.639256,150.225494,30.145049,-250.287797,113.315598,59.967566,-267.004232,83.859627,0.00,0.00,0.00,0.00,0.00,0.00,0.00,0.00,0.00,0.00,0.00,0.00
776.359993,39.949336,-221.2525,149.740372,35.137514,-242.197988,110.583076,52.602547,-270.429473,80.8349,0.00,0.00,0.00,0.00,0.00,0.00,0.00,0.00,0.00,0.00,0.00,0.00
776.485667,50.30578,-220.871094,150.787064,42.67039,-231.68967,109.245148,44.440619,-268.804128,79.276535,0.00,0.00,0.00,0.00,0.00,0.00,0.00,0.00,0.00,0.00,0.00,0.00
776.611865,60.714966,-219.841959,154.438705,55.908579,-223.849844,109.669922,39.47834,-261.429123,79.420616,0.00,0.00,0.00,0.00,0.00,0.00,0.00,0.00,0.00,0.00,0.00,0.00
776.738317,71.348735,-218.913755,158.254913,69.567294,-219.013993,110.348221,40.51366,-249.468541,81.698059,0.00,0.00,0.00,0.00,0.00,0.00,0.00,0.00,0.00,0.00,0.00,0.00
776.864163,80.400151,-217.390367,159.718506,81.217043,-215.574691,111.048782,44.113596,-233.190623,91.266312,0.00,0.00,0.00,0.00,0.00,0.00,0.00,0.00,0.00,0.00,0.00,0.00
776.989886,88.733876,-214.038683,160.436829,89.194424,-212.36572,110.61972,51.077584,-218.005805,98.204269,0.00,0.00,0.00,0.00,0.00,0.00,0.00,0.00,0.00,0.00,0.00,0.00
777.115418,97.669977,-209.016155,159.979111,96.499186,-208.680523,109.383789,61.443416,-203.565059,101.20816,0.00,0.00,0.00,0.00,0.00,0.00,0.00,0.00,0.00,0.00,0.00,0.00
777.240927,107.553434,-201.674151,159.152817,105.69581,-203.775132,107.415184,73.534228,-191.447879,99.419304,0.00,0.00,0.00,0.00,0.00,0.00,0.00,0.00,0.00,0.00,0.00,0.00
777.366126,114.770448,-194.591191,159.713638,115.902886,-196.274141,106.149742,87.663591,-183.014349,98.661781,0.00,0.00,0.00,0.00,0.00,0.00,0.00,0.00,0.00,0.00,0.00,0.00
777.491365,119.108686,-189.157493,162.255493,123.465543,-187.589109,109.613205,95.701978,-179.960286,101.799438,0.00,0.00,0.00,0.00,0.00,0.00,0.00,0.00,0.00,0.00,0.00,0.00
777.616445,122.506788,-183.809589,162.634827,127.837312,-178.532958,109.897697,97.445758,-177.343666,101.093445,0.00,0.00,0.00,0.00,0.00,0.00,0.00,0.00,0.00,0.00,0.00,0.00
777.741569,124.278462,-177.092194,161.95813,129.50343,-170.810625,110.484406,97.112024,-172.248306,98.470566,0.00,0.00,0.00,0.00,0.00,0.00,0.00,0.00,0.00,0.00,0.00,0.00
777.867046,124.158168,-168.913358,160.7948,129.321983,-164.620496,108.401176,97.567812,-163.515185,95.480232,0.00,0.00,0.00,0.00,0.00,0.00,0.00,0.00,0.00,0.00,0.00,0.00
777.992112,122.093844,-158.720542,159.287186,128.327564,-156.304303,104.891624,98.115179,-151.270924,93.445419,0.00,0.00,0.00,0.00,0.00,0.00,0.00,0.00,0.00,0.00,0.00,0.00
778.117919,118.963845,-146.44136,160.431702,127.003746,-144.957315,104.230797,98.519238,-137.395141,92.779083,0.00,0.00,0.00,0.00,0.00,0.00,0.00,0.00,0.00,0.00,0.00,0.00
778.243237,116.909417,-134.975507,162.35321,127.876525,-130.571764,108.820389,99.610213,-123.210218,95.977432,0.00,0.00,0.00,0.00,0.00,0.00,0.00,0.00,0.00,0.00,0.00,0.00
778.368682,118.316936,-125.71493,164.150696,130.694145,-118.121458,115.039978,101.145313,-110.339754,100.381065,0.00,0.00,0.00,0.00,0.00,0.00,0.00,0.00,0.00,0.00,0.00,0.00
778.493859,120.606405,-116.952228,163.920959,134.463058,-104.91785,118.145279,103.736979,-99.813474,103.003349,0.00,0.00,0.00,0.00,0.00,0.00,0.00,0.00,0.00,0.00,0.00,0.00
778.618718,123.709886,-107.660755,161.915558,139.8416,-90.051987,120.021019,107.320901,-89.913399,103.36779,0.00,0.00,0.00,0.00,0.00,0.00,0.00,0.00,0.00,0.00,0.00,0.00
778.743769,128.951742,-97.017609,160.117844,146.526547,-74.171024,126.919624,111.165356,-79.633653,102.181335,0.00,0.00,0.00,0.00,0.00,0.00,0.00,0.00,0.00,0.00,0.00,0.00
778.868518,134.88206,-84.09302,160.549026,155.577107,-55.862553,132.607117,115.087599,-68.790929,100.708496,0.00,0.00,0.00,0.00,0.00,0.00,0.00,0.00,0.00,0.00,0.00,0.00
778.993509,139.343384,-71.935538,161.56778,166.67396,-36.063304,133.2686,117.681024,-60.126976,102.495888,0.00,0.00,0.00,0.00,0.00,0.00,0.00,0.00,0.00,0.00,0.00,0.00
779.118607,142.024394,-62.082417,162.097748,176.595617,-22.706283,130.463821,117.629226,-55.272308,103.696609,0.00,0.00,0.00,0.00,0.00,0.00,0.00,0.00,0.00,0.00,0.00,0.00
779.244084,143.423902,-55.057778,162.023849,182.813038,-16.622531,129.179642,116.856891,-52.421913,102.98439,0.00,0.00,0.00,0.00,0.00,0.00,0.00,0.00,0.00,0.00,0.00,0.00
779.369005,143.860703,-50.602764,161.791779,187.198324,-14.219271,128.842331,116.316558,-49.162324,102.556778,0.00,0.00,0.00,0.00,0.00,0.00,0.00,0.00,0.00,0.00,0.00,0.00
779.494477,143.655836,-47.587243,162.060394,189.068752,-13.585367,129.065857,116.005026,-45.608179,103.072693,0.00,0.00,0.00,0.00,0.00,0.00,0.00,0.00,0.00,0.00,0.00,0.00
779.619821,142.743156,-45.584043,162.244156,187.965946,-12.961471,128.762299,115.904649,-42.469685,102.894928,0.00,0.00,0.00,0.00,0.00,0.00,0.00,0.00,0.00,0.00,0.00,0.00
779.744796,139.638249,-43.201277,162.422653,181.231916,-12.645308,126.239548,116.095366,-40.722144,102.302887,0.00,0.00,0.00,0.00,0.00,0.00,0.00,0.00,0.00,0.00,0.00,0.00
779.870243,132.83703,-41.538116,162.377884,166.226731,-14.831687,118.254135,116.514551,-40.488395,102.091621,0.00,0.00,0.00,0.00,0.00,0.00,0.00,0.00,0.00,0.00,0.00,0.00
779.9955,125.856318,-43.085083,161.789581,148.797989,-22.299413,107.926491,115.516293,-41.853053,102.519371,0.00,0.00,0.00,0.00,0.00,0.00,0.00,0.00,0.00,0.00,0.00,0.00
780.121268,120.987052,-45.031662,161.386826,134.988396,-31.31243,102.352989,111.737414,-45.02855,102.487038,0.00,0.00,0.00,0.00,0.00,0.00,0.00,0.00,0.00,0.00,0.00,0.00
780.246589,116.123008,-45.915309,161.043961,125.012408,-36.340267,102.988754,106.413417,-48.651066,101.272133,0.00,0.00,0.00,0.00,0.00,0.00,0.00,0.00,0.00,0.00,0.00,0.00
780.371858,109.935838,-46.603984,161.332092,117.356917,-37.953242,104.173683,101.034122,-50.600635,99.42086,0.00,0.00,0.00,0.00,0.00,0.00,0.00,0.00,0.00,0.00,0.00,0.00
780.497487,102.256576,-47.112065,160.431244,110.042109,-35.830951,104.097557,95.340744,-49.963451,97.946281,0.00,0.00,0.00,0.00,0.00,0.00,0.00,0.00,0.00,0.00,0.00,0.00
780.622619,93.058617,-48.928234,159.829193,100.658429,-32.154685,105.342415,87.824933,-47.828739,97.521385,0.00,0.00,0.00,0.00,0.00,0.00,0.00,0.00,0.00,0.00,0.00,0.00
780.74816,83.929398,-50.912568,158.671906,89.360127,-30.318553,106.552193,78.796607,-47.28067,98.401955,0.00,0.00,0.00,0.00,0.00,0.00,0.00,0.00,0.00,0.00,0.00,0.00
780.872859,75.525198,-51.907709,158.336121,77.884203,-30.128677,107.779739,70.077338,-49.466663,99.463203,0.00,0.00,0.00,0.00,0.00,0.00,0.00,0.00,0.00,0.00,0.00,0.00
780.998494,66.087945,-52.230053,158.162521,66.568574,-31.114891,107.534195,62.629282,-52.546442,99.483955,0.00,0.00,0.00,0.00,0.00,0.00,0.00,0.00,0.00,0.00,0.00,0.00
781.123581,55.276674,-52.172174,156.640625,54.271676,-32.503818,105.717133,54.836707,-55.23578,97.501579,0.00,0.00,0.00,0.00,0.00,0.00,0.00,0.00,0.00,0.00,0.00,0.00
781.234973,44.525775,-51.186553,155.5802,42.126162,-33.94029,103.717514,46.011032,-56.930187,95.190872,0.00,0.00,0.00,0.00,0.00,0.00,0.00,0.00,0.00,0.00,0.00,0.00
781.360454,31.476849,-49.527608,158.046371,27.806849,-36.445444,104.316963,33.888235,-58.369512,96.480591,0.00,0.00,0.00,0.00,0.00,0.00,0.00,0.00,0.00,0.00,0.00,0.00
781.48619,20.710466,-49.99062,160.286682,13.838448,-41.095386,105.966309,23.348999,-61.714205,101.77475,0.00,0.00,0.00,0.00,0.00,0.00,0.00,0.00,0.00,0.00,0.00,0.00
781.611124,11.22086,-52.255567,161.70549,1.341783,-46.373805,110.152481,16.015089,-66.748826,103.553391,0.00,0.00,0.00,0.00,0.00,0.00,0.00,0.00,0.00,0.00,0.00,0.00
781.736614,2.042109,-55.949247,161.2276,-9.158659,-51.85504,110.621933,9.518943,-72.860396,100.735092,0.00,0.00,0.00,0.00,0.00,0.00,0.00,0.00,0.00,0.00,0.00,0.00
781.861997,-7.257859,-61.519922,160.398193,-18.079889,-57.78704,109.049759,1.299157,-79.212437,97.321388,0.00,0.00,0.00,0.00,0.00,0.00,0.00,0.00,0.00,0.00,0.00,0.00
781.987338,-16.78195,-68.629062,161.261642,-27.167167,-63.117987,107.794716,-9.874066,-85.715063,97.0793,0.00,0.00,0.00,0.00,0.00,0.00,0.00,0.00,0.00,0.00,0.00,0.00
782.112648,-25.027174,-74.356647,162.713501,-39.199194,-67.685521,110.68145,-22.08633,-92.988407,100.445297,0.00,0.00,0.00,0.00,0.00,0.00,0.00,0.00,0.00,0.00,0.00,0.00
782.237843,-31.9666,-77.515454,164.164047,-52.335455,-70.747422,117.203262,-32.410544,-99.244471,103.769745,0.00,0.00,0.00,0.00,0.00,0.00,0.00,0.00,0.00,0.00,0.00,0.00
782.36299,-39.058839,-79.396134,164.257843,-67.17175,-72.619673,122.933815,-41.05147,-102.291571,106.247238,0.00,0.00,0.00,0.00,0.00,0.00,0.00,0.00,0.00,0.00,0.00,0.00
782.488325,-46.9407,-80.319819,163.447556,-85.448282,-74.359186,126.509354,-47.883103,-102.638664,106.62677,0.00,0.00,0.00,0.00,0.00,0.00,0.00,0.00,0.00,0.00,0.00,0.00
782.6132,-56.832785,-80.336554,162.387009,-104.556361,-75.723376,128.508453,-52.571731,-102.703169,105.534935,0.00,0.00,0.00,0.00,0.00,0.00,0.00,0.00,0.00,0.00,0.00,0.00
782.738612,-67.663201,-79.888542,162.060074,-120.142408,-76.905796,129.379456,-56.727109,-103.588528,103.753624,0.00,0.00,0.00,0.00,0.00,0.00,0.00,0.00,0.00,0.00,0.00,0.00
782.863859,-75.783458,-80.465056,162.104462,-130.166437,-77.333712,130.048431,-60.479244,-104.044844,104.692673,0.00,0.00,0.00,0.00,0.00,0.00,0.00,0.00,0.00,0.00,0.00,0.00
782.989082,-81.24652,-81.484539,162.364456,-136.104412,-78.096652,130.513351,-63.585594,-103.972001,105.63073,0.00,0.00,0.00,0.00,0.00,0.00,0.00,0.00,0.00,0.00,0.00,0.00
783.114576,-84.305308,-82.271282,161.870499,-139.199074,-78.154552,131.026077,-65.998369,-103.156098,105.328331,0.00,0.00,0.00,0.00,0.00,0.00,0.00,0.00,0.00,0.00,0.00,0.00
783.240002,-85.603424,-82.795527,162.105103,-141.052082,-78.003216,131.187454,-67.48384,-102.843008,105.345711,0.00,0.00,0.00,0.00,0.00,0.00,0.00,0.00,0.00,0.00,0.00,0.00
783.365211,-86.449846,-83.178442,162.265625,-142.813719,-77.897168,130.901505,-67.866316,-103.26263,105.443069,0.00,0.00,0.00,0.00,0.00,0.00,0.00,0.00,0.00,0.00,0.00,0.00
783.490348,-86.906432,-83.454346,162.176544,-143.313177,-77.792213,130.311737,-67.578909,-103.896558,105.321869,0.00,0.00,0.00,0.00,0.00,0.00,0.00,0.00,0.00,0.00,0.00,0.00
783.615941,-86.241979,-85.167929,162.311447,-140.713121,-79.34488,129.199631,-67.102689,-104.239328,105.092606,0.00,0.00,0.00,0.00,0.00,0.00,0.00,0.00,0.00,0.00,0.00,0.00
783.741009,-83.03038,-90.515707,163.352203,-129.683162,-84.186682,124.304916,-66.507058,-104.649047,104.767479,0.00,0.00,0.00,0.00,0.00,0.00,0.00,0.00,0.00,0.00,0.00,0.00
783.866883,-77.191231,-96.512167,164.622421,-110.375174,-88.335118,109.342957,-64.680556,-106.081593,105.310753,0.00,0.00,0.00,0.00,0.00,0.00,0.00,0.00,0.00,0.00,0.00,0.00
783.992307,-71.238408,-101.064008,164.949707,-89.330114,-91.488009,97.688004,-60.791935,-107.888282,105.203903,0.00,0.00,0.00,0.00,0.00,0.00,0.00,0.00,0.00,0.00,0.00,0.00
784.117697,-66.817093,-105.208218,164.712448,-75.75633,-98.874422,98.819534,-56.200576,-110.952804,104.214455,0.00,0.00,0.00,0.00,0.00,0.00,0.00,0.00,0.00,0.00,0.00,0.00
784.242796,-61.467515,-110.5351,163.933517,-69.091722,-107.678424,102.861084,-51.900705,-115.870075,103.647018,0.00,0.00,0.00,0.00,0.00,0.00,0.00,0.00,0.00,0.00,0.00,0.00
784.368142,-54.700351,-117.849716,162.060135,-67.216558,-115.550842,103.652039,-47.31324,-122.333189,103.090775,0.00,0.00,0.00,0.00,0.00,0.00,0.00,0.00,0.00,0.00,0.00,0.00
784.493628,-47.605596,-126.248112,161.017868,-66.503647,-124.453297,103.875793,-41.69916,-129.690777,102.283714,0.00,0.00,0.00,0.00,0.00,0.00,0.00,0.00,0.00,0.00,0.00,0.00
784.618581,-42.856768,-133.058953,161.256607,-63.535131,-130.824818,105.814293,-37.3262,-136.935455,101.626793,0.00,0.00,0.00,0.00,0.00,0.00,0.00,0.00,0.00,0.00,0.00,0.00
784.744415,-40.841248,-140.052371,162.059204,-59.84314,-136.198635,105.044388,-35.158021,-143.973706,102.363968,0.00,0.00,0.00,0.00,0.00,0.00,0.00,0.00,0.00,0.00,0.00,0.00
784.869157,-41.049964,-148.186072,160.953354,-58.294786,-144.079013,102.255157,-34.528011,-151.733469,100.560013,0.00,0.00,0.00,0.00,0.00,0.00,0.00,0.00,0.00,0.00,0.00,0.00
784.995645,-43.593431,-157.735275,159.523468,-59.989507,-156.467815,100.418152,-34.636379,-161.445586,98.029366,0.00,0.00,0.00,0.00,0.00,0.00,0.00,0.00,0.00,0.00,0.00,0.00
785.120103,-47.571809,-168.465793,159.77858,-64.05847,-174.252569,101.937332,-36.153334,-172.802738,97.016891,0.00,0.00,0.00,0.00,0.00,0.00,0.00,0.00,0.00,0.00,0.00,0.00
785.245654,-51.04504,-179.46773,161.504364,-67.561415,-194.396261,107.219002,-38.059281,-185.874343,100.058807,0.00,0.00,0.00,0.00,0.00,0.00,0.00,0.00,0.00,0.00,0.00,0.00
785.370523,-52.633291,-189.118155,162.558243,-69.348916,-213.413438,114.007591,-37.566958,-197.479092,104.223991,0.00,0.00,0.00,0.00,0.00,0.00,0.00,0.00,0.00,0.00,0.00,0.00
785.495485,-53.183373,-198.051743,163.534973,-68.442955,-228.955882,121.82283,-35.905811,-205.724283,104.917755,0.00,0.00,0.00,0.00,0.00,0.00,0.00,0.00,0.00,0.00,0.00,0.00
785.621033,-52.802034,-205.777355,162.235825,-68.983623,-242.271244,127.593407,-35.192448,-213.287409,102.59314,0.00,0.00,0.00,0.00,0.00,0.00,0.00,0.00,0.00,0.00,0.00,0.00
785.745987,-50.78729,-212.506598,161.923599,-70.496761,-251.739829,130.860413,-35.405081,-221.693416,101.986549,0.00,0.00,0.00,0.00,0.00,0.00,0.00,0.00,0.00,0.00,0.00,0.00
785.870473,-48.168936,-218.9692,162.822205,-71.910675,-258.872354,132.381241,-35.545519,-229.302009,103.675674,0.00,0.00,0.00,0.00,0.00,0.00,0.00,0.00,0.00,0.00,0.00,0.00
785.995631,-46.758714,-224.519687,162.894409,-73.009609,-264.150433,132.518417,-35.373708,-235.126026,103.787125,0.00,0.00,0.00,0.00,0.00,0.00,0.00,0.00,0.00,0.00,0.00,0.00
786.120914,-46.217168,-228.458322,162.979202,-73.505881,-266.401605,132.088028,-34.753142,-237.998341,104.578415,0.00,0.00,0.00,0.00,0.00,0.00,0.00,0.00,0.00,0.00,0.00,0.00
786.246556,-45.9002,-230.044387,162.591812,-73.925445,-266.878595,131.47847,-34.304142,-238.350137,104.002167,0.00,0.00,0.00,0.00,0.00,0.00,0.00,0.00,0.00,0.00,0.00,0.00
786.372006,-43.546752,-230.559279,162.763519,-71.997859,-262.064973,129.962082,-34.128446,-236.928669,103.376831,0.00,0.00,0.00,0.00,0.00,0.00,0.00,0.00,0.00,0.00,0.00,0.00
786.497893,-39.023458,-229.535356,162.138824,-67.763849,-253.217764,122.392288,-33.980649,-234.652527,103.213524,0.00,0.00,0.00,0.00,0.00,0.00,0.00,0.00,0.00,0.00,0.00,0.00
786.623523,-36.437948,-226.323916,160.066803,-61.258889,-245.87228,109.561409,-32.623975,-231.865468,103.235535,0.00,0.00,0.00,0.00,0.00,0.00,0.00,0.00,0.00,0.00,0.00,0.00
786.734812,-35.093362,-224.434224,159.519989,-54.531567,-240.081802,102.631088,-30.925015,-228.187223,102.864311,0.00,0.00,0.00,0.00,0.00,0.00,0.00,0.00,0.00,0.00,0.00,0.00
786.860408,-32.385187,-222.86814,160.185104,-45.93299,-237.750665,103.536346,-27.842644,-224.297984,102.118065,0.00,0.00,0.00,0.00,0.00,0.00,0.00,0.00,0.00,0.00,0.00,0.00
786.985973,-28.338083,-221.671484,160.612869,-35.85163,-237.861592,105.427551,-23.364162,-222.326933,101.361694,0.00,0.00,0.00,0.00,0.00,0.00,0.00,0.00,0.00,0.00,0.00,0.00
787.122825,-21.804095,-221.196765,159.903214,-23.118917,-237.334431,108.107498,-16.718511,-221.730445,100.005898,0.00,0.00,0.00,0.00,0.00,0.00,0.00,0.00,0.00,0.00,0.00,0.00
787.234906,-14.10665,-221.345879,158.324814,-12.907321,-236.172673,109.643898,-9.224333,-221.958843,98.738029,0.00,0.00,0.00,0.00,0.00,0.00,0.00,0.00,0.00,0.00,0.00,0.00
787.360669,-2.519927,-220.317623,157.222015,-2.50777,-234.90749,109.063065,1.775845,-222.483141,97.613213,0.00,0.00,0.00,0.00,0.00,0.00,0.00,0.00,0.00,0.00,0.00,0.00
787.485907,8.82086,-218.015814,157.031082,7.448913,-234.028184,107.717636,14.24451,-221.145388,98.118744,0.00,0.00,0.00,0.00,0.00,0.00,0.00,0.00,0.00,0.00,0.00,0.00
787.611161,18.200998,-217.19233,157.669159,17.414402,-234.662254,109.743034,25.076706,-218.160264,99.719254,0.00,0.00,0.00,0.00,0.00,0.00,0.00,0.00,0.00,0.00,0.00,0.00
787.736312,27.173639,-216.616763,158.157089,26.979079,-235.597223,110.890305,33.654687,-215.041038,99.579323,0.00,0.00,0.00,0.00,0.00,0.00,0.00,0.00,0.00,0.00,0.00,0.00
787.862123,36.558014,-216.866109,157.315598,36.833137,-236.3338,108.666298,40.468336,-213.518752,98.174904,0.00,0.00,0.00,0.00,0.00,0.00,0.00,0.00,0.00,0.00,0.00,0.00
787.987444,47.230685,-218.906035,156.145233,48.7157,-236.804631,105.677902,47.304931,-214.218561,95.779243,0.00,0.00,0.00,0.00,0.00,0.00,0.00,0.00,0.00,0.00,0.00,0.00
788.112897,59.232362,-222.025436,156.654694,63.74956,-236.614548,104.503799,56.872262,-215.784796,94.271942,0.00,0.00,0.00,0.00,0.00,0.00,0.00,0.00,0.00,0.00,0.00,0.00
788.237832,70.816243,-223.692003,158.434052,79.117694,-235.168915,106.945946,68.473932,-217.166311,97.777054,0.00,0.00,0.00,0.00,0.00,0.00,0.00,0.00,0.00,0.00,0.00,0.00
788.363579,80.223165,-222.574048,160.700195,92.10168,-231.869958,110.792114,77.371739,-215.534528,102.178169,0.00,0.00,0.00,0.00,0.00,0.00,0.00,0.00,0.00,0.00,0.00,0.00
788.488744,89.010858,-220.079068,160.752563,102.564003,-227.601283,111.686752,85.018779,-212.011533,101.7267,0.00,0.00,0.00,0.00,0.00,0.00,0.00,0.00,0.00,0.00,0.00,0.00
788.614377,97.549809,-215.814722,159.354263,111.535786,-223.544322,110.334206,94.243343,-206.675762,98.608688,0.00,0.00,0.00,0.00,0.00,0.00,0.00,0.00,0.00,0.00,0.00,0.00
788.739537,105.795845,-209.30792,159.99057,119.554573,-220.006828,108.652641,106.289837,-199.718979,97.696899,0.00,0.00,0.00,0.00,0.00,0.00,0.00,0.00,0.00,0.00,0.00,0.00
788.864948,113.146292,-203.795992,161.621094,126.918211,-216.107865,110.642914,120.812538,-191.422961,102.166382,0.00,0.00,0.00,0.00,0.00,0.00,0.00,0.00,0.00,0.00,0.00,0.00
788.990381,120.189231,-200.253712,162.396408,134.254937,-212.654086,112.28006,137.054827,-183.035057,108.909485,0.00,0.00,0.00,0.00,0.00,0.00,0.00,0.00,0.00,0.00,0.00,0.00
789.115277,127.067561,-196.936148,162.39537,141.06763,-209.474776,112.570023,152.180176,-175.583269,116.519905,0.00,0.00,0.00,0.00,0.00,0.00,0.00,0.00,0.00,0.00,0.00,0.00
789.240206,134.352657,-194.396504,161.332245,147.792805,-205.973417,111.138489,165.448347,-168.57548,122.700897,0.00,0.00,0.00,0.00,0.00,0.00,0.00,0.00,0.00,0.00,0.00,0.00
789.365492,142.23186,-192.290136,161.227936,155.572273,-202.415193,109.294891,176.80722,-162.30827,127.038483,0.00,0.00,0.00,0.00,0.00,0.00,0.00,0.00,0.00,0.00,0.00,0.00
789.490716,149.138158,-189.878541,162.464142,162.080382,-198.95446,110.86953,184.913719,-157.641904,129.380859,0.00,0.00,0.00,0.00,0.00,0.00,0.00,0.00,0.00,0.00,0.00,0.00
789.616168,154.001478,-187.25225,163.041733,166.762075,-196.035036,112.119698,189.873323,-154.231366,129.57579,0.00,0.00,0.00,0.00,0.00,0.00,0.00,0.00,0.00,0.00,0.00,0.00
789.741407,157.42814,-184.682509,163.435242,169.666609,-194.529815,112.853119,192.482996,-152.285711,128.896835,0.00,0.00,0.00,0.00,0.00,0.00,0.00,0.00,0.00,0.00,0.00,0.00
789.866962,159.325664,-182.310915,163.049988,170.920769,-193.462866,112.222481,193.682263,-151.416495,128.233749,0.00,0.00,0.00,0.00,0.00,0.00,0.00,0.00,0.00,0.00,0.00,0.00
789.991907,160.085657,-179.787286,162.94487,170.264695,-192.3417,111.974312,194.516614,-150.983438,128.159256,0.00,0.00,0.00,0.00,0.00,0.00,0.00,0.00,0.00,0.00,0.00,0.00
790.117576,160.734489,-177.92326,163.409973,168.339319,-191.025563,112.072525,193.847103,-151.100252,127.782585,0.00,0.00,0.00,0.00,0.00,0.00,0.00,0.00,0.00,0.00,0.00,0.00
790.243115,162.333567,-180.400459,163.536087,164.946596,-191.244982,112.867142,190.041858,-152.388425,123.289726,0.00,0.00,0.00,0.00,0.00,0.00,0.00,0.00,0.00,0.00,0.00,0.00
790.36913,159.876685,-187.527268,163.219376,158.715733,-193.978023,113.923332,182.566794,-160.058132,109.988007,0.00,0.00,0.00,0.00,0.00,0.00,0.00,0.00,0.00,0.00,0.00,0.00
790.49474,152.503757,-192.311976,162.593048,150.992862,-196.975219,114.382423,171.141712,-174.74723,97.519691,0.00,0.00,0.00,0.00,0.00,0.00,0.00,0.00,0.00,0.00,0.00,0.00
790.620047,144.422391,-195.273699,162.292496,144.055803,-198.799097,115.006554,161.334234,-188.130052,97.875992,0.00,0.00,0.00,0.00,0.00,0.00,0.00,0.00,0.00,0.00,0.00,0.00
790.744984,135.570276,-197.676531,162.086029,138.132228,-201.265114,115.030548,155.08147,-198.125914,101.044235,0.00,0.00,0.00,0.00,0.00,0.00,0.00,0.00,0.00,0.00,0.00,0.00
790.870184,126.26047,-200.590742,161.508698,131.294233,-204.881986,114.116249,150.605808,-207.868607,101.336578,0.00,0.00,0.00,0.00,0.00,0.00,0.00,0.00,0.00,0.00,0.00,0.00
790.995124,117.118179,-203.953031,160.519318,121.949057,-209.819779,112.697113,143.786444,-217.300958,100.763702,0.00,0.00,0.00,0.00,0.00,0.00,0.00,0.00,0.00,0.00,0.00,0.00
791.120491,110.395952,-207.118424,159.846603,111.879762,-213.915943,111.822388,134.205175,-223.857633,99.416542,0.00,0.00,0.00,0.00,0.00,0.00,0.00,0.00,0.00,0.00,0.00,0.00
791.245795,105.549515,-210.517221,159.834549,104.830205,-216.031113,112.236145,125.237688,-226.880847,100.457024,0.00,0.00,0.00,0.00,0.00,0.00,0.00,0.00,0.00,0.00,0.00,0.00
791.371177,100.704132,-213.526531,159.850616,99.787243,-218.186462,111.87252,117.86726,-230.561332,99.215393,0.00,0.00,0.00,0.00,0.00,0.00,0.00,0.00,0.00,0.00,0.00,0.00
791.496293,95.79918,-218.051212,159.498581,94.583029,-220.788631,110.469292,109.743066,-235.590621,97.561935,0.00,0.00,0.00,0.00,0.00,0.00,0.00,0.00,0.00,0.00,0.00,0.00
791.621731,91.421008,-224.226456,160.068848,87.268213,-224.761197,109.219566,100.444772,-241.47594,97.11245,0.00,0.00,0.00,0.00,0.00,0.00,0.00,0.00,0.00,0.00,0.00,0.00
791.747222,86.879071,-230.882403,162.236282,74.797312,-231.264633,112.319389,91.209986,-247.989201,98.744194,0.00,0.00,0.00,0.00,0.00,0.00,0.00,0.00,0.00,0.00,0.00,0.00
791.872416,81.950796,-236.318969,163.118011,60.679768,-239.773345,117.626991,83.502285,-253.882571,100.662704,0.00,0.00,0.00,0.00,0.00,0.00,0.00,0.00,0.00,0.00,0.00,0.00
791.997373,76.322209,-239.265568,163.558578,47.757873,-247.166911,122.331429,77.546218,-258.064269,102.418831,0.00,0.00,0.00,0.00,0.00,0.00,0.00,0.00,0.00,0.00,0.00,0.00
792.121636,69.676176,-241.008688,163.134476,35.289501,-253.314031,125.075912,72.630029,-260.606644,102.997955,0.00,0.00,0.00,0.00,0.00,0.00,0.00,0.00,0.00,0.00,0.00,0.00
792.247315,62.104733,-242.125025,161.958176,22.64311,-258.688603,127.133881,67.762489,-261.728582,102.28186,0.00,0.00,0.00,0.00,0.00,0.00,0.00,0.00,0.00,0.00,0.00,0.00
792.372586,53.290715,-242.604001,161.619537,11.012767,-264.661848,129.586685,62.06764,-262.084287,100.830673,0.00,0.00,0.00,0.00,0.00,0.00,0.00,0.00,0.00,0.00,0.00,0.00
792.49831,44.158278,-242.691432,162.210678,2.628584,-269.0113,130.371719,55.739465,-261.126221,100.322342,0.00,0.00,0.00,0.00,0.00,0.00,0.00,0.00,0.00,0.00,0.00,0.00
792.609745,37.818165,-242.70195,162.372559,-0.386187,-270.527183,129.85321,51.235839,-259.585332,101.056358,0.00,0.00,0.00,0.00,0.00,0.00,0.00,0.00,0.00,0.00,0.00,0.00
792.734854,32.998657,-242.789316,162.625473,-1.208425,-271.506777,129.044632,48.581996,-258.272489,101.980003,0.00,0.00,0.00,0.00,0.00,0.00,0.00,0.00,0.00,0.00,0.00,0.00
792.860117,30.67299,-242.835568,162.440079,-1.079456,-271.35919,128.886627,47.803932,-257.865252,101.747261,0.00,0.00,0.00,0.00,0.00,0.00,0.00,0.00,0.00,0.00,0.00,0.00
792.986072,31.702221,-244.97887,163.914322,3.171862,-267.864284,130.130585,49.03957,-257.791244,101.764618,0.00,0.00,0.00,0.00,0.00,0.00,0.00,0.00,0.00,0.00,0.00,0.00
793.11151,38.456212,-248.131126,165.351013,15.481765,-263.6859,127.428413,52.954073,-257.221918,102.081093,0.00,0.00,0.00,0.00,0.00,0.00,0.00,0.00,0.00,0.00,0.00,0.00
793.237501,48.132811,-246.032873,165.341049,32.565292,-260.252967,117.832497,58.704975,-255.456705,102.583824,0.00,0.00,0.00,0.00,0.00,0.00,0.00,0.00,0.00,0.00,0.00,0.00
793.362983,55.91702,-240.428026,165.534027,45.154778,-254.326372,111.907104,65.677471,-252.065344,102.421928,0.00,0.00,0.00,0.00,0.00,0.00,0.00,0.00,0.00,0.00,0.00,0.00
793.487977,62.401137,-235.167144,164.520081,53.3134,-252.864653,113.387894,73.312968,-247.479967,101.177254,0.00,0.00,0.00,0.00,0.00,0.00,0.00,0.00,0.00,0.00,0.00,0.00
793.613124,69.798799,-230.492681,163.425629,64.132561,-254.665765,113.289032,81.478223,-241.702745,100.481178,0.00,0.00,0.00,0.00,0.00,0.00,0.00,0.00,0.00,0.00,0.00,0.00
793.738297,76.969037,-224.934825,161.900024,78.168797,-253.315463,114.678696,89.634858,-233.605013,99.6586,0.00,0.00,0.00,0.00,0.00,0.00,0.00,0.00,0.00,0.00,0.00,0.00
793.863788,82.764024,-219.308098,160.774704,90.552554,-247.112684,115.235687,96.376169,-224.470201,98.869392,0.00,0.00,0.00,0.00,0.00,0.00,0.00,0.00,0.00,0.00,0.00,0.00
793.988684,88.180618,-215.226385,160.868942,99.053287,-238.715626,115.003296,100.323062,-214.54077,99.493683,0.00,0.00,0.00,0.00,0.00,0.00,0.00,0.00,0.00,0.00,0.00,0.00
794.114081,93.613984,-210.948206,158.667038,105.237726,-230.438166,113.367058,100.885778,-206.243016,98.860779,0.00,0.00,0.00,0.00,0.00,0.00,0.00,0.00,0.00,0.00,0.00,0.00
794.238551,99.976475,-205.951214,156.565704,111.906784,-223.074452,111.290405,99.397458,-201.48029,97.319504,0.00,0.00,0.00,0.00,0.00,0.00,0.00,0.00,0.00,0.00,0.00,0.00
794.36391,106.695454,-201.760177,155.026794,119.144487,-215.269963,109.705376,99.267506,-199.18858,94.606834,0.00,0.00,0.00,0.00,0.00,0.00,0.00,0.00,0.00,0.00,0.00,0.00
794.489144,113.491001,-196.811638,156.489777,126.663548,-206.163313,107.566345,103.211526,-196.334666,95.007652,0.00,0.00,0.00,0.00,0.00,0.00,0.00,0.00,0.00,0.00,0.00,0.00
794.614643,117.78382,-191.019058,158.657028,131.296684,-195.581617,107.10936,107.270097,-191.842964,98.367546,0.00,0.00,0.00,0.00,0.00,0.00,0.00,0.00,0.00,0.00,0.00,0.00
794.740132,119.725472,-183.71486,159.48822,131.983202,-184.852516,108.116028,108.467087,-185.3527,97.830612,0.00,0.00,0.00,0.00,0.00,0.00,0.00,0.00,0.00,0.00,0.00,0.00
794.86529,120.195911,-173.991096,158.594879,131.070732,-173.890233,107.248566,108.027694,-177.113529,94.390884,0.00,0.00,0.00,0.00,0.00,0.00,0.00,0.00,0.00,0.00,0.00,0.00
794.99051,119.514687,-162.219504,158.998459,129.00662,-162.91576,105.698761,107.411637,-165.190276,93.295479,0.00,0.00,0.00,0.00,0.00,0.00,0.00,0.00,0.00,0.00,0.00,0.00
795.115351,118.825597,-150.779788,160.651184,126.946876,-151.047346,107.930824,106.552064,-149.799824,95.596809,0.00,0.00,0.00,0.00,0.00,0.00,0.00,0.00,0.00,0.00,0.00,0.00
795.241395,120.140842,-141.395372,162.578445,127.971004,-140.595063,112.202499,106.669714,-133.797959,99.180061,0.00,0.00,0.00,0.00,0.00,0.00,0.00,0.00,0.00,0.00,0.00,0.00
795.366919,122.549826,-132.357216,163.493652,130.217744,-131.374579,112.485031,109.172116,-119.254205,103.280449,0.00,0.00,0.00,0.00,0.00,0.00,0.00,0.00,0.00,0.00,0.00,0.00
795.491919,125.671241,-122.608782,161.777039,132.766533,-120.947736,109.926964,113.019253,-106.499844,103.670273,0.00,0.00,0.00,0.00,0.00,0.00,0.00,0.00,0.00,0.00,0.00,0.00
795.617701,130.066498,-112.031855,160.639557,136.336683,-108.100137,107.931313,117.272265,-94.789736,102.020004,0.00,0.00,0.00,0.00,0.00,0.00,0.00,0.00,0.00,0.00,0.00,0.00
795.742721,134.729772,-101.410805,162.041901,140.969958,-94.993823,111.365555,122.830162,-82.611034,102.943329,0.00,0.00,0.00,0.00,0.00,0.00,0.00,0.00,0.00,0.00,0.00,0.00
795.868026,137.641852,-91.895995,163.4702,144.924457,-84.015071,115.562775,129.154189,-68.675018,108.089867,0.00,0.00,0.00,0.00,0.00,0.00,0.00,0.00,0.00,0.00,0.00,0.00
795.993711,139.190662,-83.308162,164.77887,148.427856,-77.280486,119.002426,135.447616,-55.717019,111.491035,0.00,0.00,0.00,0.00,0.00,0.00,0.00,0.00,0.00,0.00,0.00,0.00
796.118529,140.583117,-74.755853,164.079407,151.31845,-73.766605,118.569824,143.214642,-44.115747,110.208511,0.00,0.00,0.00,0.00,0.00,0.00,0.00,0.00,0.00,0.00,0.00,0.00
796.243644,141.202584,-65.721746,162.956787,153.163076,-71.977093,115.928963,153.823901,-32.835175,111.250519,0.00,0.00,0.00,0.00,0.00,0.00,0.00,0.00,0.00,0.00,0.00,0.00
796.369066,141.765309,-55.535281,162.895035,152.472382,-68.237241,112.688103,165.646683,-22.351516,114.343262,0.00,0.00,0.00,0.00,0.00,0.00,0.00,0.00,0.00,0.00,0.00,0.00
796.494161,142.687451,-46.312764,162.882828,149.75985,-61.536613,114.850784,175.748139,-14.905047,118.015114,0.00,0.00,0.00,0.00,0.00,0.00,0.00,0.00,0.00,0.00,0.00,0.00
796.619493,143.65176,-40.147625,163.045929,148.380008,-58.065906,116.623543,183.403026,-10.676875,122.029129,0.00,0.00,0.00,0.00,0.00,0.00,0.00,0.00,0.00,0.00,0.00,0.00
796.744422,144.751355,-36.450208,163.299866,148.220797,-57.196153,117.219856,188.181754,-8.560317,124.514389,0.00,0.00,0.00,0.00,0.00,0.00,0.00,0.00,0.00,0.00,0.00,0.00
796.8695,145.678626,-34.817205,163.175293,148.447648,-56.999338,117.420021,190.13894,-7.847059,125.073967,0.00,0.00,0.00,0.00,0.00,0.00,0.00,0.00,0.00,0.00,0.00,0.00
796.995028,146.421698,-34.738388,163.287735,149.676389,-56.999802,117.377808,190.752058,-7.816942,125.034187,0.00,0.00,0.00,0.00,0.00,0.00,0.00,0.00,0.00,0.00,0.00,0.00
797.120275,146.895351,-35.686932,163.336945,151.30814,-57.661808,117.488548,191.142243,-7.995342,125.462517,0.00,0.00,0.00,0.00,0.00,0.00,0.00,0.00,0.00,0.00,0.00,0.00
797.245411,147.337442,-37.31357,163.510757,152.946196,-58.876624,117.501617,190.445122,-9.17454,125.724617,0.00,0.00,0.00,0.00,0.00,0.00,0.00,0.00,0.00,0.00,0.00,0.00
797.370821,148.068914,-39.303783,163.453506,154.323898,-60.285554,116.58828,191.515992,-9.055349,127.318169,0.00,0.00,0.00,0.00,0.00,0.00,0.00,0.00,0.00,0.00,0.00,0.00
797.495975,149.197135,-40.815781,163.173859,155.300469,-61.979029,116.333374,193.048985,-8.468373,127.207336,0.00,0.00,0.00,0.00,0.00,0.00,0.00,0.00,0.00,0.00,0.00,0.00
797.621292,150.213731,-42.113405,162.974075,155.588152,-63.644595,116.221619,192.878196,-8.451208,126.459991,0.00,0.00,0.00,0.00,0.00,0.00,0.00,0.00,0.00,0.00,0.00,0.00
797.746362,150.680741,-42.838716,163.189774,155.638364,-63.308762,116.182091,189.483917,-10.941955,123.833099,0.00,0.00,0.00,0.00,0.00,0.00,0.00,0.00,0.00,0.00,0.00,0.00
797.873203,149.960191,-42.332626,163.149948,156.105892,-59.164986,115.64872,177.895717,-16.174631,114.519943,0.00,0.00,0.00,0.00,0.00,0.00,0.00,0.00,0.00,0.00,0.00,0.00
797.995206,146.242843,-39.649604,162.807968,155.548112,-52.494775,114.925743,158.673721,-23.47817,100.780785,0.00,0.00,0.00,0.00,0.00,0.00,0.00,0.00,0.00,0.00,0.00,0.00
798.120896,138.926522,-36.168644,162.301651,152.333815,-45.492249,114.521049,139.130592,-28.837131,96.304092,0.00,0.00,0.00,0.00,0.00,0.00,0.00,0.00,0.00,0.00,0.00,0.00
798.24692,128.377995,-34.574667,160.690933,145.889374,-38.17371,113.607643,124.701389,-29.900776,97.391983,0.00,0.00,0.00,0.00,0.00,0.00,0.00,0.00,0.00,0.00,0.00,0.00
798.37172,117.450029,-35.272757,159.060242,135.796469,-31.338763,114.077423,112.024147,-30.438328,97.439713,0.00,0.00,0.00,0.00,0.00,0.00,0.00,0.00,0.00,0.00,0.00,0.00
798.496924,106.656548,-36.579542,157.934341,123.686948,-25.91521,114.673462,102.300392,-32.046355,96.398964,0.00,0.00,0.00,0.00,0.00,0.00,0.00,0.00,0.00,0.00,0.00,0.00
798.621949,94.977451,-37.904783,157.757385,110.540289,-22.530028,115.714958,94.077658,-32.981774,93.569138,0.00,0.00,0.00,0.00,0.00,0.00,0.00,0.00,0.00,0.00,0.00,0.00
798.747585,85.66899,-38.56143,157.823303,98.222058,-20.638098,116.144272,84.720898,-32.219369,93.902931,0.00,0.00,0.00,0.00,0.00,0.00,0.00,0.00,0.00,0.00,0.00,0.00
798.873414,77.261981,-37.44187,159.331772,88.289501,-19.244944,117.320183,75.138434,-30.84933,96.693779,0.00,0.00,0.00,0.00,0.00,0.00,0.00,0.00,0.00,0.00,0.00,0.00
798.985192,69.761868,-35.857785,159.919769,79.951375,-17.482148,116.73423,67.337159,-29.670022,97.362404,0.00,0.00,0.00,0.00,0.00,0.00,0.00,0.00,0.00,0.00,0.00,0.00
799.110719,60.824692,-33.170832,159.474686,68.044069,-15.208848,114.778542,59.199068,-28.795176,97.218849,0.00,0.00,0.00,0.00,0.00,0.00,0.00,0.00,0.00,0.00,0.00,0.00
799.235965,52.406106,-30.162566,158.583282,53.206526,-14.254102,111.429382,50.285564,-28.982643,96.399513,0.00,0.00,0.00,0.00,0.00,0.00,0.00,0.00,0.00,0.00,0.00,0.00
799.361314,43.859528,-29.06146,158.543701,38.270093,-15.985239,112.451103,41.730603,-31.040053,97.5485,0.00,0.00,0.00,0.00,0.00,0.00,0.00,0.00,0.00,0.00,0.00,0.00
799.486754,35.964141,-30.69892,160.103912,25.862296,-19.920581,115.545097,36.176153,-35.014253,99.176506,0.00,0.00,0.00,0.00,0.00,0.00,0.00,0.00,0.00,0.00,0.00,0.00
799.611934,28.100667,-34.169455,159.881409,15.601414,-25.43549,115.056244,30.486189,-40.260101,97.445724,0.00,0.00,0.00,0.00,0.00,0.00,0.00,0.00,0.00,0.00,0.00,0.00
799.73693,19.463889,-39.723905,158.509583,7.397348,-32.830735,113.738396,23.226302,-47.372091,94.861588,0.00,0.00,0.00,0.00,0.00,0.00,0.00,0.00,0.00,0.00,0.00,0.00
799.862432,10.174137,-47.179131,158.712662,-1.740561,-42.021956,112.95507,14.274639,-56.135084,93.983856,0.00,0.00,0.00,0.00,0.00,0.00,0.00,0.00,0.00,0.00,0.00,0.00
799.987851,1.317329,-54.015498,160.387802,-12.698408,-51.229192,116.474655,4.036923,-65.497264,96.475433,0.00,0.00,0.00,0.00,0.00,0.00,0.00,0.00,0.00,0.00,0.00,0.00
800.113119,-6.656623,-58.518413,162.037949,-25.08848,-57.857609,121.512985,-6.062017,-73.746791,98.966087,0.00,0.00,0.00,0.00,0.00,0.00,0.00,0.00,0.00,0.00,0.00,0.00
800.238171,-14.745391,-61.767301,162.965744,-39.326388,-62.958759,123.397354,-15.225338,-79.313573,101.985123,0.00,0.00,0.00,0.00,0.00,0.00,0.00,0.00,0.00,0.00,0.00,0.00
800.363587,-24.243677,-64.757234,161.766739,-57.602721,-67.698752,123.322746,-23.451481,-83.19504,102.078499,0.00,0.00,0.00,0.00,0.00,0.00,0.00,0.00,0.00,0.00,0.00,0.00
800.488638,-36.026627,-67.092611,159.569031,-81.525837,-71.886416,123.631027,-31.908702,-86.718478,101.207397,0.00,0.00,0.00,0.00,0.00,0.00,0.00,0.00,0.00,0.00,0.00,0.00
800.614226,-51.378396,-69.626077,159.079697,-101.991633,-74.157789,125.819031,-41.308631,-90.413871,99.944862,0.00,0.00,0.00,0.00,0.00,0.00,0.00,0.00,0.00,0.00,0.00,0.00
800.739464,-64.96231,-72.967525,159.171432,-116.901474,-75.872672,128.832001,-49.854507,-93.150406,100.541542,0.00,0.00,0.00,0.00,0.00,0.00,0.00,0.00,0.00,0.00,0.00,0.00
800.864666,-74.285514,-76.055534,159.988235,-127.12834,-76.988495,131.077194,-55.673763,-95.644155,102.32637,0.00,0.00,0.00,0.00,0.00,0.00,0.00,0.00,0.00,0.00,0.00,0.00
800.989695,-80.331826,-78.008314,160.108215,-134.654168,-77.664962,131.623978,-58.775502,-96.899586,102.229439,0.00,0.00,0.00,0.00,0.00,0.00,0.00,0.00,0.00,0.00,0.00,0.00
801.114917,-83.922815,-79.682408,159.644867,-139.216168,-78.246997,131.251709,-61.037524,-98.328575,101.260635,0.00,0.00,0.00,0.00,0.00,0.00,0.00,0.00,0.00,0.00,0.00,0.00
801.239922,-86.924185,-81.165194,159.386276,-142.511032,-78.474776,130.093231,-62.607482,-99.811133,101.314926,0.00,0.00,0.00,0.00,0.00,0.00,0.00,0.00,0.00,0.00,0.00,0.00
801.365779,-89.233598,-82.183273,158.832413,-144.613376,-78.597157,128.955627,-63.160303,-101.076893,101.306259,0.00,0.00,0.00,0.00,0.00,0.00,0.00,0.00,0.00,0.00,0.00,0.00
801.491605,-91.050624,-82.935343,158.313797,-146.033222,-79.238059,128.939926,-63.394912,-102.065039,101.225853,0.00,0.00,0.00,0.00,0.00,0.00,0.00,0.00,0.00,0.00,0.00,0.00
801.617165,-92.055804,-83.330996,157.913208,-146.811191,-79.504038,129.006989,-64.078625,-102.630779,101.30378,0.00,0.00,0.00,0.00,0.00,0.00,0.00,0.00,0.00,0.00,0.00,0.00
801.742684,-91.863342,-83.176151,158.360062,-144.716865,-79.789934,127.295723,-65.52392,-102.933687,101.72126,0.00,0.00,0.00,0.00,0.00,0.00,0.00,0.00,0.00,0.00,0.00,0.00
801.867987,-89.274427,-81.538597,160.122101,-136.351489,-80.307083,119.219826,-67.961131,-102.436278,101.661026,0.00,0.00,0.00,0.00,0.00,0.00,0.00,0.00,0.00,0.00,0.00,0.00
801.993307,-84.789152,-78.648446,161.609344,-119.708099,-80.518883,113.886299,-71.005224,-101.333737,101.443573,0.00,0.00,0.00,0.00,0.00,0.00,0.00,0.00,0.00,0.00,0.00,0.00
802.119049,-77.986252,-75.670001,162.028809,-99.092555,-79.342747,112.560844,-73.493937,-99.866971,101.182404,0.00,0.00,0.00,0.00,0.00,0.00,0.00,0.00,0.00,0.00,0.00,0.00
802.243972,-68.800405,-74.374805,160.333282,-77.057466,-76.031731,108.483421,-75.408954,-97.885793,100.950302,0.00,0.00,0.00,0.00,0.00,0.00,0.00,0.00,0.00,0.00,0.00,0.00
802.368986,-58.38015,-75.718545,157.330292,-53.799651,-72.777679,104.925797,-75.571017,-94.677847,100.0895,0.00,0.00,0.00,0.00,0.00,0.00,0.00,0.00,0.00,0.00,0.00,0.00
802.49352,-50.247799,-77.851468,156.072372,-35.190684,-73.217663,106.48011,-73.592439,-89.848422,99.212578,0.00,0.00,0.00,0.00,0.00,0.00,0.00,0.00,0.00,0.00,0.00,0.00
802.618006,-44.203793,-78.882631,155.617599,-25.894058,-78.099257,108.976936,-68.298004,-81.746357,97.69976,0.00,0.00,0.00,0.00,0.00,0.00,0.00,0.00,0.00,0.00,0.00,0.00
802.74332,-39.001559,-79.202194,156.191223,-22.877771,-83.105603,108.116707,-57.343397,-73.506619,99.032814,0.00,0.00,0.00,0.00,0.00,0.00,0.00,0.00,0.00,0.00,0.00,0.00
802.868848,-34.002268,-77.95751,157.051544,-19.964769,-83.878618,108.061241,-45.986056,-68.620437,100.210144,0.00,0.00,0.00,0.00,0.00,0.00,0.00,0.00,0.00,0.00,0.00,0.00
802.99435,-28.498539,-74.452464,157.428131,-15.257817,-82.478486,107.941925,-36.615418,-65.893457,100.028671,0.00,0.00,0.00,0.00,0.00,0.00,0.00,0.00,0.00,0.00,0.00,0.00
803.120729,-21.727645,-68.994671,157.560562,-9.888321,-79.010871,106.000832,-29.860308,-62.438534,98.393227,0.00,0.00,0.00,0.00,0.00,0.00,0.00,0.00,0.00,0.00,0.00,0.00
803.246308,-12.551318,-61.804274,158.058975,-3.453552,-71.730365,103.180397,-24.879813,-56.253716,96.384293,0.00,0.00,0.00,0.00,0.00,0.00,0.00,0.00,0.00,0.00,0.00,0.00
803.372624,-2.898785,-54.638756,159.004181,4.011446,-61.223787,102.950157,-19.627256,-48.13831,94.52169,0.00,0.00,0.00,0.00,0.00,0.00,0.00,0.00,0.00,0.00,0.00,0.00
803.498023,4.405606,-48.431461,160.389679,11.390511,-50.084158,105.382851,-12.380936,-38.324463,97.975502,0.00,0.00,0.00,0.00,0.00,0.00,0.00,0.00,0.00,0.00,0.00,0.00
803.623131,10.03293,-42.082862,161.872803,18.195333,-40.170411,110.443405,-5.48158,-29.2582,101.30764,0.00,0.00,0.00,0.00,0.00,0.00,0.00,0.00,0.00,0.00,0.00,0.00
803.748556,15.78709,-34.533983,161.720154,24.274069,-31.815965,112.972855,0.969377,-21.967405,100.059784,0.00,0.00,0.00,0.00,0.00,0.00,0.00,0.00,0.00,0.00,0.00,0.00
803.873741,21.253114,-25.62079,159.862564,29.815608,-24.540738,112.10437,8.187686,-15.260826,96.669807,0.00,0.00,0.00,0.00,0.00,0.00,0.00,0.00,0.00,0.00,0.00,0.00
803.984857,25.563334,-16.177508,158.497925,35.349248,-18.635927,111.008072,16.216613,-7.246868,93.972176,0.00,0.00,0.00,0.00,0.00,0.00,0.00,0.00,0.00,0.00,0.00,0.00
804.110279,30.473842,-5.157255,159.605133,43.310379,-11.174318,110.266495,26.883259,3.26672,95.463081,0.00,0.00,0.00,0.00,0.00,0.00,0.00,0.00,0.00,0.00,0.00,0.00
804.235576,36.286983,2.883805,161.213593,50.659312,-4.850183,113.28727,36.90922,13.387992,99.221054,0.00,0.00,0.00,0.00,0.00,0.00,0.00,0.00,0.00,0.00,0.00,0.00
804.360723,42.835395,9.506065,162.266083,56.891459,1.50653,113.660454,45.698819,21.748587,103.282143,0.00,0.00,0.00,0.00,0.00,0.00,0.00,0.00,0.00,0.00,0.00,0.00
804.485956,49.349473,16.037945,161.250992,62.294951,9.457228,111.45005,52.950726,28.671382,104.134956,0.00,0.00,0.00,0.00,0.00,0.00,0.00,0.00,0.00,0.00,0.00,0.00
804.610804,56.466718,22.134701,159.833755,68.618875,18.910919,109.347115,58.563602,34.658755,102.908417,0.00,0.00,0.00,0.00,0.00,0.00,0.00,0.00,0.00,0.00,0.00,0.00
804.736069,64.311277,28.780946,160.699417,76.709691,28.316696,110.247421,63.090827,40.014411,102.087387,0.00,0.00,0.00,0.00,0.00,0.00,0.00,0.00,0.00,0.00,0.00,0.00
804.860987,70.509406,35.480973,161.410065,83.413213,37.437108,111.502579,66.192594,44.560319,103.637924,0.00,0.00,0.00,0.00,0.00,0.00,0.00,0.00,0.00,0.00,0.00,0.00
804.986257,75.175874,40.767901,162.351608,88.22595,43.84908,114.560173,68.588858,48.873778,104.772926,0.00,0.00,0.00,0.00,0.00,0.00,0.00,0.00,0.00,0.00,0.00,0.00
1,750.688999,2,754.754447,3,758.207741,4,762.579175,5,766.573811,1,769.497774,2,773.049053,3,775.415378,4,779.299624,5,783.308938,1,785.995631,2,789.825021,3,792.428308,4,797.384952,5,801.212415,stop
