-1.804833,-0.480865,-0.787889
0.485136,-0.316638,0.441788
0.084953,0.185145,0.5262
0.207431,-0.160898,-0.101672
1.174537,-4.13974,-2.702291
0.247391,0.538683,-0.503056
0.08064,-0.000766,0.461851
0.216664,-0.156444,-0.107266
8.975755,8.859231,-4.21769
-0.084754,1.33379,0.948029
0.250017,0.182182,0.350755
0.216241,-0.128542,-0.098656
1.235622,2.31416,-1.952877
-0.647963,1.826383,1.023639
0.39828,0.293183,0.266347
0.206867,-0.083857,-0.071826
-1.685276,-0.929052,0.261352
-0.565763,2.044947,2.108083
0.315752,0.293729,0.285078
0.179964,-0.00212,-0.006868
-3.306326,-6.857619,-1.395807
-0.562149,1.881876,1.450346
0.234513,0.156078,0.254397
0.164995,0.054064,0.049853
-7.256363,-2.877869,0.212777
-0.732381,1.528477,0.122039
0.075558,0.044408,0.243511
0.146975,0.099354,0.071601
-5.884522,0.353367,2.046892
-0.542697,1.473446,-0.478029
-0.13016,0.02822,0.286009
0.127521,0.141341,0.065667
-1.936818,-1.312261,-3.519524
0.383841,1.508413,-0.547353
-0.205139,0.03722,0.254733
0.120086,0.206261,0.036757
-0.697867,-3.814129,-7.58874
0.45778,1.561885,-0.627059
-0.238614,-0.074475,0.055451
0.131873,0.249039,0.021543
-0.27798,2.477416,-4.180808
-0.05156,1.717112,-1.108076
-0.235772,-0.079564,-0.09534
0.137392,0.293585,-0.002768
2.073707,6.778858,-0.409335
-0.134804,1.84762,-1.141424
-0.187601,0.082273,-0.138151
0.134312,0.345201,-0.036503
-2.004549,7.401814,-0.050967
-0.892213,1.582548,-0.814306
-0.177054,0.36076,-0.165891
0.115398,0.414515,-0.07847
-2.283461,0.693934,3.033451
-0.664517,1.698038,0.323449
-0.254215,0.461074,-0.096982
0.092741,0.460849,-0.089891
-1.459917,-10.936695,-4.097463
0.23193,1.439259,1.533442
-0.292701,0.241765,-0.13633
0.085054,0.50817,-0.064983
-1.517341,-13.127505,-6.05718
0.037833,1.452409,0.380794
-0.345558,-0.152471,-0.318312
0.093404,0.546801,-0.032081
2.128299,10.296424,6.049976
-0.295779,1.198724,-1.020987
-0.273353,-0.014774,-0.217388
0.078818,0.598981,-0.050822
5.964808,5.861058,1.530045
-0.054845,1.076252,-0.116044
-0.157958,0.164618,-0.126761
0.073932,0.629158,-0.068986
2.759739,-0.554979,-2.291842
0.769598,1.226902,1.767875
-0.054446,0.210464,-0.154237
0.087332,0.664359,-0.046442
1.160367,-7.198514,0.499844
0.550195,0.503934,-0.05576
0.048307,-0.039346,-0.175481
0.107717,0.691593,-0.027454
-0.73402,0.353444,-1.158885
0.386582,-0.587738,1.111472
-0.019876,-0.039039,-0.180404
0.118818,0.6871,-0.011271
4.563055,1.647072,-2.130653
-0.164147,-0.887327,0.546613
0.05848,-0.041464,-0.287153
0.120482,0.649341,0.03138
5.884089,-3.255851,-0.520929
0.173062,-0.430885,0.427904
0.19392,-0.054765,-0.305996
0.12113,0.628017,0.045861
-0.069709,-4.066623,1.032817
0.570722,-0.4441,-0.131816
0.257092,-0.170946,-0.273852
0.132455,0.615383,0.050802
-1.320446,-0.312935,-3.705134
0.614758,-0.752119,0.882487
0.158288,-0.156106,-0.329015
0.158024,0.586256,0.070061
-3.24847,-2.315701,-2.021254
0.433521,-0.669052,0.064036
0.052918,-0.21552,-0.41725
0.176184,0.56522,0.085025
-1.951837,0.076325,0.304059
0.402907,-0.44528,-0.529494
-0.014686,-0.227969,-0.43179
0.186139,0.549812,0.07758
0.60105,1.505249,2.178876
0.604992,-0.088594,-0.617855
-0.018708,-0.204558,-0.396592
0.198896,0.542555,0.060637
1.124993,-5.283986,-0.285227
1.333278,-0.049398,-0.229994
0.000793,-0.268801,-0.368609
0.226551,0.543088,0.050702
1.172051,3.828773,0.682573
0.926617,0.050751,-1.506517
0.004657,-0.325135,-0.427303
0.275647,0.540771,0.018836
2.605776,9.353825,2.984488
0.873842,0.291376,-1.626781
0.067262,-0.099973,-0.361898
0.300542,0.545157,-0.025726
2.912902,9.466942,3.603228
0.962085,0.415758,-1.09514
0.137366,0.143057,-0.263689
0.324976,0.553975,-0.064162
2.06631,-5.960232,-0.798168
1.590106,0.526425,0.520845
0.19048,0.153633,-0.229745
0.364928,0.570671,-0.076075
-3.21423,0.333914,-1.286843
1.196419,0.215151,-0.724274
0.114624,-0.237065,-0.350738
0.435043,0.58697,-0.070502
-3.947928,11.72978,3.893657
0.98415,-0.170683,-1.328262
0.000691,-0.020104,-0.276326
0.464001,0.586163,-0.101261
1.687503,10.582571,3.05376
1.146227,-0.595831,-0.818041
0.006764,0.274203,-0.188222
0.489143,0.575613,-0.129463
-0.684653,7.713017,1.592323
1.196968,-0.740932,0.523525
0.022009,0.542879,-0.140746
0.520548,0.553312,-0.132437
7.620098,-20.031408,0.170395
1.554865,0.47934,2.354066
0.292861,0.527908,-0.143355
0.590994,0.550245,-0.027381
-2.3058,-7.892137,0.244501
0.499532,-0.029372,1.212331
0.277204,0.211246,-0.117782
0.619175,0.555505,0.019288
-4.016305,2.233129,-2.172537
-0.983383,-0.770363,1.004974
0.16965,0.202841,-0.162236
0.606546,0.54361,0.047365
-1.578242,-20.264023,-9.157219
-0.267978,-0.880235,1.292167
0.095092,-0.154787,-0.349979
0.582997,0.522357,0.069867
-3.247101,-10.022451,-8.908062
-0.473336,-0.445011,0.366532
0.053879,-0.871886,-0.890162
0.581176,0.498487,0.143455
-1.982341,12.321936,-2.425052
-1.553564,-0.880016,-0.931721
-0.034623,-0.663597,-0.998873
0.552049,0.478096,0.136197
-1.267756,12.378652,2.529147
-1.648005,-0.851893,-0.770138
-0.014262,-0.28864,-0.964871
0.504706,0.452371,0.105749
-3.386245,2.850109,2.257004
-0.829954,-0.684902,0.144424
-0.066367,-0.115448,-0.89088
0.470921,0.434812,0.089904
0.698348,-15.690566,-2.606882
0.040764,-0.307908,0.722843
-0.138179,-0.473361,-0.957683
0.459977,0.413754,0.108844
-2.127243,-5.595334,5.785178
-0.074002,0.24257,-0.726717
-0.132207,-0.725677,-0.882408
0.459557,0.413358,0.110825
1.352256,7.848912,6.329275
0.021489,0.13214,-1.992124
-0.073421,-0.630448,-0.677352
0.457221,0.420276,0.069876
2.136231,11.292747,0.391588
0.310276,-0.145114,-1.80159
-0.052971,-0.341711,-0.606554
0.459633,0.419728,0.015056
1.965477,-2.046437,-2.621203
0.409822,-0.020065,-0.07617
0.071629,-0.083461,-0.698361
0.476581,0.421496,-0.033155
-2.616874,-20.082478,-7.467103
0.248138,-0.184398,0.821695
0.048742,-0.520838,-0.879038
0.487184,0.417199,-0.019865
-2.075233,-1.78423,-2.557617
-0.384704,0.023412,-0.808637
-0.041563,-0.792155,-0.997107
0.484822,0.413909,-0.012592
1.780287,16.990316,0.618601
-0.848458,0.317695,-1.444196
-0.016991,-0.435305,-0.995109
0.46399,0.41617,-0.04709
4.335722,3.264253,5.069119
-0.587271,1.344518,-0.431887
0.151983,-0.027423,-0.81765
0.432537,0.453577,-0.092057
0.043844,-3.595629,-0.856013
-0.216578,1.337152,0.351266
0.18981,-0.091004,-0.779446
0.421329,0.494723,-0.092802
2.058153,1.983099,-6.791639
0.130964,1.290749,0.857327
0.241718,-0.138639,-0.884745
0.420092,0.52806,-0.078815
-3.051359,-7.738685,-7.779438
0.088493,0.587184,1.582158
0.167803,-0.246333,-1.088462
0.421782,0.54737,-0.035705
-0.759887,0.496918,4.062907
0.070406,1.184676,0.625502
0.103982,-0.278974,-1.151982
0.4273,0.576338,0.031516
-4.835494,9.987432,10.8477
-0.069695,0.203966,-0.211435
-0.036209,-0.098085,-0.842587
0.429154,0.595023,0.032641
2.163862,-1.998759,2.292604
-0.065071,-0.663815,0.77221
-0.006583,-0.019197,-0.689001
0.426305,0.592257,0.031869
-0.421676,-10.63524,-7.732374
0.180334,-1.306381,1.651704
0.031352,-0.234525,-0.832913
0.426491,0.566573,0.067169
-6.397631,-4.611307,-5.050973
0.036068,-1.138975,1.017163
-0.143744,-0.408277,-1.028392
0.427788,0.527288,0.113773
-1.673443,0.79704,1.119938
0.173943,-0.705422,0.516344
-0.302982,-0.379554,-1.041891
0.429541,0.486145,0.136482
0.197536,0.620584,7.364154
0.474371,0.190579,-0.690301
-0.301554,-0.417078,-0.897725
0.440564,0.475441,0.133828
2.372744,7.155023,14.980564
0.730565,0.834267,-1.700748
-0.26437,-0.27593,-0.562534
0.45556,0.48775,0.103903
3.211628,9.727688,14.501933
1.179361,0.780604,-1.714646
-0.156044,0.009329,-0.132741
0.482304,0.513036,0.053389
-2.449175,1.309649,4.761729
1.520475,0.494788,-1.497831
-0.124315,0.167645,0.180345
0.543512,0.533932,-0.010061
-3.544387,9.503686,11.349628
1.386219,0.727743,-2.178756
-0.246581,0.380158,0.4534
0.583239,0.550978,-0.059247
3.732754,14.602788,10.89965
1.475103,0.177469,-2.337493
-0.194807,0.765648,0.782914
0.621227,0.565496,-0.123455
7.796445,7.219288,5.729511
1.634623,-0.343061,-1.36518
-0.003649,1.116652,1.006381
0.664323,0.563259,-0.178639
3.984316,-10.410686,-1.946397
1.300471,-0.789533,-0.02558
0.279318,0.90563,1.06321
0.726621,0.542016,-0.202988
-0.357175,0.833383,-3.827461
0.721405,-0.898706,-0.156208
0.272976,0.780471,0.947139
0.753556,0.516069,-0.201171
4.69285,6.884576,-2.384086
0.639771,-0.691936,0.009851
0.379025,0.945471,0.874455
0.769708,0.496978,-0.202432
-4.256775,-1.312493,-7.336942
0.530252,-0.868822,0.551858
0.356733,0.982397,0.702063
0.788054,0.474594,-0.196893
0.811579,-3.039511,-5.920104
0.339453,-0.06452,2.736611
0.191391,0.903341,0.380448
0.816404,0.451017,-0.125424
-1.515214,5.389838,0.710663
-0.375794,-0.187318,0.791902
0.166933,0.781565,0.352872
0.813678,0.451015,-0.094184
-2.229911,-11.002773,-8.984605
-0.1121,-0.538702,3.292386
0.142029,0.685582,0.188489
0.801297,0.443233,-0.03758
-1.773802,-24.042835,-10.221968
0.063369,-0.132026,1.254558
0.06613,0.015553,-0.143808
0.798865,0.432209,0.04176
0.372869,19.361839,-1.687552
-1.211687,0.173555,-0.030742
0.16328,0.213969,-0.358398
0.770693,0.433056,0.070515
2.099157,10.568306,1.89203
-1.44778,0.353773,0.836576
0.203083,0.61836,-0.338479
0.732117,0.439652,0.077316
-0.705607,-6.466179,4.201296
-0.94432,0.263344,0.693155
0.216447,0.548792,-0.247764
0.701433,0.447755,0.094206
-3.410792,-5.337142,4.786012
-0.599621,-0.067511,0.204156
0.133748,0.352346,-0.1014
0.678292,0.450222,0.110653
1.581894,-0.817172,2.871669
-0.23909,-0.656171,-0.825543
0.156033,0.28994,0.047538
0.659436,0.442643,0.097838
-13.453469,-2.304353,1.082966
0.465232,-1.161764,-0.788362
0.066367,0.37895,0.044494
0.653975,0.427638,0.07014
3.453059,-0.366633,-2.680085
0.203508,-0.37374,-1.016447
0.175988,0.290721,-0.011259
0.662586,0.414359,0.033439
-0.955827,-6.275167,-3.744767
0.139415,-0.361133,-0.994609
0.117538,0.088911,-0.103186
0.66872,0.401396,0.002887
0.041079,0.635667,-2.509133
-0.278598,0.000134,-1.644536
0.16009,0.021293,-0.227484
0.66455,0.394562,-0.045671
1.019481,4.832648,-1.567733
-0.087665,0.021071,-1.701516
0.154906,0.13956,-0.284206
0.657847,0.394491,-0.095479
1.338768,3.634968,-3.029183
-0.085062,-0.082663,-1.512669
0.201453,0.257894,-0.35794
0.656993,0.3948,-0.139748
4.786007,1.041431,-6.888523
-0.253311,-0.005382,-0.49449
0.286882,0.301169,-0.523026
0.650408,0.393424,-0.174461
2.611131,-5.647987,-3.423195
0.595357,0.274868,0.874202
0.546637,0.210281,-0.756032
0.658182,0.399336,-0.170261
-2.347867,6.003971,0.354637
0.65703,-0.07682,1.093142
0.501466,0.136734,-0.756437
0.675422,0.401903,-0.14982
-3.277454,-3.299747,1.202085
0.333041,-0.219234,1.495894
0.437219,0.19754,-0.737838
0.689186,0.395892,-0.10737
-4.393298,-4.772058,3.691434
0.018652,-1.010814,1.832338
0.276483,0.081433,-0.636196
0.693507,0.37634,-0.060518
-6.097682,-4.193131,4.77824
-0.35891,-1.558073,1.622094
0.110139,-0.168697,-0.471289
0.688836,0.320851,0.013118
-4.218094,5.419607,5.343034
-1.100692,-1.531709,1.648795
-0.015123,-0.071823,-0.316453
0.668125,0.277355,0.060604
3.446884,1.963534,2.088485
-1.480345,-1.725136,1.607432
-0.029125,0.012289,-0.214978
0.631055,0.233669,0.102335
6.297699,-5.182864,-1.256547
-1.240931,-1.466439,1.119774
0.148081,-0.093325,-0.229778
0.590227,0.189347,0.136982
5.104954,-7.807509,-1.248923
-0.868903,-0.886298,0.397644
0.319634,-0.29344,-0.26501
0.561986,0.155792,0.159977
-2.963423,-2.674275,0.88723
-0.562845,-0.250914,-0.412723
0.281885,-0.470306,-0.26493
0.532011,0.130866,0.159601
-4.150242,-1.330392,0.977174
-0.183931,-0.25991,-0.706245
0.169051,-0.520247,-0.222415
0.521385,0.123947,0.142811
-1.365021,-3.708352,0.491368
0.472858,-0.455494,-1.045787
0.113498,-0.60639,-0.200354
0.525528,0.114824,0.116841
1.448784,-3.068188,0.852361
0.868819,-0.624087,-1.326226
0.127871,-0.699233,-0.184057
0.545022,0.100424,0.085537
0.908563,3.736667,2.346437
1.036797,-0.951339,-1.448986
0.153391,-0.636073,-0.102611
0.585236,0.06677,0.026636
-1.177423,1.289359,1.583133
0.969217,-1.12461,-1.52166
0.134657,-0.571988,-0.049943
0.614181,0.036494,-0.016009
-0.726588,5.838634,1.249264
0.674306,-1.284715,-1.16985
0.109952,-0.468391,-0.016093
0.63601,0.004729,-0.052125
-1.259382,8.378169,2.003448
0.238558,-1.51062,-0.951292
0.087554,-0.264882,0.026613
0.648615,-0.032564,-0.078185
-0.039953,6.399462,0.457884
0.112065,-1.554374,-0.003216
0.00037,0.082423,0.080828
0.650539,-0.099284,-0.107534
2.831223,4.379131,-1.571837
0.544607,-1.620108,1.48409
0.052068,0.233523,0.06231
0.661566,-0.142008,-0.086517
-4.868846,-6.70363,-1.423209
0.159937,-1.048873,-0.385254
0.000828,0.078296,0.010753
0.671439,-0.17945,-0.067814
2.623239,8.416372,-3.449429
0.047384,-0.693566,1.748623
0.013387,0.353656,-0.065872
0.67276,-0.203774,-0.042593
4.498797,-8.902707,-1.742995
-1.382135,0.280879,-0.487637
0.055956,0.075338,-0.134775
0.650374,-0.210364,-0.020893
3.939182,3.966109,-1.944528
-1.840641,0.669811,-0.261828
0.187788,0.08345,-0.191665
0.60149,-0.196078,-0.031219
0.561272,2.620336,-1.659791
-1.492086,0.393042,0.991402
0.217599,0.186111,-0.23858
0.558325,-0.181453,-0.020783
-5.346817,-2.758808,-2.799641
-1.841255,0.159131,1.241643
0.115973,0.140418,-0.315159
0.511288,-0.174283,0.015949
-1.959824,-1.772728,0.280158
-2.286743,0.179456,0.81752
0.005777,0.106537,-0.358605
0.417403,-0.164327,0.061629
1.605407,-5.885402,0.824939
-2.128662,-0.168131,0.200292
0.007392,-0.030722,-0.347524
0.357653,-0.162578,0.074559
4.339929,-2.84626,-3.687772
-2.585742,-0.487726,-0.150624
0.113358,-0.129493,-0.413855
0.297037,-0.167606,0.075869
3.052216,0.098692,-8.736228
-3.02074,-0.61394,-0.405413
0.196618,-0.161637,-0.604676
0.218181,-0.18247,0.068854
0.59939,1.817163,-8.889423
-3.122645,0.003074,-0.415397
0.284478,-0.117992,-0.990597
0.085007,-0.197715,0.045545
-2.672572,-2.555506,-8.052373
-3.00882,0.423097,-0.241542
0.247658,-0.161507,-1.212887
-0.00104,-0.191661,0.03507
-2.95989,1.497215,-9.394817
-3.514786,1.091187,-0.624699
0.164279,-0.182806,-1.444712
-0.087795,-0.172461,0.025354
2.155977,5.572289,-4.917015
-3.298502,1.840249,-0.127559
0.155254,-0.011039,-1.626357
-0.184002,-0.132252,0.012624
2.210707,-7.566841,-0.183378
-1.771746,1.709783,0.778644
0.29272,-0.147695,-1.675442
-0.289263,-0.052197,0.022731
2.473947,-9.56738,-4.17468
-0.867703,1.352915,0.313179
0.367611,-0.429798,-1.769435
-0.326702,-0.007504,0.041897
-1.297579,-2.928561,-2.423989
-0.390241,1.194996,-0.634006
0.352139,-0.554806,-1.866183
-0.345243,0.028462,0.042345
0.927188,5.715377,-4.842522
-0.117325,0.727574,-1.239756
0.347234,-0.474747,-1.968697
-0.352405,0.056867,0.016751
3.976943,12.713275,-5.260228
0.074335,0.163159,-0.284903
0.441447,-0.147544,-2.197517
-0.352825,0.078871,-0.036064
3.734044,-0.032402,-2.611097
0.310966,-0.422022,0.523676
0.562212,-0.050826,-2.307883
-0.343167,0.070011,-0.034107
0.842878,-3.427176,4.752491
-0.439065,-0.305048,-0.641531
0.583003,-0.187489,-2.249446
-0.34239,0.057977,-0.039326
-3.09317,4.308803,2.452447
-1.141732,-0.69486,-0.308568
0.599971,-0.14441,-2.150868
-0.367044,0.047471,-0.058015
-11.079348,-1.393843,8.370921
-1.454746,-0.872776,1.373196
0.121712,-0.185227,-1.956222
-0.422539,0.003514,-0.022383
0.193163,6.833967,9.672853
-1.992941,-0.067981,0.762915
0.021578,-0.058284,-1.659575
-0.472222,-0.006921,0.009266
1.634784,1.236973,4.572284
-2.565884,-0.547464,1.615591
0.071303,0.08609,-1.477486
-0.535233,-0.011983,0.038983
-6.187768,-16.200249,-5.551998
-2.640512,-1.254556,1.930414
-0.093115,-0.17321,-1.545087
-0.60807,-0.032422,0.088011
0.701798,4.189494,0.888498
-1.535216,-0.023012,-0.55894
0.330684,-0.412385,-1.58371
-0.681217,-0.044293,0.106735
5.698179,6.674748,3.085616
-0.989594,0.065635,-0.61818
0.461908,-0.257704,-1.522169
-0.719966,-0.044332,0.082018
0.789164,-3.267615,2.310125
-0.902212,-0.374052,-0.567411
0.48545,-0.288104,-1.441102
-0.745414,-0.051177,0.066029
-3.373959,3.870292,2.531978
-0.677037,-0.125086,-0.767852
0.464217,-0.242045,-1.388469
-0.767575,-0.056611,0.050058
-3.348655,-2.315701,5.29247
-0.752748,-0.504751,-0.079577
0.318161,-0.210683,-1.245181
-0.789241,-0.066765,0.035289
0.115764,0.500424,3.729014
-0.769035,-0.106131,-0.529421
0.351893,-0.289369,-1.045633
-0.819063,-0.081598,0.023547
-0.479585,3.364614,3.227829
-0.690585,0.06861,-0.52125
0.356147,-0.206698,-0.935027
-0.840398,-0.081426,0.008638
1.077306,0.003696,2.147948
-0.60766,-0.052033,-0.521581
0.360654,-0.172896,-0.861763
-0.857951,-0.081508,-0.005391
-0.569762,-0.712663,1.700175
-0.47297,-0.14835,-0.545045
0.372394,-0.176418,-0.810019
-0.873936,-0.084612,-0.019556
-0.643106,3.673104,3.461114
-0.485132,-0.388438,-0.257888
0.315482,-0.087249,-0.682176
-0.893058,-0.094607,-0.032233
0.606763,2.607679,0.939325
-0.636396,-0.534972,-0.691596
0.333561,0.008016,-0.630162
-0.908264,-0.106755,-0.043519
-1.904583,2.063811,-2.274725
-0.921192,-0.610039,-1.189358
0.304738,0.091612,-0.665314
-0.930321,-0.122674,-0.067619
-4.830802,7.374952,-2.282994
-0.837507,-0.602688,-1.441587
0.19643,0.224715,-0.733599
-0.954591,-0.136882,-0.102077
-4.396577,4.998656,-1.986322
-0.491938,-0.557004,-0.294512
0.022156,0.605886,-0.798403
-0.984866,-0.168185,-0.142785
-1.063406,-2.282812,-0.697501
-0.626345,-0.712526,1.215207
-0.082785,0.608121,-0.877899
-0.995921,-0.181616,-0.130061
3.752168,-3.979332,-3.590612
0.472405,-0.020277,1.165985
-0.061131,0.482372,-0.978649
-0.996454,-0.192094,-0.086608
6.128033,3.842616,0.506087
1.376199,-0.489955,0.733423
0.195033,0.502835,-1.005219
-0.958826,-0.193619,-0.05839
2.755837,1.868614,3.793819
1.926261,-1.160041,0.763807
0.297445,0.630401,-0.92302
-0.914272,-0.221578,-0.026762
-4.362626,2.919474,6.876112
2.035131,-0.478715,-1.185456
0.245451,0.666229,-0.763627
-0.858143,-0.24503,-0.034368
-7.042683,-0.090174,4.412047
1.85727,-0.117096,0.484533
0.078834,0.794802,-0.632208
-0.795787,-0.247822,-0.049856
-3.076881,-10.860059,5.438121
1.262077,-0.682281,0.838603
-0.052523,0.514227,-0.489405
-0.752364,-0.261435,-0.033648
3.865801,-0.242441,1.993674
1.045515,-0.423739,-0.783608
-0.004033,0.2535,-0.36095
-0.707243,-0.284357,-0.030341
2.384298,5.737516,0.634465
0.976727,-0.397575,-1.276498
0.085136,0.36973,-0.335826
-0.679348,-0.295052,-0.059185
-0.627904,5.046453,-1.713513
0.972691,-0.263253,-1.402349
0.087265,0.550541,-0.362735
-0.651733,-0.304695,-0.098525
-0.710959,3.425022,-1.362539
0.809148,-0.562527,-0.110898
0.05947,0.686241,-0.400864
-0.627856,-0.313449,-0.121334
3.070818,-11.596244,-0.798766
0.672058,-1.098818,0.287046
0.14396,0.37934,-0.424078
-0.599633,-0.354529,-0.107754
0.600975,-2.464046,-1.099076
0.656957,-0.75254,0.20051
0.189049,0.229598,-0.454303
-0.582183,-0.379516,-0.101954
-1.939644,-2.87295,0.359528
0.73129,-0.59493,0.359755
0.132813,0.145653,-0.464067
-0.562469,-0.399744,-0.093001
-1.442742,-3.363029,1.193159
0.631565,-0.680249,0.55934
0.096936,0.076113,-0.433874
-0.543631,-0.415854,-0.081648
0.655778,-4.969356,1.630486
0.614347,-0.728065,0.195889
0.118981,-0.14991,-0.377941
-0.518288,-0.448093,-0.062876
-1.475861,-2.536556,1.487161
0.557866,-0.557065,-0.001523
0.083421,-0.219478,-0.33396
-0.502423,-0.465364,-0.058531
4.0123,2.074797,-1.823181
0.708229,-0.269227,-0.15291
0.154288,-0.225125,-0.346092
-0.483353,-0.477741,-0.060477
-0.264007,4.420161,-2.545386
0.645852,-0.06992,-0.060326
0.197603,-0.120575,-0.409205
-0.465397,-0.482693,-0.063619
-1.102311,2.671191,-0.660138
0.300843,-0.588063,1.181529
0.135275,0.01266,-0.466778
-0.446677,-0.493001,-0.045858
1.341429,2.504399,-1.544971
-0.244281,-1.272714,2.291139
0.164481,0.070627,-0.499002
-0.444376,-0.5186,0.004195
-1.889805,-7.078993,-0.230903
-0.170159,-1.043522,1.522794
0.160332,0.00589,-0.527839
-0.453783,-0.555483,0.064599
-8.452023,-4.006031,4.943406
0.054471,0.136304,0.011014
-0.031126,-0.147884,-0.432066
-0.456171,-0.565726,0.083403
2.694366,4.581763,5.50075
-0.58834,-0.275062,0.111586
-0.120014,-0.056196,-0.169763
-0.463474,-0.562257,0.075104
4.554732,-0.407777,3.589118
-0.331236,-0.022086,-0.442909
0.004025,-0.02587,-0.075683
-0.475108,-0.568492,0.072689
-1.867556,5.711831,3.773019
-0.016164,0.659579,-0.552428
0.006366,0.078125,0.024458
-0.481073,-0.559183,0.059872
-1.916567,5.511723,5.42946
0.201078,0.954829,-0.145315
-0.055882,0.290731,0.177363
-0.478294,-0.534836,0.049299
2.501301,-7.862285,0.917868
-0.185148,0.537861,0.377659
-0.03525,0.146451,0.329165
-0.4728,-0.50048,0.048057
4.30231,-10.670177,-2.006237
-0.495766,0.026281,0.089552
0.076668,-0.108847,0.294972
-0.480947,-0.493653,0.05546
-0.42662,-7.527257,-1.362354
-0.765559,-0.373023,-0.66027
0.116498,-0.338221,0.247547
-0.499813,-0.499523,0.050327
-1.544835,0.064442,0.671813
-0.771423,-0.350988,-1.790985
0.072754,-0.401179,0.253508
-0.524619,-0.511407,0.017193
-4.086246,8.527331,1.101958
-0.760878,-0.043003,-1.467753
-0.053753,-0.054164,0.309612
-0.557938,-0.517685,-0.056146
-1.058395,3.646831,1.768282
-0.764194,-0.160188,-0.854335
-0.108532,0.078727,0.350579
-0.577652,-0.519887,-0.089372
-0.924393,-1.968256,2.661384
-0.896197,-0.294497,-0.524547
-0.127478,0.069412,0.414622
-0.600961,-0.527248,-0.109462
-3.020529,-1.284845,3.363942
-0.776589,0.046243,-0.483583
-0.19517,-0.000661,0.496427
-0.624756,-0.530397,-0.124146
-0.990733,-1.531006,3.94545
-0.914462,-0.246586,0.404611
-0.268206,0.038774,0.662645
-0.659227,-0.529425,-0.122249
0.250374,-5.279839,2.218863
-0.821295,-0.538452,0.623806
-0.272351,-0.076134,0.726995
-0.681395,-0.541108,-0.10857
0.351413,8.833289,0.796592
-0.714872,-0.486338,1.009135
-0.285462,-0.032334,0.764589
-0.702233,-0.553249,-0.086571
1.044392,-2.031986,-0.444392
-0.252633,-0.24779,0.787037
-0.281521,0.057999,0.760627
-0.716289,-0.562892,-0.052363
4.649151,2.295693,-6.012503
0.552899,-0.406829,1.789843
-0.169497,0.099586,0.643791
-0.710767,-0.569265,-0.015523
-2.373305,-5.326673,-4.087001
1.536721,-0.526906,1.220177
-0.197008,-0.056852,0.420846
-0.665263,-0.590686,0.053021
-1.420405,-1.427878,-2.433866
2.214111,0.019599,0.114625
-0.231692,-0.142145,0.331013
-0.615277,-0.597014,0.072394
1.436706,7.588047,0.164863
2.80068,-0.008275,0.527306
-0.24259,0.013383,0.315959
-0.545707,-0.595045,0.081536
-0.730615,2.625888,3.586065
2.94117,-0.061715,0.306458
-0.213709,0.148821,0.384892
-0.46388,-0.597289,0.092907
-7.040193,-4.132967,4.220252
2.708843,0.53946,0.063219
-0.455253,0.063984,0.553104
-0.348362,-0.58989,0.103943
-1.864414,-1.511384,3.591256
2.476623,0.80678,-0.199916
-0.563972,-0.008494,0.657001
-0.275327,-0.570011,0.10237
-0.167643,1.072596,2.115682
2.253285,0.957384,-0.438684
-0.567442,0.003137,0.728223
-0.208687,-0.544582,0.093583
0.43465,-0.750484,1.388472
1.966737,0.616477,-0.189976
-0.571423,0.016966,0.773994
-0.151342,-0.522367,0.084978
-0.499468,-2.356972,2.581751
1.894621,0.659931,-0.780516
-0.560597,-0.124884,0.867631
-0.069947,-0.49969,0.064663
0.037706,2.741569,3.336948
1.895802,0.808355,-0.815864
-0.569619,-0.082301,0.945469
-0.019265,-0.479507,0.044162
2.341504,3.567823,1.857094
1.781112,0.526245,-0.295664
-0.525534,0.020925,1.011811
0.030293,-0.460708,0.028221
1.230346,-3.867025,0.791218
1.748976,0.087244,-0.228952
-0.455237,-0.015641,1.049436
0.079902,-0.452719,0.018055
-1.96471,-1.494562,2.039752
1.724723,0.130539,-0.151545
-0.556041,-0.186076,1.125151
0.152175,-0.451839,0.014717
-0.358211,2.388363,1.463617
1.498091,-0.015371,-0.089253
-0.573172,-0.136886,1.168157
0.19548,-0.448853,0.01293
-0.604535,-0.923601,-0.312679
1.252332,-0.321519,-0.358127
-0.599555,-0.137437,1.178264
0.234192,-0.454802,0.007085
0.304315,2.672897,-0.410598
1.005472,-0.391598,-0.865549
-0.597976,-0.100219,1.166692
0.264701,-0.465185,-0.008606
0.590369,7.563825,-0.449601
0.549544,-0.389629,-1.574752
-0.607828,0.159531,1.147786
0.296925,-0.480361,-0.056721
2.301544,6.096819,-2.834454
0.308952,-0.530371,-0.612219
-0.548632,0.357352,1.088963
0.308535,-0.490422,-0.091262
5.822043,-0.485374,-4.055275
0.552309,-1.548113,2.091731
-0.431664,0.472216,0.980826
0.320554,-0.519093,-0.066811
-0.746073,-11.989131,-2.971646
0.209011,-0.765888,0.246122
-0.351192,0.152776,0.885485
0.333574,-0.557967,-0.02935
1.197945,7.669517,-2.883419
-0.533303,0.411471,-1.351422
-0.403726,0.249744,0.777685
0.322729,-0.55565,-0.056356
5.185242,10.508148,-5.036693
-0.479141,0.254698,-1.05642
-0.292428,0.512583,0.657536
0.308447,-0.542912,-0.093773
4.027017,4.99507,-5.73837
-0.174752,-0.001006,0.057176
-0.137164,0.690604,0.490473
0.299501,-0.539961,-0.108633
-1.139323,3.245783,-2.492694
-0.207582,0.240159,0.21045
-0.123905,0.774558,0.387578
0.29363,-0.537491,-0.105513
-2.383836,-1.281476,-0.130957
-0.275211,0.366931,1.095644
-0.205758,0.858127,0.358872
0.282673,-0.52191,-0.073102
-0.958198,-3.527272,-0.284806
-0.236996,0.010176,0.767297
-0.224404,0.786184,0.353662
0.275438,-0.517274,-0.046886
-1.324386,0.41139,0.832464
-0.35166,0.117051,0.576808
-0.252423,0.743085,0.377429
0.266802,-0.516508,-0.030054
1.540493,-5.865745,1.291209
-0.13454,-0.61618,0.531754
-0.241115,0.67364,0.424659
0.257879,-0.522942,-0.013983
1.023193,-7.467597,0.757538
-0.067063,-1.132302,-0.523067
-0.221057,0.315791,0.46841
0.255398,-0.564945,-0.011791
2.412173,0.1363,-0.093363
-0.216312,-1.036936,-1.040868
-0.174268,0.262739,0.470392
0.25147,-0.59478,-0.031824
1.007769,-0.497117,0.177669
-0.156939,-1.209389,-0.889515
-0.132421,0.278917,0.471697
0.245086,-0.62499,-0.060063
0.025278,-4.486516,0.227281
-0.137029,-1.421913,-0.719975
-0.116092,0.187108,0.479461
0.241411,-0.662704,-0.080957
0.198771,1.737801,0.850451
-0.525826,-0.722447,-0.778504
-0.12344,0.156349,0.51239
0.226583,-0.704713,-0.112338
0.290796,-1.133476,0.990383
-0.462179,-0.906953,0.045193
-0.118856,0.185975,0.546372
0.211032,-0.727189,-0.123435
-0.220756,-5.610016,0.682679
-0.603663,-0.664523,-0.103777
-0.110556,0.053891,0.565823
0.19672,-0.750561,-0.123088
-3.452041,1.663787,1.537241
-0.861994,0.03632,-0.28776
-0.188973,0.033059,0.598176
0.174611,-0.759338,-0.125358
1.112119,-0.828288,-4.29734
-0.145379,-1.248118,1.366447
-0.216018,0.358056,0.558684
0.155003,-0.780606,-0.090788
1.394485,1.339401,-10.858229
0.211357,-0.479456,1.932227
-0.199266,0.313525,0.307675
0.155882,-0.807575,-0.048992
2.019724,5.919652,-2.177554
0.954113,1.178267,1.543357
-0.163167,0.370518,0.15856
0.170512,-0.79566,-0.010143
1.93763,-6.966797,1.927831
1.552314,1.069869,1.237895
-0.111017,0.316199,0.210301
0.204993,-0.764095,0.024466
-2.607035,1.599841,0.066689
1.433441,1.998836,0.706177
-0.175621,0.131374,0.206666
0.267276,-0.711507,0.067755
-3.047345,7.65467,5.160398
1.378113,2.671243,0.392878
-0.264719,0.337167,0.308091
0.30857,-0.63994,0.08661
-5.496784,-2.192485,3.594672
1.308533,1.892248,-0.148552
-0.401324,0.371548,0.443788
0.343195,-0.577156,0.086874
-2.205875,-9.433958,-0.541547
1.372783,0.715642,-0.473824
-0.520007,0.164348,0.467742
0.380468,-0.543576,0.07782
5.320826,0.944169,-0.877543
1.099728,1.228815,-1.641238
-0.366627,-0.013025,0.40752
0.434488,-0.503213,0.032945
2.728927,4.647616,-1.112347
1.114777,0.878115,-1.379548
-0.253833,0.123052,0.37704
0.466571,-0.470963,-0.012523
0.620267,-2.156415,-2.10789
1.338556,0.796106,-1.216348
-0.213361,0.129786,0.326321
0.499192,-0.45062,-0.0474
1.705107,2.254426,-0.715028
1.415899,0.877277,-0.905432
-0.192055,0.157059,0.302645
0.537327,-0.427044,-0.076288
3.193238,-5.420649,-6.56887
1.655884,-0.192944,0.47296
-0.084976,0.156275,0.147537
0.600408,-0.408677,-0.086678
1.645252,-9.458347,-6.552639
1.853826,-0.000522,0.447587
-0.013464,-0.108522,-0.06413
0.649373,-0.413184,-0.072472
-0.458373,-5.204323,-3.927029
1.832739,-0.144123,0.782213
-0.033446,-0.265301,-0.18959
0.699157,-0.415115,-0.055306
2.090156,-4.955434,-6.147216
1.50858,0.00846,0.275029
0.014895,-0.432963,-0.340947
0.747595,-0.416799,-0.039501
2.900045,1.171778,-2.743842
1.072868,0.308863,-0.309201
0.095872,-0.458829,-0.45102
0.783352,-0.413326,-0.038904
-0.232228,8.42201,0.544199
0.437928,0.736869,-0.427489
0.120349,-0.225277,-0.479241
0.80994,-0.391031,-0.060571
5.348874,3.490579,-1.8348
0.616305,-0.025589,0.681729
0.205226,-0.059954,-0.501582
0.824656,-0.376169,-0.05936
5.608728,-10.482944,-5.47902
0.472078,-0.528174,1.202779
0.417284,-0.201131,-0.63507
0.843331,-0.385505,-0.030919
0.027882,1.565796,-4.472815
-0.782634,-0.485332,2.019057
0.415178,-0.360379,-0.767269
0.837635,-0.399671,0.008758
5.204819,-11.400871,-5.109258
-1.001413,-0.977612,2.919692
0.67017,-0.489485,-0.988652
0.79823,-0.431226,0.121832
-2.40766,-20.623474,-3.394388
-1.673258,-0.878828,1.341579
0.662697,-1.035821,-1.091552
0.758965,-0.459857,0.180396
-0.012388,-2.331696,-3.14358
-2.414363,-0.202207,0.219614
0.634135,-1.33821,-1.17921
0.701401,-0.476946,0.203218
-1.680073,12.295748,-1.377722
-2.548378,0.317066,0.091367
0.605136,-1.082252,-1.241233
0.632903,-0.475326,0.209789
-0.361079,-0.825283,1.41113
-1.944548,0.150643,0.684197
0.516601,-0.816763,-1.217048
0.535593,-0.463092,0.225541
0.701965,-3.86025,2.042238
-1.463273,0.384273,0.181599
0.546372,-0.929121,-1.160825
0.487584,-0.456729,0.234783
-1.174125,-2.932811,5.404335
-1.310779,0.633025,-0.507146
0.509016,-1.0286,-1.027772
0.447502,-0.445473,0.229249
4.690147,-0.348196,5.716227
-1.082596,0.399789,-0.605816
0.569841,-1.033277,-0.875189
0.415124,-0.429184,0.216126
-1.733756,-4.417429,2.359309
-0.573856,-0.367047,-1.295798
0.594004,-1.137163,-0.745582
0.381658,-0.431465,0.182053
-2.308368,0.803902,1.887005
-0.587584,-0.297863,-1.183635
0.528469,-1.134905,-0.68263
0.36578,-0.440176,0.146521
1.101708,0.305378,1.87051
-0.545716,-0.512639,-1.024544
0.545892,-1.11087,-0.640446
0.350513,-0.451655,0.116682
-2.687354,2.736427,2.647468
-0.538055,-0.551913,-1.20069
0.514561,-1.03375,-0.592772
0.335934,-0.466268,0.091394
-2.489457,5.528724,3.773138
-0.433852,-0.857251,-0.287752
0.4029,-0.748823,-0.480984
0.315611,-0.491663,0.052885
-2.675931,-0.307093,2.085103
-0.34839,-1.144456,-0.377852
0.342415,-0.762631,-0.415015
0.306651,-0.521329,0.042434
-3.545615,3.630426,-0.120392
-0.361244,-0.936475,-0.673861
0.23221,-0.707276,-0.400778
0.296129,-0.550874,0.02943
2.381052,6.635986,-0.488308
-0.20073,-0.564403,-0.556452
0.248968,-0.56189,-0.406908
0.288493,-0.570463,0.01119
4.851707,7.031015,-1.100481
-0.00178,-1.757676,1.179954
0.334461,-0.335987,-0.412046
0.280892,-0.613989,0.017991
-2.151058,-1.646713,0.433018
0.41928,-0.972146,0.247228
0.423706,-0.305801,-0.445659
0.286167,-0.654161,0.049679
-1.446674,7.102356,-2.854848
0.181354,-0.073416,1.350352
0.324355,-0.075078,-0.49038
0.294965,-0.666999,0.077184
-4.011663,-2.857712,-3.719756
0.213095,0.632512,0.908016
0.235429,-0.080532,-0.606337
0.301847,-0.660569,0.104364
0.496125,-0.465925,1.057393
0.557187,0.83248,-0.802233
0.13634,-0.338055,-0.608478
0.319362,-0.620525,0.09673
0.194757,11.233776,2.319313
0.556343,0.648692,-0.760481
0.180787,-0.094409,-0.563844
0.335351,-0.599994,0.077374
-4.662333,13.052123,3.861325
0.22452,0.845789,-0.853527
0.077507,0.241396,-0.457331
0.345566,-0.582619,0.053289
-4.467669,4.45605,2.167303
-0.041794,0.752559,-0.386483
-0.033831,0.434913,-0.386262
0.348407,-0.561716,0.029592
-2.279641,-6.020606,2.52979
-0.226532,0.223498,0.249687
-0.156336,0.300029,-0.315234
0.346751,-0.541186,0.034632
3.335637,0.201651,-0.033511
-0.34091,0.312628,-0.667747
-0.115948,0.2258,-0.29517
0.340527,-0.532078,0.029408
-1.090782,2.049347,-1.219837
-0.364405,0.393317,-0.976332
-0.09192,0.292386,-0.329371
0.330393,-0.522257,0.006774
-1.094302,-1.373947,-0.284273
-0.056576,0.222907,-0.656717
-0.138363,0.286978,-0.354946
0.325177,-0.512132,-0.0152
-0.889615,3.705702,1.680918
0.219365,0.360949,-1.121489
-0.16427,0.384204,-0.321108
0.332081,-0.500372,-0.046324
-0.211818,5.639767,-1.112033
0.049743,0.468406,-0.901673
-0.174351,0.571599,-0.329681
0.336582,-0.487106,-0.076293
-1.377914,-2.226727,-1.972842
0.236352,0.247017,-0.337548
-0.223026,0.588614,-0.380596
0.340391,-0.476072,-0.093172
-1.465417,-2.126382,0.131909
0.637696,0.294248,-0.66404
-0.232339,0.521829,-0.40084
0.352209,-0.470144,-0.104952
4.746723,-2.368424,1.523035
0.812196,0.19,0.066327
-0.105437,0.513858,-0.333513
0.384793,-0.452257,-0.120606
3.092572,-8.444888,-0.845446
0.687545,-0.134536,-0.181985
-0.011317,0.327983,-0.326716
0.404638,-0.453278,-0.119824
-1.073439,-3.566222,0.567744
0.556546,-0.121521,-1.12545
-0.01219,0.178036,-0.319881
0.419828,-0.456773,-0.136532
-0.942956,8.337996,0.638955
-0.138232,-0.322717,-0.83626
-0.033016,0.317714,-0.289154
0.426927,-0.46187,-0.167036
1.43719,9.911594,-0.835897
-0.647694,-0.759198,1.018084
-0.01072,0.589565,-0.308682
0.417371,-0.475819,-0.166593
5.137642,-6.49702,0.113597
-0.902854,-1.323909,1.492986
0.122935,0.424193,-0.313247
0.383716,-0.526561,-0.11071
-3.989309,-4.279849,0.497684
-1.197248,-0.506976,1.297151
0.113263,0.264854,-0.310508
0.352942,-0.552177,-0.072587
-5.890927,-1.592567,2.996501
-1.594984,-0.250578,1.698728
-0.110602,0.21068,-0.233814
0.30877,-0.562023,-0.025268
2.735539,-2.350136,1.671044
-1.789753,0.218464,1.06344
-0.109823,0.128656,-0.170482
0.264456,-0.56243,0.010294
2.665608,1.778906,0.696951
-1.514436,1.427753,0.442805
0.028957,0.11093,-0.133153
0.193162,-0.520883,0.042329
-0.736669,-0.284585,2.627135
-1.362062,1.11344,0.500468
0.060087,0.129375,-0.091282
0.153533,-0.484634,0.054237
-0.249117,-3.251418,2.195158
-1.465615,0.966658,0.355464
0.018364,0.039669,-0.018589
0.113234,-0.458243,0.067818
0.996704,0.41004,1.19205
-1.376005,1.25998,-0.042702
0.045592,0.018826,0.028518
0.073581,-0.426245,0.070938
-0.810132,-3.048076,1.382866
-1.078438,0.72905,-0.236629
0.047498,-0.039788,0.072821
0.019993,-0.381136,0.064791
-3.246434,-0.331423,3.493237
-0.831373,0.379653,-0.399701
-0.014431,-0.075909,0.142979
-0.005263,-0.36732,0.058016
-1.03536,-0.219853,4.221742
-0.962568,0.008509,-0.526886
-0.095793,-0.092617,0.276248
-0.030326,-0.361113,0.041743
-0.471924,-1.859069,4.192393
-1.061341,-0.24481,-0.826443
-0.08445,-0.135604,0.393649
-0.058641,-0.365204,0.024463
-2.396285,2.831816,4.945963
-1.356599,-0.111253,-1.462425
-0.174145,-0.076781,0.604883
-0.10763,-0.376347,-0.022813
-3.009784,3.615481,3.105212
-1.688721,0.12916,-1.383128
-0.251134,-0.000988,0.704469
-0.149124,-0.374766,-0.062933
1.064349,4.420119,0.87913
-1.640707,-0.329789,-0.57511
-0.270812,0.055651,0.768798
-0.199453,-0.376467,-0.098518
-1.638069,1.789456,-0.288726
-1.161009,-0.290513,-0.247787
-0.263154,0.052279,0.781353
-0.239202,-0.386212,-0.113577
-4.626064,1.913091,0.51559
-0.553488,0.992602,-0.717445
-0.384614,0.088725,0.786192
-0.273807,-0.380244,-0.122775
-2.148394,7.905925,0.611569
-0.365905,1.368026,0.032588
-0.484131,0.301264,0.797655
-0.285595,-0.344988,-0.131336
2.342703,6.9258,-1.169635
0.355821,1.031768,2.100333
-0.439791,0.507801,0.778451
-0.285048,-0.312171,-0.106536
2.358629,-8.76172,4.161839
1.024099,1.270649,2.075443
-0.365743,0.364754,0.845291
-0.263441,-0.281082,-0.041913
1.577152,-4.531738,4.687592
1.603353,1.597943,0.566492
-0.267384,0.07102,1.044729
-0.212173,-0.219839,0.010426
-4.241634,1.097911,8.74268
2.435946,2.062263,0.079956
-0.331517,0.037883,1.248673
-0.15768,-0.173088,0.019657
-6.264531,8.002909,14.422029
2.929304,3.504183,-0.116532
-0.495169,0.179819,1.592355
-0.086018,-0.099646,0.019251
-2.852,7.823194,14.671848
2.599544,3.928019,0.355735
-0.604302,0.441742,2.02346
-0.005129,0.01181,0.018498
-6.703216,-16.616585,12.634246
2.250248,3.420035,1.315874
-0.803524,0.076786,2.534494
0.0911,0.157411,0.059531
-4.696548,-6.894346,17.949263
1.753659,4.067592,1.091191
-0.973748,-0.222722,2.997494
0.14716,0.258868,0.094867
0.461124,-2.988565,13.910773
0.409427,3.879859,0.845913
-1.002813,-0.322958,3.448701
0.180392,0.37293,0.121091
1.734361,-2.870275,0.72639
-0.752538,3.361575,0.510349
-0.948122,-0.390218,3.576641
0.174656,0.478852,0.143958
0.253618,2.558556,2.147892
-0.854481,3.497812,0.534321
-0.939385,-0.357468,3.601984
0.151982,0.570102,0.159206
-3.973137,-0.953444,-0.260695
-1.393164,2.467153,0.261473
-0.991329,-0.317292,3.712497
0.107506,0.69543,0.172802
1.034605,-1.457036,-5.565042
-1.70301,2.071236,-0.194426
-1.02369,-0.363228,3.59509
0.065839,0.759629,0.174792
1.509828,3.256224,-6.750752
-1.992558,1.820503,-0.994698
-0.958934,-0.321635,3.410228
0.014537,0.815502,0.157741
-3.379781,-1.364058,-4.608092
-1.473815,1.128958,-0.454186
-1.07617,-0.228459,3.17434
-0.061702,0.876818,0.12287
7.220661,-0.687924,-8.365442
-1.439194,0.917056,-1.028947
-0.927379,-0.275722,2.977865
-0.101452,0.909951,0.102413
0.457081,6.989256,-10.246422
-1.615781,0.535842,-1.39813
-0.854271,-0.160787,2.718964
-0.144938,0.928209,0.068831
-0.808852,6.060065,-7.020266
-1.190502,0.854509,-0.73431
-0.865959,-0.003778,2.481081
-0.183775,0.946428,0.034932
5.890694,-0.679252,-7.488933
-0.472566,0.613076,-0.930153
-0.666992,0.003333,2.243435
-0.21203,0.981342,0.001312
-2.871366,2.011248,-7.129232
-0.74823,0.649766,-1.017444
-0.652872,0.043856,2.032114
-0.224919,0.995045,-0.025312
-6.652142,4.682606,1.63061
-0.602355,0.896129,0.131818
-0.864333,0.135332,2.004066
-0.243959,1.016681,-0.043216
7.784267,-4.224231,-0.403028
0.020873,0.615014,0.439305
-0.728621,0.083652,2.032826
-0.251037,1.042796,-0.036775
-1.203308,0.67907,-4.902218
0.509908,-0.588536,-0.284859
-0.619622,-0.055381,1.855911
-0.243513,1.039784,-0.027051
4.623603,-5.574037,-4.524174
0.071811,-0.721354,-0.184514
-0.564251,0.030957,1.731998
-0.233544,1.019068,-0.01972
-3.119334,12.692967,0.885766
-0.107274,-1.289777,0.169928
-0.530361,0.152639,1.706319
-0.237078,0.987104,-0.030239
-6.049544,3.870487,3.976774
0.0909,-0.972318,1.574722
-0.712249,0.357096,1.798041
-0.232894,0.951819,-0.007273
4.421988,-4.780632,5.163786
-0.034396,-0.925016,0.725225
-0.676294,0.236992,1.946449
-0.231485,0.929606,0.020136
-1.858025,0.267916,0.305113
-0.674945,-1.262802,0.596942
-0.592364,0.194843,1.980576
-0.249287,0.87881,0.039702
3.289739,-4.333223,0.29154
-0.513612,-1.077339,0.492465
-0.564332,0.092164,1.998689
-0.26845,0.845684,0.055056
3.008503,-2.941632,-3.651355
-0.349463,-1.058388,0.23075
-0.46496,-0.014973,1.930354
-0.279659,0.816614,0.063251
-2.371947,-4.020856,-0.056969
-0.001926,-0.833931,-0.3723
-0.482967,-0.203805,1.874796
-0.285799,0.776763,0.060442
-1.552639,0.581464,0.333286
0.186116,-0.732,-0.835147
-0.526062,-0.235923,1.88089
-0.28257,0.754444,0.043784
0.064424,4.661753,1.789348
0.350406,-0.452126,-0.854464
-0.541279,-0.130383,1.909236
-0.273934,0.73737,0.021261
-0.492756,4.179073,3.376863
0.259579,-0.216839,-0.910367
-0.55274,-0.005873,1.991729
-0.263797,0.728384,-0.003748
-0.847629,4.59287,3.900057
0.322153,-0.268533,-0.755732
-0.562675,0.146173,2.115671
-0.255168,0.720979,-0.02603
-2.967008,2.713617,6.702985
0.101664,-0.41972,-0.579638
-0.668489,0.286122,2.3382
-0.23872,0.705488,-0.050964
1.02445,3.086478,10.799809
-0.151718,-0.599517,-0.912356
-0.696947,0.398894,2.619474
-0.240933,0.691388,-0.07059
7.001418,4.267813,3.978555
0.468358,-1.202179,-1.33146
-0.559113,0.519146,2.815544
-0.2399,0.665565,-0.101327
2.702103,1.667695,-3.399939
0.744245,-1.604996,-1.065996
-0.405927,0.622531,2.767113
-0.223103,0.62425,-0.136758
0.2063,2.560567,-4.58713
0.52794,-1.933834,-0.788004
-0.377281,0.613792,2.58501
-0.199411,0.54849,-0.17493
-3.249087,4.346492,-5.1754
0.561041,-1.507438,-0.038613
-0.441782,0.729124,2.448898
-0.182692,0.49925,-0.186237
-5.612704,8.644762,-0.952287
0.537908,-0.078624,3.238898
-0.560384,0.978344,2.382401
-0.166843,0.478369,-0.147327
14.558957,-14.023368,-6.045534
0.029449,0.652265,1.852726
-0.309567,0.62897,2.274858
-0.162324,0.492244,-0.078867
4.195019,0.597867,-7.711768
-0.628202,0.227657,0.169936
-0.076541,0.473904,1.954062
-0.165547,0.513919,-0.027794
2.082455,6.899502,-3.51913
-1.228584,0.030277,-0.799354
0.001062,0.661906,1.824794
-0.194237,0.515585,-0.03599
9.788217,7.332016,-8.491068
-1.027922,-0.191171,-1.658692
0.198771,0.855061,1.639919
-0.228687,0.511889,-0.069882
0.751337,13.427477,-12.630545
-1.021823,-1.53784,-1.336196
0.327125,1.150912,1.304084
-0.256637,0.488714,-0.114055
-5.047759,-7.375062,-7.530104
-0.968279,-0.381047,0.29701
0.138079,1.249032,0.899858
-0.302652,0.438343,-0.13845
3.327772,-9.05377,-8.49556
-0.781219,0.019192,-0.511132
0.163176,0.966051,0.675282
-0.328297,0.435616,-0.140403
-2.234308,4.226274,-2.863726
-1.63738,-1.266583,-0.28144
0.208205,0.918691,0.501132
-0.360395,0.417787,-0.158063
-0.874972,-6.600967,6.231888
-2.054437,-0.218649,0.735191
0.119888,0.894713,0.615417
-0.410833,0.397027,-0.151132
4.417221,-3.486965,-5.39854
-1.35011,0.342632,-0.502295
0.32732,0.54921,0.608558
-0.48838,0.404457,-0.141716
-0.916309,5.065172,-12.643674
-1.308929,-0.20618,-0.085115
0.391223,0.60696,0.325097
-0.523644,0.404856,-0.150799
-8.640524,-2.494157,-12.801661
-1.348762,0.599205,0.414205
0.144723,0.606176,-0.035883
-0.559924,0.410932,-0.146686
-6.370266,-4.549262,-10.880455
-1.846778,0.38888,-0.065032
-0.017608,0.455873,-0.392889
-0.606713,0.429016,-0.142558
3.52859,-0.998673,-1.498028
-2.146342,-0.118821,-0.237943
-0.086518,0.359745,-0.574392
-0.690187,0.43498,-0.148303
4.340304,2.147946,-1.206256
-1.632525,-0.554275,-0.367156
0.030078,0.365972,-0.598063
-0.743622,0.425589,-0.161746
5.621576,-0.89484,-1.548834
-1.140626,-0.269208,0.076409
0.182429,0.365131,-0.633134
-0.781296,0.410779,-0.169547
1.673449,11.503785,-0.386825
-0.9279,0.999185,2.113
0.27067,0.535704,-0.652346
-0.808448,0.422117,-0.141723
-0.430658,2.449583,3.893448
0.204407,-0.856295,0.866134
0.322082,0.473835,-0.53268
-0.830505,0.429628,-0.084857
-5.211741,5.430949,4.561922
0.867234,-0.942207,1.067293
0.209765,0.625815,-0.420349
-0.813881,0.402202,-0.05896
0.891469,-6.322498,3.879731
0.886891,-0.115761,0.68408
0.187049,0.536718,-0.307715
-0.791045,0.385724,-0.040138
-7.520828,-3.077347,1.506642
1.190931,0.356585,0.919122
0.04522,0.392653,-0.237365
-0.760593,0.392927,-0.014047
-2.088134,-0.503357,1.070709
1.289923,0.355629,0.134252
-0.165699,0.413764,-0.177615
-0.707268,0.403943,0.013878
0.766374,-2.38174,-1.541061
1.147613,0.341473,-0.604793
-0.165628,0.340424,-0.200208
-0.673839,0.412123,0.004858
2.914335,2.717781,0.245881
0.950967,0.000771,-0.864243
-0.092201,0.364523,-0.22077
-0.643216,0.418575,-0.01667
-1.177289,5.871705,2.526165
0.792719,0.165191,-0.324639
-0.093193,0.515467,-0.170243
-0.619223,0.420303,-0.031969
-1.336542,-6.488808,3.383506
0.744166,1.559762,0.106274
-0.17043,0.435909,-0.032003
-0.588038,0.456423,-0.037085
-0.462219,-10.942914,2.898638
0.765204,1.772074,-0.399958
-0.186243,0.156379,0.045738
-0.568256,0.504146,-0.040186
-0.091802,-2.070349,2.938467
0.998912,1.028584,-0.96789
-0.20059,-0.01366,0.133448
-0.54309,0.544596,-0.058734
2.507493,4.963943,2.232612
1.02254,0.547086,-0.960266
-0.151371,0.074559,0.204946
-0.514625,0.565151,-0.084839
1.488013,0.335265,1.673332
1.05194,0.986724,-0.543109
-0.091736,0.189143,0.289069
-0.471886,0.597406,-0.114331
4.784261,-1.740795,0.231712
1.077565,0.644727,-0.489572
0.014159,0.14552,0.308939
-0.440771,0.621618,-0.132179
3.159126,0.138486,-0.982321
0.959375,0.544964,0.163229
0.117755,0.134984,0.29078
-0.414603,0.635771,-0.13575
1.93496,-3.37918,-0.21448
0.871679,0.776418,0.362304
0.186441,0.075148,0.279528
-0.388372,0.65501,-0.12825
1.063492,-2.972968,-2.046027
0.709565,0.963344,0.662563
0.230197,-0.022416,0.23575
-0.366517,0.679651,-0.114059
0.57204,-4.773913,-2.715383
0.413923,1.441131,1.031864
0.248075,-0.200147,0.110453
-0.347218,0.729062,-0.078196
8.057365,2.52788,-4.083726
0.496436,1.441938,1.240245
0.41144,-0.234091,0.029367
-0.334347,0.768187,-0.048553
7.029482,-2.22393,-0.367115
0.461833,2.01645,2.240954
0.64563,-0.128069,-0.013374
-0.319237,0.819436,0.006003
4.30913,-8.390821,-2.152694
0.628346,1.629739,2.465446
0.772214,-0.300706,-0.040113
-0.305649,0.870541,0.070458
-8.284872,-2.958403,-5.40284
-0.078916,-1.656499,0.847277
0.762872,-0.72759,-0.287917
-0.291271,0.870273,0.137544
-15.839837,3.396279,0.456412
-0.557236,-2.216782,-0.09714
0.338411,-0.700997,-0.315968
-0.297637,0.815024,0.147247
-3.565061,8.901831,2.355845
-0.686637,-1.404711,0.406465
0.120536,-0.460673,-0.250928
-0.315337,0.766636,0.149803
-1.936486,0.971326,4.459883
-0.691758,-1.352543,0.11005
0.081551,-0.410116,-0.141622
-0.338324,0.725262,0.15383
-0.200094,1.824252,3.956878
-0.422236,-1.142749,0.107665
0.067077,-0.318678,0.025714
-0.360106,0.675086,0.160835
-2.128492,0.323784,3.049325
-0.287666,-1.004632,0.085855
0.027722,-0.310614,0.111505
-0.372293,0.642125,0.163661
-2.217114,0.092854,1.493055
-0.114681,-0.658566,-0.047034
-0.055133,-0.312253,0.164205
-0.378207,0.617955,0.164068
0.132444,-1.241939,0.001744
-0.182385,-0.209904,0.063068
-0.068202,-0.335403,0.171815
-0.382197,0.605153,0.163326
4.79121,-9.396288,-2.434803
-0.21796,0.368248,-0.724704
0.003365,-0.643061,0.142504
-0.392624,0.616329,0.157478
2.478585,1.007956,-4.294298
-0.55904,-0.187875,-1.141379
0.109683,-0.717271,0.022128
-0.402015,0.619541,0.13205
1.59865,2.836894,-2.35289
-0.783454,0.013581,-1.540757
0.156468,-0.642559,-0.047552
-0.421422,0.616195,0.094561
1.69985,0.399594,-2.869047
-0.885145,0.17154,-1.642668
0.214679,-0.614838,-0.132523
-0.444259,0.619527,0.049073
2.010162,-0.868979,-0.899588
-1.276769,0.301172,-1.420752
0.229711,-0.654386,-0.182887
-0.492942,0.628434,-0.012856
4.553576,4.610045,-4.36985
-1.150878,0.501499,-1.195832
0.362614,-0.553695,-0.277639
-0.529321,0.639132,-0.049853
-1.022518,1.076508,-4.832977
-1.180364,0.841697,-0.309276
0.384471,-0.479423,-0.413673
-0.560237,0.656731,-0.071582
-0.728365,-5.764344,-4.04223
-1.225,1.041121,-0.460773
0.354689,-0.608361,-0.528209
-0.593466,0.685262,-0.082423
0.239567,12.195212,0.787137
-0.73438,1.275823,1.02819
0.238132,-0.497485,-0.564565
-0.637625,0.728996,-0.08722
9.526701,9.957119,-0.804194
-0.380823,1.030137,1.892764
0.472056,-0.308611,-0.554947
-0.656821,0.76354,-0.054534
-13.865634,-2.545235,5.539717
-0.292834,-0.544721,0.735789
0.323517,-0.37492,-0.477768
-0.661936,0.772507,-0.019486
-13.135786,5.162587,11.191181
0.741197,-1.083854,1.358529
-0.130451,-0.21645,-0.195765
-0.652626,0.750025,0.012816
2.750674,2.676951,3.860724
1.655387,-1.708873,0.717974
-0.15132,-0.117698,0.104421
-0.607287,0.685888,0.054167
0.564025,6.609097,2.70189
2.251385,-1.565705,1.21199
-0.114737,0.063268,0.189305
-0.549705,0.637879,0.081197
1.795352,0.192291,1.164818
2.053599,-1.445405,1.478809
-0.069358,0.104825,0.228849
-0.490582,0.595267,0.116076
-2.904923,-6.518834,1.06576
1.955785,-1.063848,1.30971
-0.122058,-0.013316,0.265575
-0.4369,0.558548,0.155637
2.207138,-3.738975,-5.002093
2.078455,-1.042596,-0.134073
-0.01842,-0.289492,0.121071
-0.354287,0.510539,0.180444
2.131356,-0.829223,-4.951898
1.95265,-0.947987,-0.743115
0.035939,-0.329658,-0.023549
-0.299711,0.483125,0.167947
1.678057,-0.817511,-2.277976
1.506286,-0.478205,-1.037939
0.094262,-0.342351,-0.11294
-0.25199,0.463979,0.142117
1.750709,0.157242,-1.620996
1.335725,-0.212656,-1.465824
0.142047,-0.350681,-0.155388
-0.214498,0.456257,0.108401
1.033595,1.688825,-2.691235
1.180088,-0.152186,-1.339732
0.227288,-0.280927,-0.259872
-0.15924,0.450596,0.047284
-3.671688,1.75965,1.625329
0.78231,-0.091499,-0.963169
0.143268,-0.232465,-0.257891
-0.129222,0.448034,0.014124
0.371113,1.112317,3.201904
0.787248,0.081016,-0.877025
0.115331,-0.192732,-0.166909
-0.108573,0.448635,-0.011082
-0.949239,-0.146734,1.753291
0.954518,0.094787,-0.875038
0.103418,-0.158561,-0.1145
-0.084202,0.451793,-0.032698
0.520445,1.981191,3.041391
0.811377,-0.242027,-0.507418
0.071449,-0.090085,0.006406
-0.048385,0.448885,-0.062806
0.607377,2.014995,1.392265
1.003201,-0.093832,-0.096182
0.100361,-0.033327,0.055913
-0.024846,0.444319,-0.071425
-2.404261,-0.23892,0.071821
0.818132,0.037402,0.251648
0.049794,-0.064231,0.058982
0.000371,0.443948,-0.070841
0.021467,5.113726,-1.863146
0.359934,0.012406,0.606064
0.027665,-0.012669,0.020386
0.015643,0.442843,-0.058733
-3.099715,-0.925232,-1.340257
0.012247,0.479508,1.747261
-0.083023,0.120499,-0.059523
0.021545,0.453706,-0.017374
2.834315,-9.440267,-2.34618
-0.199928,0.604848,1.425164
-0.055708,-0.106501,-0.098183
0.015635,0.469732,0.023293
6.160213,-2.982113,-4.705221
-0.269957,0.448995,0.83594
0.083829,-0.284561,-0.204831
0.007993,0.484122,0.053899
6.454366,4.935595,-3.923542
-0.567593,-0.457094,-0.034997
0.250482,-0.216394,-0.329093
-0.002323,0.484436,0.068579
5.209862,10.088102,-2.151511
-0.391359,-1.634363,-0.500972
0.417705,0.068602,-0.39516
-0.017595,0.452634,0.059947
-2.955849,-2.769516,-10.327062
0.985653,-2.184962,-0.12638
0.346724,0.143941,-0.686323
-0.004982,0.368246,0.046608
2.12042,-1.251381,-11.163951
1.153101,-2.64854,-0.232687
0.362407,0.074033,-1.007515
0.022378,0.299435,0.040995
3.244084,-1.990657,-12.242309
1.572995,-2.582067,0.152819
0.467043,0.029997,-1.323058
0.056155,0.227466,0.03704
0.923371,-9.90537,-12.948739
1.802211,-2.079044,0.156999
0.494052,-0.202749,-1.697161
0.105423,0.161886,0.041033
10.362274,-0.748834,-17.032484
1.997712,-2.872048,-0.547387
0.777327,-0.432719,-2.310227
0.175939,0.060604,0.029152
8.182291,-3.152995,-26.811907
1.966329,-3.444636,0.36303
1.035808,-0.48238,-2.964472
0.228421,-0.02639,0.025462
3.89017,-9.373414,-18.624708
0.371875,-3.263747,0.54844
1.166763,-0.713539,-3.58592
0.265286,-0.119733,0.037613
1.645764,-6.790641,-7.328671
-0.790154,-2.786648,-0.207532
1.239272,-0.947347,-3.874929
0.259123,-0.204916,0.042779
0.544423,3.778132,-2.48281
-1.979206,-2.004441,-1.324035
1.267335,-0.918826,-4.06957
0.202387,-0.30215,0.017682
2.796464,12.176836,0.350611
-2.276356,-1.645678,-1.508936
1.32766,-0.624371,-4.073767
0.143268,-0.351913,-0.019951
5.794894,13.584852,1.08655
-2.155217,-0.740268,-0.800457
1.47184,-0.221024,-4.046514
0.078855,-0.386865,-0.054678
0.843458,3.637924,6.329049
-1.285614,0.229928,0.247543
1.553563,-0.020844,-3.911516
0.032385,-0.394609,-0.064781
5.749694,-4.273754,8.010014
-0.655782,0.555092,0.165733
1.70026,-0.136094,-3.572294
0.00514,-0.371043,-0.047673
-3.528573,2.895461,10.148105
-1.405659,-0.004395,-0.906496
1.668017,-0.169961,-3.322342
-0.021642,-0.366161,-0.060173
-5.736517,5.591408,10.276474
-1.108234,-0.35654,-0.476188
1.512294,0.000635,-3.031789
-0.057783,-0.372191,-0.078074
-14.670094,5.238768,10.43398
-0.258687,-0.569134,0.382657
1.172109,0.145131,-2.738524
-0.076525,-0.387885,-0.077138
-4.517846,5.164897,13.541121
0.083994,-0.132004,0.634636
0.798136,0.410049,-2.219001
-0.077145,-0.402825,-0.049093
0.283787,1.305976,14.280941
0.386629,-0.292223,0.826432
0.759957,0.493022,-1.823037
-0.07139,-0.408354,-0.030693
0.463203,-4.272241,12.86936
0.923512,-0.327505,0.984207
0.785167,0.429056,-1.449164
-0.053574,-0.417487,-0.006221
-1.33307,-5.868561,10.514564
0.803881,-0.46956,0.390738
0.745384,0.240957,-1.108395
-0.026443,-0.430252,0.012735
-3.315807,-3.968586,6.972247
1.03819,-0.473004,0.081986
0.667608,0.115291,-0.7644
0.004521,-0.449433,0.018575
-3.03983,-3.718595,4.799465
1.367056,-0.315609,-0.348531
0.576786,-0.021457,-0.61019
0.03869,-0.460899,0.015378
-5.35459,0.39185,5.25697
1.426871,-0.417012,-1.13357
0.443268,-0.054167,-0.465258
0.078176,-0.471774,-0.005768
-2.643832,4.469599,4.367988
1.489641,-0.446876,-1.578055
0.336467,0.034926,-0.334189
0.118592,-0.483347,-0.04345
0.396139,8.0836,2.812998
1.785747,-0.513691,-1.334314
0.357616,0.34056,-0.201757
0.185297,-0.502742,-0.107331
-2.894125,2.268181,5.163971
2.39234,-0.893313,-0.517181
0.307519,0.456192,-0.08027
0.242462,-0.523155,-0.133686
-0.734808,-1.526868,4.957967
2.198746,-1.110142,-0.400928
0.226272,0.412833,0.081569
0.313402,-0.553971,-0.146047
3.703896,2.68448,2.541844
1.662947,-0.938496,-0.285219
0.306725,0.449349,0.17131
0.362601,-0.579908,-0.157747
-2.117306,-7.435198,0.30714
1.687156,-0.989951,-0.234421
0.312384,0.267283,0.213965
0.436932,-0.622536,-0.160573
-5.119163,3.265414,0.8799
1.171888,-0.842562,0.23833
0.192294,0.305804,0.229403
0.477551,-0.649815,-0.154893
1.119436,-1.768761,0.630691
0.171131,-0.396757,-0.286143
0.145324,0.320518,0.254868
0.496968,-0.665706,-0.153392
6.921192,9.043206,-4.898443
-1.036809,0.300704,0.110064
0.321997,0.469236,0.168928
0.482397,-0.665823,-0.158061
-2.949062,-7.109525,-0.915104
-0.200066,0.739045,1.234891
0.229281,0.534053,0.054381
0.450507,-0.643631,-0.128998
-1.038875,-10.532484,-1.739272
-0.274436,0.992674,0.703465
0.195579,0.241261,0.012495
0.447849,-0.619378,-0.099116
1.880437,3.39235,-3.50573
-1.290501,1.45446,0.396658
0.219933,0.221784,-0.067721
0.427024,-0.586431,-0.081272
-2.326381,10.646962,-0.813992
-1.72226,1.456382,0.841455
0.215774,0.484664,-0.119636
0.381289,-0.542778,-0.065659
-3.392396,1.128984,0.391763
-0.62449,1.266189,1.953679
0.064537,0.712063,-0.10489
0.325348,-0.48701,-0.015593
1.180397,-10.018644,0.764637
0.609367,0.89616,1.707425
0.072174,0.497029,-0.084697
0.325534,-0.452878,0.035288
0.670855,-11.610971,-2.330458
0.61693,0.559114,0.30404
0.089416,0.152186,-0.129992
0.345561,-0.432971,0.064917
-0.672735,0.550152,-3.185073
-0.285467,1.180663,-0.744634
0.100374,0.038382,-0.244276
0.350862,-0.410669,0.060661
-1.579784,2.407053,2.835768
0.311688,1.360972,-0.942682
-0.024405,0.225848,-0.198403
0.347778,-0.357422,0.026171
-0.766139,0.213143,2.029993
0.750089,1.335072,-0.875571
-0.028091,0.235379,-0.135655
0.364123,-0.318908,-0.000673
-1.059027,0.074454,3.875939
0.843163,1.256189,-0.966628
-0.06093,0.243306,-0.043631
0.387384,-0.28244,-0.026034
-2.694536,-1.009594,3.162204
1.158853,0.866495,-1.019863
-0.118373,0.230429,0.061566
0.413751,-0.254455,-0.054103
-0.841191,-2.054151,0.158281
1.591314,0.513764,-1.079912
-0.218437,0.108932,0.12369
0.478243,-0.227118,-0.090273
-0.962461,2.529601,0.251817
1.306606,0.356584,-1.077955
-0.248327,0.164851,0.113936
0.519981,-0.214056,-0.123134
-0.440627,2.915396,0.830389
1.112759,0.131646,-0.646537
-0.265359,0.244919,0.132677
0.552315,-0.207416,-0.144851
-0.892591,-0.364646,-1.321105
0.969146,-0.103972,-0.614168
-0.299602,0.260534,0.109043
0.581195,-0.206389,-0.162354
3.630616,-0.79553,-3.05079
0.404209,0.120462,-0.251193
-0.220111,0.227188,0.033975
0.601799,-0.204918,-0.176909
0.488189,0.038307,-3.512853
0.348265,-0.240253,0.717426
-0.16692,0.211468,-0.091424
0.611906,-0.205774,-0.165859
1.778371,-0.388095,-2.67693
0.706977,-0.485402,1.585662
-0.129746,0.209844,-0.185636
0.625589,-0.21561,-0.136061
-0.460149,-7.579181,-0.564103
-0.322264,-0.281396,1.320486
-0.106959,0.021212,-0.225106
0.633556,-0.227114,-0.094347
-4.170105,-3.042364,1.282661
-1.284874,-0.468954,0.609785
-0.335777,-0.131706,-0.182676
0.592926,-0.244295,-0.049802
6.918275,1.532094,-1.865391
-1.123219,-0.729727,0.579009
-0.242144,-0.114402,-0.19733
0.559262,-0.25868,-0.032984
5.143274,1.38721,-4.986398
-1.704659,-0.492092,0.577933
-0.032392,-0.077946,-0.315221
0.523171,-0.275266,-0.017255
-3.733539,3.662443,-0.65952
-2.041933,-0.166299,0.620754
-0.069345,0.000543,-0.375688
0.46995,-0.286992,-0.00143
2.131467,0.799782,2.174419
-1.312089,-0.138783,1.127229
-0.087581,0.091215,-0.326099
0.425065,-0.290516,0.021054
3.155175,-6.262373,-0.608508
-1.226318,0.084857,0.722305
0.064091,-0.14262,-0.315416
0.376332,-0.291853,0.058112
-0.024744,0.932708,-0.363929
-1.517691,0.27849,0.761254
0.092733,-0.186779,-0.324696
0.338436,-0.287278,0.079126
-0.152382,-0.366841,1.383185
-1.23166,0.199633,0.455544
0.089353,-0.175068,-0.296978
0.296807,-0.280642,0.095906
-1.706344,-4.798371,2.76107
-0.500007,-0.237605,0.143962
0.04865,-0.267986,-0.223251
0.273943,-0.281083,0.103597
-1.544142,-0.813188,2.004689
-0.706368,-0.584724,-0.954042
-0.043476,-0.460973,-0.120176
0.255757,-0.300932,0.084769
0.540767,7.084327,1.086338
-0.915518,-0.827108,-0.770797
-0.031918,-0.302797,-0.085809
0.231577,-0.321101,0.060485
-7.495729,-0.991821,6.656341
0.384214,-1.2228,0.209624
-0.174259,-0.222544,0.035366
0.222314,-0.350422,0.051351
-2.678819,-13.06141,9.349894
0.958009,-1.550493,-0.015933
-0.308487,-0.507503,0.289697
0.244157,-0.389744,0.053084
5.312304,5.971399,5.132498
-0.88995,-1.693112,-1.064414
-0.170343,-0.606578,0.609087
0.248761,-0.453492,0.02929
0.514993,12.05084,-1.29564
-0.915963,-2.158611,-0.302422
-0.052818,-0.24628,0.626114
0.218019,-0.506933,0.012094
-6.343762,-1.013403,-2.481351
0.299595,-2.820025,0.36703
-0.193806,-0.159343,0.566823
0.209725,-0.572205,0.011472
0.236979,-8.05666,-2.290478
0.180047,-2.509296,-0.205938
-0.248203,-0.391043,0.493769
0.223781,-0.655016,0.014181
-0.616215,6.687134,-1.584406
-0.932863,-1.66452,-0.311061
-0.190011,-0.319746,0.414274
0.1996,-0.739755,-0.004272
0.070247,8.97229,-1.706719
0.010778,-1.694249,0.946297
-0.203483,-0.107756,0.37402
0.186674,-0.783905,0.001689
0.670915,-0.059374,-2.349824
0.652751,-1.307208,1.179739
-0.166188,-0.033941,0.308778
0.196312,-0.823728,0.030592
2.801994,1.369532,-1.59424
1.074615,-0.569015,2.365822
-0.11715,0.081105,0.25407
0.227057,-0.852765,0.086449
4.259834,-17.151339,-5.949918
0.515904,0.868383,0.9159
0.124406,-0.348845,0.095387
0.258174,-0.843656,0.150862
-1.70464,-13.011714,-4.887403
-0.740696,2.067268,-0.50817
0.115064,-0.77379,-0.062208
0.256975,-0.802796,0.160292
-2.591011,8.772419,-1.432531
-1.201456,2.516043,-0.849641
0.050592,-0.733028,-0.128618
0.229113,-0.740534,0.144553
1.414749,11.470842,-0.928914
-0.504229,2.307798,-0.188743
0.067747,-0.341935,-0.157108
0.202798,-0.667056,0.131207
1.28613,-0.593154,-2.415366
0.46626,2.156418,0.531031
0.07999,-0.218643,-0.247106
0.20166,-0.579083,0.133544
-2.584726,-5.865469,0.842984
1.381652,2.226169,1.233093
0.049103,-0.310538,-0.257444
0.227461,-0.518572,0.159481
-1.227398,-11.341744,1.705133
1.854697,1.886504,0.582167
-0.005926,-0.608398,-0.203354
0.276504,-0.459913,0.186602
-2.49706,-4.183824,1.300789
1.2287,1.567496,-0.903656
-0.066782,-0.810404,-0.166797
0.320636,-0.412481,0.184189
-2.787199,10.621412,2.675374
0.686405,1.282937,-2.151614
-0.140328,-0.550641,-0.086689
0.356594,-0.351074,0.116094
-1.499729,10.047992,4.185558
0.792793,0.964809,-1.865475
-0.191807,-0.27328,0.012135
0.375244,-0.322557,0.061259
1.019803,3.709415,2.789097
1.188714,0.528661,-0.590553
-0.202021,-0.108407,0.111743
0.40517,-0.29855,0.020389
5.894526,-0.371839,-0.502419
1.246244,0.439434,-0.154124
-0.083816,-0.11291,0.12195
0.437357,-0.284001,0.010334
-0.043303,1.325525,-1.674303
0.716512,0.744989,-0.405644
0.098956,-0.127021,0.034147
0.481212,-0.261514,-0.002782
-7.355649,0.090432,0.328174
0.474491,1.158164,0.127872
-0.053868,-0.100559,0.024744
0.497862,-0.236336,-0.006821
-6.949949,-0.88133,0.457252
0.586523,1.254576,0.651859
-0.260213,-0.122009,0.044944
0.510849,-0.203459,0.003315
0.023237,-5.578652,-0.802075
0.966421,1.09908,0.664372
-0.320557,-0.247349,0.032967
0.533704,-0.16676,0.022394
0.827492,-0.799092,0.098382
1.043399,0.820918,-0.181798
-0.311768,-0.424044,0.021439
0.577453,-0.129438,0.033188
3.504478,9.102684,1.610039
1.546629,0.770635,-0.14326
-0.234839,-0.289503,0.052205
0.610397,-0.108374,0.027469
2.697553,-3.318035,4.223537
1.882057,0.70926,1.027324
-0.1359,-0.181028,0.139726
0.66131,-0.089951,0.042251
-0.842284,0.150343,4.310729
1.613067,0.145449,1.998708
-0.164627,-0.254141,0.300332
0.712877,-0.079847,0.084343
-2.110286,3.556428,5.433775
-0.105019,0.00107,0.818956
-0.189971,-0.279476,0.471673
0.738302,-0.076872,0.129948
-0.821577,0.627442,5.101865
-0.441417,-0.435888,0.655854
-0.22736,-0.298156,0.622073
0.729994,-0.081659,0.14547
0.733046,0.105493,1.434667
-0.601134,-1.054855,0.219684
-0.219286,-0.288856,0.68775
0.715132,-0.101053,0.160454
4.312572,3.771369,-3.08061
-0.963132,-1.199481,-0.326451
-0.129488,-0.208644,0.633086
0.69213,-0.133685,0.160253
4.256241,3.715883,-2.956683
-1.267227,-0.906181,-0.98118
0.052585,-0.050351,0.495054
0.640479,-0.177063,0.132358
-0.338827,-2.995117,-2.453505
-0.529018,-0.779428,-0.891669
0.083586,-0.053995,0.411572
0.614636,-0.200978,0.106253
1.165418,-6.414794,-1.724744
0.202644,-0.608295,-1.094263
0.099242,-0.207348,0.353288
0.610599,-0.218721,0.079917
0.800515,-0.36973,-2.32929
0.595689,-0.536539,-1.50577
0.139461,-0.297363,0.287302
0.62319,-0.23492,0.042042
-3.604182,4.569358,-1.180721
0.522177,-0.342284,-1.026928
0.085629,-0.141919,0.208397
0.647897,-0.252411,-0.014564
-6.338176,4.462407,0.363166
0.390199,-0.504364,-0.690775
-0.067298,-0.032519,0.211014
0.66026,-0.265169,-0.037689
-4.26676,2.260555,3.704894
0.484058,-0.33902,-0.244272
-0.198362,0.040172,0.273538
0.671722,-0.277498,-0.055012
3.266842,-5.004489,5.769919
0.060148,-0.104638,-0.062541
-0.177487,-0.046691,0.429856
0.682703,-0.283549,-0.059036
0.264412,0.719601,4.174692
-0.772855,-0.429003,-0.486655
-0.134739,-0.114943,0.642043
0.665317,-0.294293,-0.067162
-0.480499,4.47362,2.270579
-0.462581,-0.788162,-0.043897
-0.142293,-0.014992,0.731788
0.646893,-0.311022,-0.075685
0.703047,0.029842,0.57407
0.24325,-1.000231,0.089523
-0.113967,0.031177,0.765348
0.643834,-0.336891,-0.075699
-2.193961,-3.293716,-1.741567
0.411553,-1.059767,0.016136
-0.155806,-0.054073,0.735095
0.656258,-0.365742,-0.075358
-2.809047,8.667001,-1.672766
-0.017804,-0.792369,0.618674
-0.238716,0.009367,0.678727
0.659443,-0.391439,-0.072436
1.497247,10.660492,0.055893
0.478344,-0.214355,2.143284
-0.238141,0.296527,0.672456
0.659736,-0.411295,-0.022313
0.946497,-9.623617,-0.14631
0.154393,0.608879,1.702691
-0.184118,0.253997,0.655218
0.670329,-0.405584,0.037801
-1.655784,-7.934443,-2.340093
-0.295516,1.064623,0.60109
-0.232436,0.02318,0.61495
0.666283,-0.381149,0.070952
-0.605047,-3.183224,-2.677637
-0.825057,1.449921,-0.736383
-0.252089,-0.113464,0.531999
0.649583,-0.345985,0.072422
1.441816,9.928674,-1.030091
-0.65664,1.830591,0.252706
-0.25484,0.298334,0.450934
0.615243,-0.27629,0.06181
-2.298707,-1.717818,0.432409
-0.641974,1.657023,0.447192
-0.275089,0.352989,0.445223
0.598222,-0.225927,0.072661
-3.550646,-1.723969,1.936365
-0.895049,1.383464,0.401816
-0.386493,0.321092,0.486733
0.576201,-0.185764,0.087443
-0.661656,-3.961029,2.323776
-0.652015,1.248881,0.130196
-0.421482,0.254661,0.553024
0.554896,-0.151226,0.094366
-0.252469,-5.485544,2.342875
-0.813656,1.201637,-1.375807
-0.423001,0.037556,0.640277
0.528284,-0.102309,0.073551
0.508814,3.725619,2.416827
-0.912363,1.136694,-2.088217
-0.417175,0.079835,0.716761
0.504483,-0.068347,0.02316
1.947198,11.516911,1.823951
-0.812598,1.037329,-2.120964
-0.378488,0.339516,0.774324
0.480292,-0.038808,-0.031962
-1.372557,3.964122,-3.881604
0.130562,0.305086,-1.843884
-0.391088,0.54937,0.727678
0.468913,-0.018139,-0.086998
4.113156,2.952719,-10.792177
0.492216,0.005417,-0.869995
-0.347865,0.577996,0.310736
0.488433,-0.014316,-0.15392
4.69825,0.203067,-5.673295
0.800279,0.297408,0.778512
-0.214672,0.660798,0.104423
0.506446,-0.011374,-0.152589
7.537047,-6.503312,-3.511194
1.091913,0.513059,1.313158
-0.029277,0.537121,-0.00086
0.534035,-0.00015,-0.122815
9.064167,-7.860371,-5.857345
0.829661,0.353578,0.494434
0.193869,0.30637,-0.124361
0.560555,0.013767,-0.09953
3.14423,2.575578,-13.105869
0.052632,-1.108905,-0.47281
0.484567,0.267314,-0.541512
0.576411,0.002903,-0.096646
1.712362,7.00343,-18.333952
0.188129,-2.227232,-0.794843
0.507446,0.415599,-1.02866
0.578893,-0.044762,-0.115351
3.736925,8.206443,-19.9098
0.186756,-2.353724,-0.701733
0.633632,0.649161,-1.588771
0.583545,-0.109262,-0.137869
1.539175,5.222477,-12.961843
0.009633,-1.488163,0.937814
0.695381,0.819973,-2.024635
0.587235,-0.16689,-0.141064
3.959561,-10.9953,0.86151
0.172525,-0.511812,1.143308
0.825889,0.556016,-2.168606
0.59605,-0.203157,-0.089292
-1.375088,-8.196751,0.338904
-0.476064,-0.630898,-0.074908
0.849142,0.268362,-2.142664
0.59354,-0.220104,-0.07521
-3.314989,3.596211,2.052242
-1.076476,-0.020708,-0.271555
0.741343,0.25447,-2.099017
0.571846,-0.232662,-0.079576
-4.546909,7.965144,7.10194
-1.194369,0.678674,0.139425
0.643849,0.45819,-1.944312
0.540278,-0.225553,-0.080544
-5.329076,-2.458981,14.094239
-0.380322,1.518995,1.213729
0.403418,0.517336,-1.440025
0.509521,-0.178011,-0.052996
-1.644562,-2.322685,14.725372
-0.374423,1.27622,1.54413
0.337935,0.478576,-1.056627
0.498841,-0.140805,-0.015349
-0.404653,-9.158572,9.69585
0.372272,0.951782,1.532708
0.277736,0.246264,-0.729329
0.496058,-0.107767,0.025701
2.817896,-8.291864,9.962183
0.451528,1.371697,0.452036
0.347814,-0.029983,-0.479286
0.506767,-0.075842,0.050113
-2.338251,-5.514218,15.562751
0.766185,1.800192,-0.135458
0.284898,-0.317939,0.060156
0.532767,-0.01394,0.055173
1.461663,-5.984137,18.197269
0.866872,1.995192,-0.390796
0.289253,-0.462558,0.572219
0.558559,0.039314,0.048248
-6.542593,-2.734926,24.75156
1.028944,2.77363,0.430856
0.193988,-0.551144,1.188533
0.583923,0.101715,0.047049
1.388902,-13.091585,26.633991
1.156574,2.35693,0.680005
0.129053,-0.82993,1.958419
0.616762,0.175731,0.063622
-2.241658,-7.350577,16.448854
-0.166689,1.346436,-0.067649
0.129573,-1.134135,2.543153
0.631513,0.229105,0.075045
-5.207974,9.641208,4.837393
-1.801983,0.193227,-0.863514
-0.04955,-0.999393,2.913719
0.589996,0.257719,0.055981
-11.618914,4.715926,4.547657
-1.686674,-0.076643,0.182617
-0.434233,-0.766503,3.041683
0.538388,0.256175,0.049541
-2.999059,-0.466158,-1.610232
-1.352415,-0.966245,0.094458
-0.573369,-0.740387,3.073351
0.494263,0.245485,0.054936
6.434289,9.176428,-11.92029
-1.033355,-2.175218,-0.309155
-0.498957,-0.628683,2.828044
0.459426,0.202855,0.053484
7.48325,26.059477,-18.459797
0.505863,-2.815322,0.269984
-0.234439,0.000137,2.13818
0.431914,0.095514,0.033158
8.981174,1.488408,-18.953094
1.333583,-1.491863,0.585091
0.067364,0.346151,1.571634
0.465018,0.034169,0.050619
-2.87609,-9.675858,-14.234706
0.662887,-0.865437,0.134058
0.046067,0.163414,1.131868
0.494055,0.001312,0.06013
-2.527375,-7.36625,-12.345325
0.207695,-0.491889,-0.470252
-0.031583,-0.068366,0.785442
0.502926,-0.01414,0.057137
-1.492037,4.476585,-8.258874
-0.884338,0.321497,-0.336611
0.008947,0.007254,0.299771
0.494269,-0.01885,0.041988
-5.330572,1.571815,-1.602299
-0.889064,0.544945,0.682907
-0.150531,0.112712,0.205923
0.467921,-0.006711,0.047959
-11.237389,-6.990846,-1.802542
-0.126697,0.256068,0.773696
-0.387799,-0.000539,0.168023
0.453589,0.006655,0.069114
-18.09956,-8.949465,-11.488176
0.178324,-0.214691,0.101605
-0.817255,-0.259581,-0.046861
0.455698,0.008585,0.079928
0.4279,6.41831,-10.194156
-0.848533,0.510327,-0.857568
-1.169473,-0.247217,-0.624264
0.44347,0.009826,0.062376
10.690478,8.776271,5.178535
-1.404427,1.252299,-0.898765
-0.947177,0.000408,-0.620524
0.413704,0.03595,0.03083
10.996182,4.608068,14.895236
-1.084942,1.419893,0.102489
-0.646039,0.185196,-0.272651
0.380982,0.070732,0.017279
9.545145,-6.912692,8.209927
-0.058323,1.184697,0.592059
-0.362134,0.096008,0.038381
0.364396,0.109416,0.028006
4.172712,-2.086438,-2.747515
0.137794,0.876329,-0.478845
-0.072031,-0.129942,0.047234
0.37137,0.151684,0.034232
-0.067359,2.108933,-1.282563
-0.087782,1.334631,-0.605866
-0.056861,-0.111001,-0.005023
0.372051,0.183301,0.017637
3.343421,4.233036,-3.026326
-0.261787,1.46502,-0.883931
0.028947,-0.011563,-0.06588
0.366953,0.22379,-0.002113
1.288543,4.575788,-2.651552
-0.360195,1.283925,-0.354823
0.082212,0.137498,-0.153449
0.357998,0.263094,-0.021324
-0.406577,-0.443832,-1.733604
-0.044827,1.101972,0.108765
0.07959,0.119654,-0.252192
0.344896,0.311911,-0.024625
1.951433,1.75454,-1.158537
0.411639,0.906465,0.912828
0.123218,0.16246,-0.291158
0.349194,0.339537,-0.008916
0.066434,-3.817302,0.346887
0.204562,0.484487,-0.181399
0.15173,0.066198,-0.304892
0.358545,0.359727,0.001634
-1.967788,3.726808,1.273235
-0.267262,-0.034396,-0.132902
0.120551,0.124201,-0.279579
0.358389,0.364882,-0.002358
-3.088453,0.617393,2.007179
-0.830826,-0.878356,-0.370084
-0.01818,0.223603,-0.204048
0.334724,0.342287,-0.010545
0.73057,1.334421,2.360201
-0.857056,-1.130929,-0.327714
-0.036114,0.256798,-0.13453
0.308734,0.313564,-0.022795
4.946517,-1.745974,0.02108
-0.769207,-1.292278,-0.1032
0.073453,0.236499,-0.115702
0.286194,0.28242,-0.029543
2.83034,-1.825996,-1.771036
-1.069353,-1.303516,-0.081023
0.210614,0.180669,-0.160234
0.257395,0.243314,-0.03087
-0.051814,1.486835,-1.051483
-1.08532,-1.368826,0.167297
0.222675,0.204992,-0.213468
0.214504,0.187318,-0.026579
0.546262,1.061181,-1.890929
-1.183221,-1.446735,0.599123
0.232061,0.243174,-0.257035
0.182738,0.148351,-0.018519
0.244163,-2.98907,-1.788013
-1.379594,-1.420784,1.017159
0.252083,0.198222,-0.317092
0.14598,0.109784,0.005013
-0.28481,-3.853741,-1.919079
-1.362443,-1.344323,1.172795
0.250842,0.096247,-0.370563
0.106681,0.070386,0.037473
1.254782,-3.947677,-1.352134
-1.149753,-1.900258,0.557852
0.222572,-0.080705,-0.420584
0.052175,0.00576,0.074428
2.082231,-4.798687,-3.927634
-0.703489,-2.113183,0.059425
0.278538,-0.198631,-0.516732
0.026987,-0.047752,0.082157
3.333057,-4.575797,-3.7057
-0.35767,-1.862721,-0.391912
0.354952,-0.329676,-0.636721
0.011809,-0.106676,0.078032
6.420441,-1.642596,-5.061328
-0.706127,-1.694504,-0.794375
0.522127,-0.389139,-0.761523
-0.002494,-0.154422,0.062953
-0.803537,0.126115,-5.88984
-0.972663,-1.642002,-0.588574
0.633737,-0.365352,-1.020692
-0.041344,-0.225623,0.03278
-2.796072,-0.52805,-3.080923
-0.815544,-1.298369,-0.437343
0.554127,-0.388014,-1.132686
-0.06369,-0.265323,0.019697
2.419848,5.024192,-3.253003
-0.915894,-1.089885,-0.487999
0.567605,-0.312609,-1.217591
-0.089109,-0.299925,0.006728
1.044819,7.154576,-3.777878
-0.876214,-0.951147,-0.057207
0.616964,-0.131531,-1.319809
-0.113203,-0.327269,-0.001107
-0.452071,2.355573,-2.407353
-0.757907,-0.853339,0.060618
0.611686,-0.045133,-1.3979
-0.134236,-0.351378,-0.00316
3.618352,-5.051569,-4.30957
-0.803305,-0.391914,-0.299392
0.658181,-0.162776,-1.53631
-0.164778,-0.37856,-0.007293
4.745535,-4.854443,-4.245453
-0.891965,0.119554,-0.987893
0.80713,-0.323953,-1.666454
-0.190182,-0.381465,-0.028136
0.837217,0.523738,-2.693055
-0.794953,0.021092,-1.164811
0.877997,-0.351794,-1.751933
-0.212181,-0.379359,-0.05712
3.697033,8.790758,-6.396939
-1.154807,0.271677,-0.552658
0.943601,-0.183768,-1.875782
-0.23783,-0.376007,-0.079343
5.96744,6.717487,-7.643356
-1.770513,0.870233,0.511746
1.185307,0.172557,-2.194737
-0.300786,-0.34907,-0.080577
0.807007,-0.927474,-8.07566
-1.783182,0.995614,1.678383
1.283456,0.221002,-2.414246
-0.350419,-0.323403,-0.053609
-7.504515,-8.551306,-5.265222
-1.201341,0.984512,2.790969
1.142924,0.047584,-2.586082
-0.39154,-0.298195,0.006128
-1.711008,-13.819395,-1.395203
-0.485107,0.971212,2.147121
1.024582,-0.34449,-2.656301
-0.414905,-0.269308,0.080322
-0.124644,-5.712233,-0.870522
-0.153773,1.085796,-0.12524
1.006084,-0.770511,-2.701181
-0.427485,-0.231416,0.127512
-0.296218,4.463692,1.109353
0.162343,1.388425,-1.185343
0.992387,-0.739442,-2.677399
-0.427702,-0.199624,0.109989
0.860217,8.930265,2.252693
0.345624,1.515367,-1.98149
1.006297,-0.542009,-2.622747
-0.420983,-0.160537,0.066694
-1.119862,9.02613,0.861684
0.453187,1.753445,-1.627715
1.010736,-0.257125,-2.597253
-0.409681,-0.112112,0.009155
0.505011,2.805213,3.247122
1.044537,1.715554,-0.71121
1.019189,-0.074487,-2.535104
-0.378282,-0.036634,-0.039091
-2.570043,0.619449,4.616158
1.063792,0.885246,-0.062923
0.971002,-0.01206,-2.42023
-0.350198,-0.001261,-0.045895
1.824081,-2.515501,-0.522429
0.735737,-0.05676,0.566445
0.993345,-0.0094,-2.376097
-0.321881,0.011469,-0.034876
-0.348817,-7.088228,-3.405822
0.438691,-0.310119,-0.073927
1.016512,-0.190517,-2.452699
-0.306272,0.004596,-0.029939
5.685135,7.331023,0.76973
-0.561439,-0.154229,-0.202311
1.09825,-0.229334,-2.471551
-0.306826,-0.004936,-0.044986
-3.628258,11.534981,1.629898
-1.656181,0.003432,-0.152754
1.135535,0.08359,-2.431771
-0.340604,-0.008989,-0.047475
-8.730338,8.289764,1.530804
-2.193083,-0.237804,0.656771
0.895241,0.346738,-2.389514
-0.395567,-0.012864,-0.041957
0.659724,-1.28405,3.979157
-1.933681,-0.448891,1.311535
0.825146,0.40966,-2.302827
-0.451413,-0.022757,-0.016923
5.102513,-9.570599,5.300824
-1.715197,-0.118935,0.926009
1.056194,0.09305,-2.094574
-0.525591,-0.034497,0.031879
-0.617338,-4.865552,3.752868
-1.413092,0.262391,0.097647
1.072099,-0.098937,-1.966186
-0.572106,-0.032648,0.050262
-2.525109,1.818167,4.901639
-1.08523,0.539821,-0.783146
1.010124,-0.106462,-1.831139
-0.606949,-0.020807,0.041803
-1.686036,5.427621,1.86601
-1.06409,0.459279,-0.909823
0.953249,0.023186,-1.739165
-0.636963,-0.006074,0.018603
2.999234,-3.921197,5.287244
-0.503104,-0.203479,0.221859
0.824514,0.075306,-1.507997
-0.684841,0.004097,-0.011063
2.999234,-3.921197,5.287244
-0.503104,-0.203479,0.221859
0.824514,0.075306,-1.507997
-0.684841,0.004097,-0.011063
0.355926,-4.000452,5.270427
-0.669894,-0.360432,0.096307
0.853094,-0.039334,-1.361513
-0.702042,-0.003453,-0.005742
-0.029011,-4.942329,6.299304
-1.05568,-0.592097,-0.01579
0.850005,-0.166148,-1.193184
-0.726588,-0.017874,-0.004688
0.93109,1.302494,0.857898
-1.193088,-0.237985,0.015957
0.869946,-0.253969,-1.077196
-0.769327,-0.032203,-0.008192
2.666885,-0.110631,-1.689686
-0.999728,-0.430697,0.004961
0.930141,-0.243417,-1.106026
-0.800718,-0.04201,-0.007572
2.368581,1.16802,-1.918528
-0.761604,-0.661243,-0.410172
0.99203,-0.230727,-1.156117
-0.825494,-0.057363,-0.012718
-1.817984,2.47808,-0.443637
-0.435229,-0.662046,-0.79838
0.993749,-0.172219,-1.181392
-0.84305,-0.076012,-0.028521
-3.641412,2.318244,1.366191
-0.386441,-0.514661,-0.534477
0.808304,0.000473,-1.122633
-0.858719,-0.097089,-0.059693
-3.456297,-2.335353,1.076932
-0.339774,-0.697841,-0.157805
0.709025,-0.043327,-1.097356
-0.867262,-0.112345,-0.070504
-0.393904,1.492846,2.854352
-0.533705,-1.004485,1.292085
0.688861,-0.011142,-1.030981
-0.877547,-0.136571,-0.052001
-8.439056,-5.391647,0.615421
0.058757,0.824672,0.232661
0.4982,-0.158507,-0.952175
-0.895134,-0.149294,-0.001198
3.948402,9.565674,-3.313799
1.235612,1.801397,-0.323016
0.49611,-0.026449,-1.025901
-0.871012,-0.110128,-0.002946
1.942415,6.922702,-5.070518
1.294052,1.442376,0.61288
0.569446,0.230806,-1.172904
-0.831962,-0.061195,-0.001744
2.36681,-7.359305,-1.52111
0.514974,0.032842,1.457923
0.623641,0.153281,-1.243374
-0.807825,-0.040692,0.024195
-0.667959,-10.51422,2.098554
0.538229,-0.215378,0.278926
0.643905,-0.183262,-1.210147
-0.796938,-0.046531,0.053107
-1.637563,7.840556,0.750984
1.60374,0.507561,-1.125238
0.565435,-0.073309,-1.160259
-0.750502,-0.036879,0.039252
-0.68603,9.903219,1.233769
1.510369,0.20218,-0.456846
0.545977,0.221602,-1.119367
-0.704767,-0.025509,0.015433
-1.374049,-2.830745,-1.150587
0.775151,0.01855,-0.430831
0.510996,0.263752,-1.105719
-0.674278,-0.02342,0.002333
0.141427,-4.021923,-2.872981
0.505835,0.002597,-0.576489
0.49279,0.168502,-1.163046
-0.657546,-0.023273,-0.009604
3.044462,0.84622,-0.564026
0.512161,-0.013957,-0.833908
0.581484,0.137038,-1.209639
-0.635725,-0.02131,-0.037675
1.658727,3.614368,-0.809539
0.351288,0.076722,-0.943009
0.644388,0.207059,-1.221296
-0.623507,-0.020225,-0.060839
2.127284,5.191339,-3.87755
0.055271,0.282026,-0.867743
0.702095,0.357078,-1.301517
-0.616609,-0.014907,-0.086284
0.378143,3.933561,-5.018211
0.092296,0.090647,-0.534541
0.724091,0.487708,-1.437329
-0.614711,-0.008749,-0.104587
-2.296334,-2.433581,1.765988
0.033768,-0.623966,-0.043
0.64501,0.469157,-1.482432
-0.613019,-0.019292,-0.114148
-2.857758,1.287362,3.975128
0.304848,-0.454639,0.083841
0.545151,0.45072,-1.365734
-0.610376,-0.035307,-0.114845
2.850903,0.640946,2.287853
0.285029,-0.380375,0.445472
0.580819,0.480682,-1.275073
-0.600379,-0.047013,-0.110741
1.123322,-4.434503,1.592736
0.136971,-0.463037,0.68883
0.64724,0.398432,-1.2248
-0.595393,-0.059123,-0.094465
-1.061121,-1.802065,1.935996
0.150521,-0.245944,-0.115411
0.623469,0.272157,-1.123957
-0.589269,-0.074384,-0.079995
2.876356,0.997886,0.529675
0.295701,-0.433782,-0.871072
0.679407,0.274182,-1.097529
-0.583184,-0.084898,-0.092639
0.39532,5.275451,1.464763
0.521637,-0.662773,-1.673902
0.70684,0.377787,-1.06264
-0.573087,-0.100116,-0.127465
0.229941,12.078503,2.881325
0.50357,-0.698625,-2.343028
0.715583,0.66142,-0.987351
-0.556738,-0.119908,-0.185992
2.548519,17.324413,1.272657
-1.341602,-0.441582,-0.347592
0.755068,1.333659,-0.901574
-0.564781,-0.146198,-0.248748
0.922366,-6.36949,2.278278
-1.692892,-0.284204,0.682251
0.862734,1.405875,-0.864281
-0.612188,-0.156273,-0.243403
-10.197472,-7.811464,7.981156
-1.231273,0.317943,1.020667
0.6192,1.158324,-0.679673
-0.652714,-0.152411,-0.21903
-4.074468,-4.071068,7.194422
-0.263541,0.800245,0.754471
0.480971,0.983064,-0.468336
-0.669595,-0.139332,-0.194785
-0.470692,-2.802355,0.292365
0.275634,1.610094,0.354625
0.368827,0.825528,-0.342403
-0.669492,-0.088015,-0.174165
0.970439,3.01581,-0.663888
1.20889,1.199567,0.946342
0.403325,0.829132,-0.371776
-0.644732,-0.046469,-0.156382
-2.603965,-1.136829,1.856814
0.804868,1.113958,1.611111
0.35242,0.849213,-0.336649
-0.61416,-0.01583,-0.123489
-1.788051,-12.03775,2.026117
0.50466,1.344021,1.546196
0.283205,0.572906,-0.27156
-0.595474,0.020942,-0.077238
1.000956,-4.630203,0.245288
0.57173,1.380945,1.132704
0.314273,0.24468,-0.23853
-0.570321,0.073807,-0.022709
-0.320939,-7.045569,-0.716025
0.158774,1.355344,0.672499
0.321042,0.072289,-0.248935
-0.559719,0.112747,0.002075
-1.34253,-7.095683,1.000878
-0.232575,1.531554,0.102895
0.274325,-0.133099,-0.242416
-0.561962,0.152867,0.01334
0.6452,-3.416722,-0.181223
-0.286943,1.774227,-0.404253
0.3049,-0.243237,-0.24564
-0.57007,0.19746,0.011742
-0.046698,-1.104739,0.390326
-0.117537,1.896348,-1.072202
0.306937,-0.295378,-0.248017
-0.576615,0.248714,-0.008289
1.80989,6.198689,0.699966
0.16524,1.438213,-0.885181
0.370684,-0.113765,-0.231643
-0.574222,0.318152,-0.051017
-1.730224,3.234981,0.959316
-0.129631,1.318007,-0.646292
0.353767,0.015207,-0.206344
-0.573829,0.354918,-0.072268
-4.342035,-0.43385,2.874215
-0.374971,1.149128,-0.374856
0.255196,0.022385,-0.151161
-0.58225,0.392332,-0.088969
-4.793152,-3.182927,4.835091
-0.720459,0.903587,0.317262
0.050105,-0.051478,0.018481
-0.605799,0.433898,-0.089097
-4.282981,-5.408629,3.961317
-0.443129,1.021617,0.388275
-0.072758,-0.202383,0.134047
-0.62154,0.459152,-0.080269
-1.904803,-1.751648,2.080054
-0.307617,0.728487,0.696385
-0.132253,-0.274705,0.204007
-0.630886,0.482561,-0.064251
-0.935894,11.026949,3.189075
-0.807963,0.771007,1.430931
-0.1783,-0.132514,0.292609
-0.645081,0.502656,-0.034666
1.025885,0.262109,0.294314
-0.673487,0.52852,1.167903
-0.141349,0.015562,0.330643
-0.666694,0.520416,0.006532
-0.444913,-4.212361,-3.463332
0.292301,-0.507816,1.024159
-0.189671,-0.054543,0.234774
-0.676795,0.521139,0.063258
-3.420924,-3.985565,-2.696597
0.264976,-1.116271,0.720428
-0.252608,-0.157322,0.134835
-0.668871,0.499185,0.087764
-7.194359,-4.203689,1.068785
0.08629,-1.382422,-0.126081
-0.437515,-0.300384,0.133916
-0.663716,0.464185,0.093852
0.666514,2.539117,2.501304
0.510531,-1.807451,-0.1926
-0.498211,-0.267382,0.193722
-0.659821,0.421025,0.091081
-2.111351,6.364259,3.426975
1.460789,-2.121503,0.20697
-0.520161,0.015698,0.322734
-0.615737,0.339382,0.090561
-3.806872,1.334468,4.631582
0.72784,-1.851847,0.829249
-0.623016,0.102601,0.443098
-0.585019,0.287067,0.103369
4.731979,-7.965267,1.789666
-0.094756,-1.542429,0.928188
-0.571508,-0.063415,0.523071
-0.575414,0.234257,0.127665
5.248985,-9.966159,-1.100047
-0.168346,-1.554731,0.228356
-0.422145,-0.326904,0.506088
-0.579731,0.19395,0.14338
-1.475078,1.779703,0.715394
0.480636,-1.747116,-0.733241
-0.398621,-0.492244,0.524022
-0.577974,0.126832,0.136723
-4.106552,2.973608,-0.83066
0.21764,-1.372971,-0.976734
-0.506581,-0.375252,0.532093
-0.565978,0.082303,0.111075
4.430141,2.96712,-1.709923
0.273791,-1.583934,-1.132905
-0.419108,-0.317363,0.489074
-0.558688,0.039578,0.080139
1.040804,5.671968,0.333387
0.245887,-1.518337,-0.776572
-0.346794,-0.20286,0.476337
-0.551752,-0.002263,0.053606
-0.094188,-7.040944,-2.216879
-0.835973,-1.383001,-0.214579
-0.434108,-0.24461,0.416448
-0.567545,-0.060842,0.033648
0.34313,-2.647219,-2.289059
-0.126581,-1.481532,-0.840974
-0.403671,-0.399297,0.354665
-0.584281,-0.101212,0.019577
-1.628345,7.260803,-1.947536
0.064618,-1.576336,-0.665221
-0.427074,-0.244534,0.304841
-0.58296,-0.14257,0.00119
0.111058,-1.993204,-1.443256
-0.808484,-1.614611,-0.394454
-0.434038,-0.179451,0.265972
-0.594091,-0.187259,-0.015193
-3.229182,7.341619,-0.808392
0.113755,-1.662332,-1.238714
-0.487794,-0.130391,0.195124
-0.611869,-0.257872,-0.048004
-3.472732,7.300159,1.38484
-0.438084,-1.597294,-0.355401
-0.585227,0.125686,0.209912
-0.614744,-0.306559,-0.07599
-0.556244,-6.500426,1.865386
-0.866628,-1.312219,-0.128718
-0.638332,0.080934,0.254378
-0.636221,-0.34601,-0.085016
-1.301916,-4.107352,2.787995
-0.61003,-1.162556,0.007187
-0.664861,-0.033502,0.316041
-0.657339,-0.380016,-0.085125
-4.11349,4.633977,5.76826
-0.252019,-0.886465,1.029782
-0.757122,-0.007532,0.491138
-0.677797,-0.423151,-0.063476
-2.741705,3.88039,9.177965
0.470022,-0.49087,1.168346
-0.859247,0.054712,0.712233
-0.674336,-0.440766,-0.037648
-1.088008,0.38183,9.971317
1.244026,-0.011941,1.04744
-0.901775,0.106079,0.992535
-0.650146,-0.446258,-0.006877
-4.540571,1.601472,10.844038
0.908174,0.58047,0.668321
-0.989125,0.171056,1.299312
-0.614925,-0.436964,0.017846
3.54634,-1.091275,2.91706
0.777577,1.41042,0.013911
-0.992765,0.014312,1.563074
-0.587391,-0.396295,0.027136
1.787562,9.447566,-0.880332
1.422418,1.766727,0.223227
-0.930642,0.192806,1.557156
-0.558152,-0.355719,0.033376
1.337693,7.39878,-2.312356
1.652976,1.647718,0.422812
-0.886243,0.445132,1.497778
-0.510101,-0.30603,0.043337
1.431167,-4.510318,1.38736
0.362146,1.107466,0.01299
-0.86407,0.453314,1.4347
-0.476466,-0.267653,0.051679
-4.21404,-5.129054,-1.108081
-0.107657,0.325333,-0.601807
-0.985438,0.226175,1.356717
-0.472739,-0.24396,0.051551
-3.105147,-0.492106,-0.48027
-0.106159,0.010396,-1.204201
-1.093233,0.179446,1.335451
-0.476811,-0.239758,0.026378
-3.496321,0.306396,1.474708
-0.160012,-0.094899,-1.576273
-1.171777,0.203285,1.365874
-0.481096,-0.242131,-0.01073
-3.609223,0.450771,3.314693
0.303081,0.17948,-1.642407
-1.264433,0.211367,1.444296
-0.482087,-0.241654,-0.060081
-7.429177,8.166314,5.971715
0.438626,0.482738,-0.596191
-1.442984,0.35928,1.590925
-0.470589,-0.230756,-0.090297
-0.251467,-8.599215,5.721892
-0.022708,0.411605,-0.245635
-1.564044,0.283575,1.852186
-0.465857,-0.216079,-0.108955
-4.266899,-2.565684,4.322966
0.661326,1.411554,-0.753018
-1.628685,0.145306,1.986732
-0.458826,-0.193281,-0.120533
-5.845945,7.703967,3.592377
0.624488,1.862616,-0.363547
-1.793104,0.296195,2.098048
-0.442148,-0.146859,-0.133791
-0.312423,9.501486,2.125292
0.149862,1.674123,0.754519
-1.857776,0.573836,2.175906
-0.429074,-0.0934,-0.131601
-5.199587,2.464597,-0.768221
-0.742312,0.263152,1.346608
-1.980864,0.681567,2.181073
-0.437959,-0.050496,-0.100809
3.667037,-0.24304,-4.142119
0.063101,0.586483,0.961812
-1.977863,0.641233,2.111853
-0.445882,-0.040969,-0.071028
10.484372,2.216709,-6.965766
1.110185,1.210022,0.272533
-1.708349,0.709581,1.931268
-0.426125,-0.013694,-0.051089
6.410636,5.141962,-6.430737
1.651509,1.144314,0.036477
-1.483881,0.829889,1.731675
-0.386637,0.019835,-0.045457
6.085574,4.118646,-6.98203
1.857166,0.848749,-0.100538
-1.229271,1.059301,1.44697
-0.311953,0.055724,-0.041812
2.145049,2.81171,-7.75244
1.784708,0.796069,-0.11329
-1.145493,1.166466,1.246062
-0.263871,0.077317,-0.045987
-4.575426,-7.661083,-4.628279
1.541679,0.249902,0.201038
-1.227566,1.039741,1.075313
-0.21683,0.093648,-0.049595
1.749081,-10.156161,-2.950261
1.398517,0.421882,0.39482
-1.266757,0.739725,0.985747
-0.175577,0.101215,-0.042349
0.686528,2.223533,-3.388539
0.998598,0.923715,1.044573
-1.09375,0.671662,0.849118
-0.124175,0.135153,-0.012837
-2.777939,-2.588857,-0.544331
0.620514,-0.145733,1.472398
-1.176777,0.656364,0.814724
-0.104344,0.147119,0.019938
4.847867,-10.729759,-2.625174
0.644749,-0.681673,1.205944
-1.089359,0.37078,0.763937
-0.084106,0.134947,0.05641
1.781145,-8.204544,-2.559919
0.675942,-0.386616,0.862251
-1.007315,0.106617,0.689999
-0.066704,0.119089,0.083459
-3.394958,-0.965192,-0.919984
0.564613,-0.256271,0.239246
-1.024158,-0.020545,0.629329
-0.042413,0.111455,0.105769
-0.557556,-6.051473,-2.32445
0.723669,-0.688981,0.108932
-1.10136,-0.147584,0.57949
-0.024669,0.099903,0.108713
1.882392,-4.94035,-2.599212
0.9144,-0.021276,-0.14443
-1.022242,-0.335094,0.491067
0.001195,0.087811,0.106775
0.479442,0.296991,0.034362
0.921888,0.449828,0.095771
-1.019979,-0.360629,0.47393
0.02507,0.09265,0.1064
3.189288,0.570527,-0.161621
1.083817,0.387543,0.01436
-0.938315,-0.29743,0.501125
0.06716,0.114494,0.110689
1.106132,-1.701706,-1.289195
1.321295,0.435319,-0.064676
-0.867619,-0.337058,0.466557
0.100403,0.124475,0.109153
-4.449248,0.139655,0.023915
1.359194,0.748967,0.178983
-0.95958,-0.349027,0.45678
0.13862,0.139436,0.110442
-1.142488,1.627887,0.30403
1.095445,0.821288,0.317677
-1.035036,-0.310327,0.472339
0.172559,0.161925,0.118351
0.796328,-0.033576,-2.218608
0.947001,0.924403,-0.026135
-1.001791,-0.319358,0.400477
0.213536,0.196762,0.122262
-4.112239,-1.567133,5.202856
0.731811,1.173161,-0.69078
-1.100036,-0.318514,0.429099
0.236595,0.22255,0.118081
-1.713179,-2.171236,5.050151
0.50406,0.825728,-0.328
-1.291449,-0.28939,0.543678
0.252397,0.248174,0.113574
2.354203,-2.133086,3.483768
0.274183,0.476967,-0.531782
-1.242672,-0.321421,0.66034
0.264789,0.268068,0.103379
2.199218,-0.486027,2.878973
-0.289662,0.642738,-0.761204
-1.130519,-0.37066,0.773468
0.264505,0.290063,0.0745
2.085859,-1.457417,1.896344
-0.690669,0.735009,-0.980591
-1.064913,-0.400793,0.833526
0.251884,0.308282,0.051842
0.519251,2.387827,0.608268
-1.129245,1.05243,-1.274113
-1.030725,-0.370682,0.858399
0.227654,0.331868,0.022968
2.390597,5.703269,0.267541
-1.37136,1.142058,-0.869316
-0.9752,-0.216545,0.866345
0.189138,0.366571,-0.010121
-0.034235,0.233283,-0.440781
-1.404941,0.965328,-0.08565
-0.944369,-0.144814,0.845825
0.131689,0.409621,-0.029895
-2.793344,3.051949,1.340194
-1.582102,0.963298,0.513876
-0.988503,-0.088671,0.863972
0.092024,0.43488,-0.023032
-1.571079,1.528844,3.125284
-1.641797,0.617738,0.979257
-1.053288,-0.010949,0.935717
0.048769,0.455564,-0.002267
0.619808,-1.082155,3.0039
-1.531375,0.068863,1.364837
-1.058127,-0.038677,1.029122
0.001651,0.465891,0.029813
0.121366,-4.397555,3.635666
-1.352382,-0.38541,1.23133
-1.046386,-0.135853,1.120831
-0.039436,0.461688,0.065467
2.942449,-8.283073,3.591949
-1.084146,-0.893701,0.30947
-0.990341,-0.477564,1.281721
-0.088338,0.432052,0.099199
5.686876,-3.036304,1.916678
-1.28779,-0.703796,-0.282288
-0.852274,-0.608049,1.347263
-0.118475,0.411499,0.100117
1.591804,0.700081,1.250998
-1.218462,-0.808221,-0.545893
-0.763074,-0.60032,1.380433
-0.156498,0.388834,0.090106
-1.340496,4.03495,1.130523
-1.047974,-0.93601,-0.237988
-0.776372,-0.504397,1.407649
-0.185522,0.364198,0.081469
-3.493336,2.433611,1.42594
-0.685795,-1.249135,0.241627
-0.894755,-0.32561,1.460775
-0.220447,0.317859,0.084947
-0.505738,2.207027,1.48893
-0.79839,-1.43774,0.511051
-0.942887,-0.270475,1.490679
-0.241473,0.282469,0.094692
0.42524,-0.107119,0.80812
-0.865698,-1.536823,0.503089
-0.895318,-0.2374,1.494048
-0.265127,0.243324,0.109958
-0.824234,-2.186329,0.770375
-0.924475,-1.443715,0.434555
-0.907868,-0.289283,1.504717
-0.290508,0.201727,0.122959
0.744723,-5.765598,-0.582227
-1.082672,-1.677,-0.412573
-0.91686,-0.494399,1.532735
-0.335002,0.135548,0.124908
-1.392752,-1.563721,-0.144668
-0.748065,-1.700672,-0.620646
-0.938411,-0.553519,1.528699
-0.358723,0.088569,0.111792
-1.295261,2.033787,2.097811
-0.253655,-1.778228,-0.549945
-0.979021,-0.559177,1.571995
-0.372421,0.041491,0.093155
0.617002,1.807221,0.367055
0.596322,-1.928756,0.245923
-0.974687,-0.480617,1.596633
-0.367652,-0.010211,0.090834
0.70624,-2.614395,-3.958354
0.582346,-1.415943,0.060508
-0.923091,-0.594166,1.492103
-0.336347,-0.078971,0.09803
3.256743,2.02142,-4.300333
0.222063,-1.058739,-0.161255
-0.851796,-0.565595,1.373939
-0.326247,-0.111571,0.098932
2.292807,1.525098,-7.008839
0.152773,-0.753308,0.31504
-0.764558,-0.494728,1.216336
-0.321496,-0.135797,0.099542
1.715022,-5.081865,-6.542765
-0.169752,-0.123891,0.130125
-0.747643,-0.60105,1.029771
-0.320663,-0.14732,0.106168
6.429573,5.35362,-6.107726
-0.715186,0.228672,-0.357614
-0.429163,-0.594139,0.765095
-0.338516,-0.141789,0.094979
1.4231,4.153899,-3.741777
-0.771769,0.519856,0.792293
-0.360337,-0.426203,0.64331
-0.358475,-0.132391,0.102316
0.871452,-3.165066,-3.843937
-0.482352,0.586072,0.957177
-0.31998,-0.475742,0.546713
-0.375684,-0.116357,0.12318
-1.191595,-2.199588,-3.949808
-0.241281,0.70445,1.091621
-0.32019,-0.566978,0.434882
-0.384605,-0.098999,0.150361
0.976098,-4.837646,-2.387597
0.224518,0.466905,0.180958
-0.377258,-0.74643,0.336633
-0.383758,-0.071299,0.176458
2.452456,-1.897611,-4.010875
0.186211,0.300346,0.218177
-0.315389,-0.835741,0.24048
-0.377595,-0.061921,0.180243
2.233865,-1.805976,-0.600206
0.30108,0.608066,-0.085066
-0.255137,-0.900649,0.191168
-0.369965,-0.049812,0.182377
2.364886,1.091251,0.926664
0.536638,0.662385,-0.668035
-0.188734,-0.897753,0.20888
-0.358399,-0.032497,0.173087
1.326584,7.476471,-1.271657
0.556307,0.332987,-1.188486
-0.109669,-0.705755,0.187816
-0.332108,-0.008976,0.130682
2.96735,3.510017,-3.204303
0.632553,0.399328,-0.197615
-0.055383,-0.520602,0.112051
-0.315588,0.000917,0.10898
2.55892,-1.97826,-2.296777
0.628439,0.755568,-0.560298
0.025255,-0.55397,0.041204
-0.296299,0.016203,0.099269
-0.072176,3.199441,-0.278208
0.232118,0.811459,-0.833038
0.052143,-0.512988,0.016386
-0.284016,0.036318,0.078551
1.684963,0.878519,-0.587569
0.37588,0.622347,-0.030576
0.041146,-0.476603,0.013582
-0.274778,0.066004,0.058831
6.029684,0.547024,-3.072607
0.214937,0.544659,-0.262861
0.185647,-0.458088,-0.056278
-0.267431,0.082726,0.058004
4.795975,5.766379,-3.185189
0.038701,0.274526,-0.713791
0.34771,-0.337793,-0.149448
-0.26414,0.094781,0.043488
5.392534,7.325961,-2.363207
0.130966,0.01734,-0.672117
0.49595,-0.140697,-0.219718
-0.262586,0.097332,0.023293
-2.97837,-0.626846,-0.591143
0.174689,0.131631,-0.265415
0.521296,-0.015579,-0.296168
-0.255106,0.096836,0.00878
-3.30296,1.43368,0.980368
0.17125,-0.006141,-0.657671
0.413525,0.001427,-0.281079
-0.249812,0.099761,-0.002372
-4.607737,5.59404,1.056376
0.11978,-0.332446,-0.903111
0.301855,0.128025,-0.258027
-0.246893,0.094184,-0.021928
-6.281532,5.513386,0.641293
0.211232,-0.416828,-0.88892
0.135789,0.29505,-0.232591
-0.243006,0.083327,-0.047212
-3.8776,-3.002603,0.582469
0.278012,-0.371847,0.585516
-0.031706,0.360045,-0.222414
-0.233051,0.067668,-0.056647
-1.538992,-6.453178,0.8245
0.477725,-0.171319,0.526292
-0.098759,0.188026,-0.205765
-0.222431,0.060799,-0.038514
-1.887984,-1.555384,1.030037
0.738388,-0.036823,0.129735
-0.144632,0.108086,-0.184955
-0.206437,0.057232,-0.026621
-5.598413,2.801566,2.538818
0.520004,0.018136,-0.109382
-0.246846,0.147246,-0.132731
-0.188753,0.0561,-0.025182
-3.795738,0.146461,4.031188
0.48145,-0.026708,0.541536
-0.425895,0.215478,-0.025701
-0.17582,0.055515,-0.020228
4.092317,-5.526552,1.796206
0.772685,0.054277,0.402554
-0.355726,0.016126,0.064358
-0.149795,0.059755,0.001782
3.130987,-0.774189,1.882831
0.772599,-0.122916,-0.022425
-0.265439,-0.038931,0.10998
-0.129512,0.05863,0.009055
2.419353,1.124416,0.814752
0.849025,-0.295284,-0.237245
-0.193039,-0.014904,0.138277
-0.107249,0.053045,0.004936
