time	PosX	PosY	PosZ	LeftX	LeftY	LeftZ	RightX	RightY	RightZ	AccLinearX	AccLinearY	AccLinearZ	VelLinearX	VelLinearY	VelLinearZ
78.161058	118.156379	27.012633	155.244324	96.798533	27.598547	96.202972	124.730226	18.367955	92.123581	0.0	0.0	0.0	0.0	0.0	0.0
78.286464	113.143519	15.579838	154.32753	97.547631	13.05884	93.113167	126.220574	3.372974	92.341675	0.0	0.0	0.0	-5.012860000000003	-11.432795	-0.9167940000000101
78.398083	108.672385	5.634873	155.678238	101.637092	-2.112551	93.694702	128.131857	-5.535132	92.726173	0.0	0.0	0.0	-4.471133999999992	-9.944965	1.3507079999999974
78.523543	105.212561	-7.226847	160.109879	104.876212	-17.812998	99.085945	129.626621	-12.043958	93.549385	0.0	0.0	0.0	-3.459824000000012	-12.86172	4.431641000000013
78.648827	104.175643	-20.781614	160.939331	105.541193	-34.529284	101.094604	132.763703	-22.954261	93.633194	0.0	0.0	0.0	-1.036918	-13.554767000000002	0.8294520000000034
78.774544	105.4246	-34.835529	159.528976	103.145931	-49.772588	99.535179	134.447631	-39.844614	90.829346	0.0	0.0	0.0	1.2489570000000043	-14.053915	-1.4103550000000098
78.89974	108.861262	-50.350936	159.466431	98.643011	-59.438689	96.821106	131.875602	-60.669517	88.623985	0.0	0.0	0.0	3.4366619999999983	-15.515406999999996	-0.06254500000000007
79.024143	110.768226	-66.550851	161.096268	92.745435	-71.557205	100.054565	127.296133	-80.767072	92.965591	0.0	0.0	0.0	1.906964000000002	-16.199914999999997	1.629837000000009
79.148948	109.185278	-82.023564	160.068344	83.968322	-87.24787	104.21283	125.065247	-100.431417	97.057098	0.0	0.0	0.0	-1.5829480000000018	-15.472712999999999	-1.027924000000013
79.274696	105.701712	-98.267565	156.995804	79.577304	-103.798937	101.268921	126.685838	-116.236368	96.306	0.0	0.0	0.0	-3.483565999999996	-16.24400100000001	-3.0725400000000036
79.39941	99.63612	-114.893761	154.690079	82.759589	-123.5962	96.474304	129.396628	-127.040899	95.071198	0.0	0.0	0.0	-6.065591999999995	-16.626195999999993	-2.3057249999999954
79.524827	95.569618	-130.157391	154.492706	88.797721	-141.746169	100.19722	131.061302	-137.202766	98.05584	0.0	0.0	0.0	-4.066502	-15.263629999999992	-0.1973729999999989
79.649597	93.712631	-146.031125	154.079117	88.143967	-158.170607	103.001823	131.223674	-152.652588	98.580383	0.0	0.0	0.0	-1.8569870000000037	-15.873734000000013	-0.41358900000000176
79.775179	92.575774	-159.948822	151.280228	81.117678	-172.893945	100.685677	129.025577	-174.370849	96.403076	0.0	0.0	0.0	-1.1368570000000062	-13.917697000000004	-2.7988890000000026
79.900276	90.734206	-173.425788	152.302719	75.843234	-183.322058	99.542137	120.508882	-196.44074	97.667145	0.0	0.0	0.0	-1.8415679999999952	-13.476966000000004	1.0224910000000023
80.025575	85.716563	-185.40292	154.106781	73.589871	-189.396898	101.41954	106.249586	-213.504458	104.11116	0.0	0.0	0.0	-5.017643000000007	-11.977131999999983	1.804062000000016
80.150402	78.862883	-194.669551	151.929504	67.278749	-199.488942	99.658066	92.236649	-226.230829	109.688484	0.0	0.0	0.0	-6.853679999999997	-9.266631000000018	-2.1772770000000037
80.274086	70.172656	-200.806457	146.286804	60.065351	-211.305477	95.62294	82.144025	-234.626083	111.450287	0.0	0.0	0.0	-8.690226999999993	-6.136905999999982	-5.642700000000019
80.411264	62.437128	-206.831136	144.384521	52.815851	-216.606474	95.998444	74.414825	-240.027302	108.712646	0.0	0.0	0.0	-7.735528000000002	-6.024678999999992	-1.9022829999999828
80.535126	56.907205	-211.009293	146.597534	44.442033	-214.432894	100.92981	66.130154	-244.616897	110.487328	0.0	0.0	0.0	-5.529923000000004	-4.178157000000027	2.2130129999999895
80.648399	52.903345	-215.736947	149.968903	38.901725	-215.024243	105.965469	53.989532	-249.832421	111.6091	0.0	0.0	0.0	-4.003859999999996	-4.727653999999973	3.3713690000000156
80.775312	49.11027	-222.30192	154.293793	28.528043	-217.300472	111.403633	41.282743	-252.007633	113.272461	0.0	0.0	0.0	-3.7930750000000018	-6.564973000000009	4.324889999999982
80.90126	44.734547	-229.412231	156.257843	18.58038	-222.224145	118.440674	28.824218	-254.488368	116.948822	0.0	0.0	0.0	-4.375723000000001	-7.110310999999996	1.9640500000000145
81.026973	37.761349	-234.132895	157.838425	11.387984	-228.965822	123.221062	18.613333	-256.585883	117.453888	0.0	0.0	0.0	-6.9731979999999965	-4.720663999999999	1.5805819999999926
81.152577	27.955257	-236.486472	157.707169	-1.989612	-233.817608	125.458755	7.796897	-258.803974	116.940018	0.0	0.0	0.0	-9.806092000000003	-2.3535770000000014	-0.1312560000000076
81.277718	16.714466	-237.884604	154.807571	-18.172679	-239.529786	127.04953	-0.671729	-262.221291	117.522537	0.0	0.0	0.0	-11.240790999999998	-1.398132000000004	-2.8995979999999975
81.403082	5.2435	-240.276229	156.601501	-33.622086	-246.069434	129.823151	-4.228003	-264.076839	114.893555	0.0	0.0	0.0	-11.470966	-2.3916250000000048	1.7939300000000173
81.528815	-5.857927	-243.621533	159.131836	-48.697337	-253.149093	133.536743	-7.496338	-264.365067	113.384758	0.0	0.0	0.0	-11.101427000000001	-3.3453039999999987	2.5303349999999796
81.654449	-14.813593	-247.765061	158.238556	-61.82028	-261.874922	134.900909	-11.981861	-264.546434	111.550156	0.0	0.0	0.0	-8.955665999999999	-4.143528000000003	-0.8932800000000043
81.78072	-19.809271	-252.375247	157.364349	-66.80736	-270.615928	133.168823	-15.843792	-264.853826	109.37693	0.0	0.0	0.0	-4.995678	-4.610185999999999	-0.8742069999999842
81.906264	-22.32314	-256.361729	157.903168	-68.841398	-271.332117	133.056381	-17.925086	-264.976257	109.633377	0.0	0.0	0.0	-2.5138689999999997	-3.9864820000000236	0.5388189999999895
82.031692	-20.223177	-258.762278	156.967834	-70.42593	-269.352032	131.270676	-19.463566	-265.372838	109.67791	0.0	0.0	0.0	2.099962999999999	-2.4005489999999554	-0.9353339999999832
82.15746	-20.818146	-256.016751	156.065613	-70.306736	-269.657958	130.706894	-20.184085	-264.378016	107.728867	0.0	0.0	0.0	-0.594968999999999	2.7455269999999814	-0.9022209999999973
82.282591	-23.358842	-253.313177	156.338837	-65.78429	-270.746965	128.796631	-18.283725	-260.280615	106.001022	0.0	0.0	0.0	-2.5406960000000005	2.7035740000000033	0.273223999999999
82.407499	-24.729245	-251.248843	157.651871	-53.674228	-269.479176	126.511108	-15.654519	-254.26583	105.309769	0.0	0.0	0.0	-1.3704029999999996	2.0643340000000023	1.3130339999999876
82.533018	-21.98339	-247.096937	159.177414	-36.906781	-263.591967	119.92395	-10.900622	-248.428664	104.529083	0.0	0.0	0.0	2.745854999999999	4.151905999999997	1.525542999999999
82.658553	-17.302738	-240.41505	160.295944	-26.207284	-254.745281	106.607971	-4.168976	-241.362632	103.393486	0.0	0.0	0.0	4.6806519999999985	6.681886999999989	1.1185299999999927
82.783901	-11.289495	-234.345354	159.308319	-15.455441	-251.154486	99.619064	2.836867	-232.152307	102.697136	0.0	0.0	0.0	6.013243000000001	6.069696000000022	-0.98762499999998
82.908908	-4.52916	-229.703946	159.628967	0.043211	-248.526313	100.489136	8.3756	-223.652864	102.0308	0.0	0.0	0.0	6.760335	4.641407999999984	0.3206479999999772
83.034566	2.832503	-227.661822	161.105774	12.972559	-245.988041	101.582397	14.608665	-219.267236	101.275925	0.0	0.0	0.0	7.361663	2.042124000000001	1.476807000000008
83.160439	12.093687	-227.72843	161.023682	23.988635	-245.118566	102.208153	22.104699	-219.397453	100.426033	0.0	0.0	0.0	9.261184	-0.06660800000000222	-0.08209199999998873
83.286034	22.554423	-229.69768	159.37561	36.592511	-244.639713	101.614403	30.579349	-220.668562	99.670197	0.0	0.0	0.0	10.460736	-1.9692499999999882	-1.6480720000000133
83.397737	31.211595	-232.769745	157.84494	49.382218	-242.337159	104.002762	38.173494	-220.347619	100.997925	0.0	0.0	0.0	8.657172	-3.072065000000009	-1.5306699999999864
83.522876	40.308961	-234.602033	157.327774	63.4733	-236.803305	110.491714	47.035344	-218.501256	106.412575	0.0	0.0	0.0	9.097365999999997	-1.8322880000000055	-0.5171660000000031
83.660848	49.969537	-233.929466	157.898575	77.527897	-228.059919	116.469193	57.701867	-213.953254	112.5868	0.0	0.0	0.0	9.660576000000006	0.672567000000015	0.5708009999999888
83.773368	58.946671	-231.792256	156.206635	84.117547	-223.053346	116.35511	63.340817	-210.035926	112.983658	0.0	0.0	0.0	8.977134	2.137209999999982	-1.6919399999999882
83.904033	66.791247	-227.14252	155.579086	91.132984	-217.382993	114.398529	69.617138	-204.568054	111.492516	0.0	0.0	0.0	7.844575999999996	4.6497360000000185	-0.6275490000000161
84.031286	73.242855	-222.675292	156.695801	98.900845	-214.18033	114.311012	74.81594	-200.813329	110.361504	0.0	0.0	0.0	6.451608000000007	4.467227999999977	1.1167149999999992
84.157084	80.931769	-218.749075	158.472534	107.17623	-211.196949	114.294281	80.340223	-197.808577	109.681496	0.0	0.0	0.0	7.688913999999997	3.9262170000000083	1.7767330000000072
84.282447	89.843695	-215.741249	159.372955	116.618829	-207.451601	112.373642	85.86726	-194.7373	107.777512	0.0	0.0	0.0	8.911925999999994	3.0078259999999943	0.9004209999999944
84.409666	98.982918	-213.979537	159.393951	128.222122	-201.991572	112.687134	89.613013	-192.625207	105.602692	0.0	0.0	0.0	9.139223000000001	1.761712000000017	0.020995999999996684
84.534973	107.706693	-210.550526	160.532791	139.969644	-194.952276	118.527031	92.013325	-191.546998	104.134201	0.0	0.0	0.0	8.723775000000003	3.4290110000000027	1.138840000000016
84.660492	115.666467	-205.378185	161.533371	152.085741	-185.853459	123.680664	95.405758	-190.658733	101.847115	0.0	0.0	0.0	7.959773999999996	5.172340999999989	1.0005799999999851
84.785615	122.40061	-198.792943	160.39035	164.269004	-177.036237	125.118378	100.007762	-186.380381	99.342369	0.0	0.0	0.0	6.734143000000003	6.585241999999994	-1.143020999999976
84.910839	127.220135	-192.249964	158.196426	172.50727	-170.096748	127.624168	105.33503	-178.825952	97.631447	0.0	0.0	0.0	4.819524999999999	6.5429790000000025	-2.1939240000000098
85.036716	132.032611	-185.100255	158.64209	179.349532	-164.14628	131.948532	111.111312	-171.788796	97.978439	0.0	0.0	0.0	4.812476000000004	7.149709000000001	0.4456639999999936
85.148034	136.479176	-179.328594	159.703247	186.056533	-159.914621	134.218628	116.052956	-167.06776	101.057556	0.0	0.0	0.0	4.4465649999999926	5.771660999999995	1.0611570000000086
85.273522	140.387127	-174.626935	159.39772	190.834414	-155.452954	133.572922	118.821484	-162.674434	101.697968	0.0	0.0	0.0	3.907950999999997	4.7016590000000065	-0.3055270000000121
85.399537	141.906122	-169.84353	160.572647	186.03258	-151.250445	128.927353	119.658407	-161.75686	101.502083	0.0	0.0	0.0	1.518995000000018	4.783405000000016	1.1749269999999967
85.524832	141.740747	-166.631841	162.236328	172.661386	-149.641985	117.150558	119.507156	-162.184986	102.652336	0.0	0.0	0.0	-0.1653750000000116	3.2116889999999785	1.6636809999999969
85.651046	141.761978	-164.094084	162.423462	156.936525	-149.868172	103.883789	116.692757	-165.254619	104.158279	0.0	0.0	0.0	0.021231000000000222	2.537756999999999	0.18713400000001457
85.776216	136.176535	-163.69476	162.071808	140.580815	-155.04267	99.832741	113.848759	-174.288734	104.488037	0.0	0.0	0.0	-5.585442999999998	0.3993240000000071	-0.35165399999999636
85.90148	128.228622	-172.1209	162.129562	129.418975	-162.695182	101.292969	111.713725	-186.005876	106.080269	0.0	0.0	0.0	-7.947913	-8.426140000000004	0.05775399999998854
86.027092	123.490691	-184.374091	163.065033	122.311726	-171.1174	102.432106	109.441202	-199.429137	106.816696	0.0	0.0	0.0	-4.737931000000003	-12.253190999999987	0.9354710000000068
86.152804	120.272771	-197.009406	162.246078	114.880858	-182.549004	102.756073	109.311652	-213.558764	106.070015	0.0	0.0	0.0	-3.2179199999999923	-12.63531500000002	-0.8189549999999883
86.277741	116.610427	-207.052729	161.390274	107.978818	-196.421847	102.203773	108.090676	-223.658074	105.288193	0.0	0.0	0.0	-3.6623440000000045	-10.043322999999987	-0.8558040000000062
86.403623	110.382933	-213.679736	162.059219	102.666514	-205.879996	105.073761	102.297548	-230.333546	107.14476	0.0	0.0	0.0	-6.227494000000007	-6.627006999999992	0.6689450000000079
86.52931	103.203538	-219.050117	160.47995	96.151659	-210.74415	105.71196	93.494965	-236.54718	109.104988	0.0	0.0	0.0	-7.1793949999999995	-5.370381000000009	-1.5792690000000107
86.654058	96.737217	-222.507362	158.892563	88.226979	-213.711107	104.58107	83.070544	-241.877367	110.528862	0.0	0.0	0.0	-6.4663209999999935	-3.4572450000000003	-1.5873870000000068
86.778713	90.051158	-224.129764	158.335068	79.613009	-217.370366	103.666916	72.594314	-246.439669	113.212822	0.0	0.0	0.0	-6.686059	-1.622401999999994	-0.5574949999999887
86.903996	81.910996	-226.370622	160.204239	73.048294	-219.930952	106.717728	60.098867	-250.859201	116.590286	0.0	0.0	0.0	-8.140162000000004	-2.240858000000003	1.8691709999999944
87.028832	73.809438	-230.18741	160.054749	67.711992	-220.826078	106.686279	44.237588	-257.556388	120.1185	0.0	0.0	0.0	-8.101557999999997	-3.8167880000000025	-0.14949000000001433
87.154445	65.848076	-235.030896	158.459549	63.919529	-220.580203	104.041122	28.40444	-263.633221	123.419342	0.0	0.0	0.0	-7.961361999999994	-4.843486000000013	-1.595199999999977
87.279931	58.712746	-240.732046	158.867569	61.038777	-222.083094	102.371307	16.812608	-267.934901	125.023628	0.0	0.0	0.0	-7.135330000000003	-5.701149999999984	0.4080199999999934
87.405289	53.47491	-244.141237	159.398682	58.228958	-224.478428	103.099442	10.597761	-270.436046	125.994171	0.0	0.0	0.0	-5.2378360000000015	-3.4091909999999928	0.5311130000000048
87.530558	50.675389	-245.352904	159.179184	56.581466	-224.29646	103.631996	7.438359	-271.871852	126.291428	0.0	0.0	0.0	-2.7995209999999986	-1.2116670000000056	-0.21949800000001574
87.655876	49.769173	-245.574752	159.25386	55.97326	-223.241112	103.886482	6.697194	-271.180153	126.201103	0.0	0.0	0.0	-0.9062160000000006	-0.22184799999999427	0.07467600000001084
87.78094	48.858352	-243.00756	159.044678	55.719177	-221.927425	104.507828	9.093738	-262.651428	125.018204	0.0	0.0	0.0	-0.9108210000000057	2.5671919999999773	-0.20918199999999842
87.906068	48.835073	-238.323626	157.126541	56.598252	-219.14126	107.109787	18.212166	-245.256023	127.410652	0.0	0.0	0.0	-0.023278999999995165	4.683934000000022	-1.9181370000000015
88.030665	50.806509	-234.194088	155.749161	61.566666	-215.574592	110.240135	25.371511	-226.899277	125.646446	0.0	0.0	0.0	1.971435999999997	4.129537999999997	-1.3773800000000165
88.155453	57.069516	-228.534697	156.215424	70.675983	-213.813591	111.763214	38.508623	-214.289022	120.62088	0.0	0.0	0.0	6.263007000000002	5.659390999999999	0.4662630000000263
88.280034	67.199269	-224.369535	156.791565	82.682835	-212.37798	110.961823	44.438604	-208.683131	118.01767	0.0	0.0	0.0	10.129753000000001	4.165161999999981	0.5761409999999785
88.40566	76.026621	-220.21077	156.555862	95.52707	-210.113998	109.54026	58.426306	-202.949614	113.666306	0.0	0.0	0.0	8.827352000000005	4.158765000000017	-0.23570300000000088
88.531503	84.646698	-214.90062	156.106918	107.167459	-206.519291	108.241188	70.607075	-197.869766	111.30661	0.0	0.0	0.0	8.620076999999995	5.310149999999993	-0.44894399999998313
88.657268	92.134137	-209.902126	157.00473	114.458255	-203.56529	107.497253	79.750689	-193.353525	107.213211	0.0	0.0	0.0	7.487438999999995	4.998493999999994	0.8978119999999876
88.782931	99.067598	-205.117706	158.328735	114.776402	-198.835183	102.875175	86.28102	-190.5663	103.716751	0.0	0.0	0.0	6.933461000000008	4.784420000000011	1.3240049999999997
88.908846	104.3816	-199.423613	158.328049	115.089366	-192.544279	101.118469	89.758791	-186.531912	101.554398	0.0	0.0	0.0	5.314002000000002	5.694093000000009	-0.0006860000000017408
89.034147	107.914821	-192.494079	158.048279	118.733666	-184.243633	100.758072	90.914648	-178.332335	100.176193	0.0	0.0	0.0	3.5332209999999975	6.92953399999999	-0.279769999999985
89.160066	109.684594	-184.466215	157.706863	122.682449	-172.837685	98.697266	92.522221	-167.967691	97.537491	0.0	0.0	0.0	1.7697730000000007	8.027863999999994	-0.3414160000000095
89.286013	110.870992	-174.336651	159.221893	127.586017	-161.552796	97.829865	96.872876	-158.312608	94.118126	0.0	0.0	0.0	1.186397999999997	10.129564000000016	1.5150299999999959
89.411714	113.566535	-163.953492	161.022171	132.5121	-152.949634	97.978119	102.711726	-153.135498	89.915756	0.0	0.0	0.0	2.6955430000000007	10.383158999999978	1.8002779999999916
89.523378	117.319649	-154.461551	160.453934	136.595499	-144.94228	95.911827	105.767904	-143.437821	89.189156	0.0	0.0	0.0	3.7531139999999965	9.491941000000025	-0.5682369999999821
89.648793	121.215072	-144.307692	157.239456	141.097281	-131.531271	95.149124	105.949344	-129.412408	89.791046	0.0	0.0	0.0	3.895423000000008	10.153858999999983	-3.214478000000014
89.773987	125.945843	-134.477472	158.814728	144.896071	-115.860139	99.13855	105.745268	-119.587694	92.408791	0.0	0.0	0.0	4.73077099999999	9.830219999999997	1.5752720000000124
89.899389	129.25174	-123.560963	160.364777	148.360101	-100.499799	105.675735	107.029402	-112.310629	92.184868	0.0	0.0	0.0	3.305897000000016	10.916509000000005	1.5500490000000013
90.024584	131.506309	-112.322976	158.992279	152.518312	-85.48134	109.878624	108.939162	-101.940868	90.498833	0.0	0.0	0.0	2.254568999999975	11.237987000000004	-1.3724980000000073
90.149463	131.803755	-101.200495	156.770279	156.660153	-72.063332	111.597946	110.014525	-88.81703	87.563202	0.0	0.0	0.0	0.29744600000000787	11.122480999999993	-2.2220000000000084
90.274926	131.422287	-89.619798	157.39917	160.229571	-61.826657	113.133118	111.139859	-76.011584	87.070335	0.0	0.0	0.0	-0.38146799999998393	11.580697	0.6288910000000101
90.399993	133.165977	-79.079016	158.204788	165.114117	-53.443329	117.697815	113.585534	-65.287762	89.382561	0.0	0.0	0.0	1.7436899999999866	10.540782000000007	0.8056180000000097
90.525402	134.80655	-70.024716	158.23819	171.956516	-43.533978	123.26223	115.812684	-57.622001	91.661057	0.0	0.0	0.0	1.6405729999999892	9.054299999999998	0.03340199999999527
90.650751	136.386268	-62.691132	157.507889	179.671678	-33.377211	125.167786	116.113895	-53.845442	91.103722	0.0	0.0	0.0	1.579718000000014	7.333583999999995	-0.7303009999999972
90.775692	141.267845	-56.782552	157.808792	183.244526	-23.781698	124.735451	114.843794	-52.719364	89.976593	0.0	0.0	0.0	4.881576999999993	5.908580000000001	0.30090300000000525
90.901227	145.118248	-50.247283	158.304565	187.678115	-17.545084	126.213005	115.144774	-51.965726	89.458015	0.0	0.0	0.0	3.850403	6.5352689999999996	0.4957729999999856
91.026534	146.210687	-45.727968	158.620316	189.269438	-14.70137	125.897285	116.694089	-49.155307	89.863434	0.0	0.0	0.0	1.092439000000013	4.519315000000006	0.3157510000000059
91.151702	143.281423	-42.907754	158.3237	180.206208	-13.749332	121.260788	117.979342	-46.491519	90.075592	0.0	0.0	0.0	-2.9292640000000176	2.820214	-0.2966160000000002
91.277004	134.190305	-42.873414	158.059189	161.309916	-20.274647	111.051712	116.277985	-46.445717	91.450241	0.0	0.0	0.0	-9.091117999999994	0.03434000000000026	-0.26451099999999883
91.402391	125.324552	-46.637903	158.7155	142.287544	-30.390118	100.525047	112.242221	-49.978513	92.967323	0.0	0.0	0.0	-8.865752999999998	-3.7644890000000046	0.6563109999999881
91.528208	119.032978	-50.869833	159.288528	126.310522	-38.778501	96.926559	108.269449	-56.924746	92.970039	0.0	0.0	0.0	-6.291573999999997	-4.231929999999998	0.5730280000000221
91.653943	114.11888	-54.095568	159.633072	115.371624	-42.482383	98.733292	105.376085	-64.493478	92.33551	0.0	0.0	0.0	-4.914097999999996	-3.2257350000000002	0.34454399999998486
91.779688	109.795257	-55.384183	160.387054	107.829803	-41.665961	100.777908	103.391809	-68.807713	91.990761	0.0	0.0	0.0	-4.323622999999998	-1.288615	0.7539820000000077
91.904477	105.211248	-54.540358	160.35907	101.768846	-39.182732	101.140526	99.998466	-68.908944	91.680298	0.0	0.0	0.0	-4.584009000000009	0.8438250000000025	-0.02798400000000356
92.029847	100.206556	-51.131089	159.10965	92.799522	-37.119927	101.475525	94.322857	-66.644705	91.778946	0.0	0.0	0.0	-5.0046919999999915	3.4092689999999948	-1.2494200000000149
92.156129	94.926347	-46.273744	156.882767	82.318879	-38.970901	105.215477	87.153444	-65.186853	94.576614	0.0	0.0	0.0	-5.280208999999999	4.857345000000002	-2.2268829999999866
92.281136	87.017035	-41.931864	156.037613	73.141998	-37.916236	107.690254	81.47707	-64.486709	98.397385	0.0	0.0	0.0	-7.909312	4.341880000000003	-0.845154000000008
92.406272	77.838581	-39.146095	155.275894	62.239469	-35.514462	107.264351	77.406677	-62.717342	101.770653	0.0	0.0	0.0	-9.178454000000002	2.785768999999995	-0.7617189999999994
92.531283	67.281792	-38.697295	153.479996	50.47576	-35.470549	106.762169	72.100534	-61.577644	102.064255	0.0	0.0	0.0	-10.556789000000009	0.44880000000000564	-1.795897999999994
92.657082	56.411739	-40.943468	152.208267	39.434236	-37.12658	105.266212	61.806654	-62.609151	100.669411	0.0	0.0	0.0	-10.870052999999999	-2.246173000000006	-1.2717289999999934
92.782448	44.773474	-44.634319	152.949066	27.836097	-39.354359	104.63414	49.195835	-63.658602	101.384888	0.0	0.0	0.0	-11.638264999999997	-3.690850999999995	0.7407989999999813
92.907696	34.069975	-46.940128	154.614395	17.347277	-40.247308	106.460594	38.236864	-64.811068	103.17025	0.0	0.0	0.0	-10.703499	-2.3058090000000036	1.665329000000014
93.032963	23.698065	-48.292955	155.82016	5.993439	-40.443873	106.664154	27.748445	-67.897945	104.114891	0.0	0.0	0.0	-10.37191	-1.3528269999999978	1.2057649999999853
93.158634	14.24542	-49.469658	154.301376	-7.166302	-42.319274	105.792679	19.040793	-71.794007	103.957474	0.0	0.0	0.0	-9.452645	-1.1767030000000034	-1.5187839999999824
93.28326	4.2008	-50.53225	155.801697	-23.722892	-43.873644	109.599304	14.443885	-74.925343	104.417297	0.0	0.0	0.0	-10.044619999999998	-1.062591999999995	1.5003209999999854
93.409056	-5.008546	-52.989128	158.963226	-40.215614	-47.094349	117.73188	10.048232	-79.233622	103.244804	0.0	0.0	0.0	-9.209346	-2.4568780000000032	3.1615290000000016
93.534316	-13.801628	-57.01252	158.245712	-55.522585	-51.419103	124.41864	2.316606	-84.901497	100.808266	0.0	0.0	0.0	-8.793081999999998	-4.023392000000001	-0.7175139999999942
93.659943	-21.496482	-63.001928	156.982925	-66.227356	-55.28761	128.542358	-3.682232	-91.140092	94.547806	0.0	0.0	0.0	-7.694854000000001	-5.989407999999997	-1.262787000000003
93.785042	-29.331643	-69.521126	157.177689	-75.512139	-59.779905	130.330032	-5.644868	-95.288404	90.552864	0.0	0.0	0.0	-7.835160999999999	-6.519197999999996	0.19476399999999217
93.909474	-37.579256	-74.232799	157.687897	-85.531034	-64.315696	131.214783	-7.273623	-97.111775	90.580467	0.0	0.0	0.0	-8.247613000000001	-4.711673000000005	0.5102080000000058
94.033798	-46.274418	-77.096937	156.950577	-97.165613	-68.460553	132.407806	-9.865793	-97.729345	91.010628	0.0	0.0	0.0	-8.695161999999996	-2.864137999999997	-0.7373199999999827
94.158984	-56.733371	-77.575817	156.405945	-110.47952	-72.12537	133.949966	-13.80243	-95.81289	92.759689	0.0	0.0	0.0	-10.458953000000001	-0.47888000000000375	-0.5446320000000071
94.284844	-69.274884	-77.325189	156.979889	-123.828252	-74.148393	133.884186	-19.36733	-92.526707	95.239334	0.0	0.0	0.0	-12.541513000000002	0.25062800000000607	0.5739439999999831
94.410013	-78.660129	-77.930517	157.090622	-133.58095	-74.446838	133.460556	-25.549484	-89.435198	97.706703	0.0	0.0	0.0	-9.385244999999998	-0.6053280000000001	0.1107330000000104
94.534759	-83.39197	-79.04346	157.219208	-138.621536	-74.78264	132.041519	-29.424356	-89.499275	101.358124	0.0	0.0	0.0	-4.731841000000003	-1.1129430000000013	0.12858600000001275
94.660086	-83.486553	-81.169053	157.584274	-142.270508	-75.094456	130.834732	-28.405661	-90.053381	101.02037	0.0	0.0	0.0	-0.09458300000000008	-2.125593000000009	0.36506599999998457
94.785879	-83.208441	-83.122177	156.840668	-142.139384	-76.140291	129.791809	-27.100714	-89.944284	101.339149	0.0	0.0	0.0	0.27811200000000724	-1.9531239999999883	-0.7436059999999998
94.911194	-84.601138	-81.597874	156.992889	-142.54119	-77.633182	131.486374	-25.605407	-88.252283	101.461983	0.0	0.0	0.0	-1.3926970000000125	1.524302999999989	0.15222099999999728
95.036435	-87.266064	-78.347452	156.520874	-142.549033	-78.774738	133.182098	-25.778497	-85.498226	99.983337	0.0	0.0	0.0	-2.664925999999994	3.2504220000000004	-0.47201499999999896
95.161911	-87.243822	-77.979136	156.623032	-137.176361	-81.66573	130.450668	-27.411501	-84.00969	98.358635	0.0	0.0	0.0	0.022242000000005646	0.3683160000000072	0.10215800000000286
95.273072	-83.342854	-81.028429	157.755249	-116.105059	-84.401619	120.94809	-30.43301	-84.926937	98.91378	0.0	0.0	0.0	3.9009679999999918	-3.049293000000006	1.1322169999999971
95.398363	-74.616736	-85.258531	158.464996	-87.949748	-83.446111	107.030083	-30.445416	-89.311585	99.633423	0.0	0.0	0.0	8.726118	-4.230102000000002	0.7097470000000214
95.524188	-63.940241	-89.08545	158.867493	-66.135868	-86.287172	104.47271	-28.8621	-93.351082	101.467964	0.0	0.0	0.0	10.676495000000003	-3.8269189999999895	0.40249699999998256
95.649958	-52.853287	-92.515195	158.7379	-54.934463	-92.842805	107.603249	-23.144668	-97.445215	102.044884	0.0	0.0	0.0	11.086953999999999	-3.429745000000011	-0.12959299999999985
95.775452	-42.761625	-97.051402	160.240631	-51.686171	-103.629578	109.522903	-18.499599	-101.7365	101.768021	0.0	0.0	0.0	10.091662	-4.53620699999999	1.5027310000000114
95.90084	-36.193076	-102.304192	161.314468	-50.957571	-112.002184	113.788315	-17.476701	-106.572306	102.198753	0.0	0.0	0.0	6.568549000000004	-5.2527900000000045	1.0738369999999975
96.026218	-32.888256	-108.484272	160.624954	-51.862812	-120.590211	115.592781	-17.410365	-113.935906	101.7509	0.0	0.0	0.0	3.3048199999999994	-6.180080000000004	-0.6895140000000026
96.151358	-33.30857	-116.030044	159.420853	-53.571858	-131.434028	116.017273	-17.905942	-123.863722	101.880386	0.0	0.0	0.0	-0.42031400000000474	-7.5457719999999995	-1.2041010000000085
96.276498	-37.616609	-125.019377	157.71608	-55.391824	-144.759604	115.384171	-15.249918	-134.450993	103.513	0.0	0.0	0.0	-4.308038999999994	-8.989333000000002	-1.7047729999999888
96.401871	-41.062191	-136.072536	158.137039	-55.793176	-159.772754	115.629433	-11.965886	-141.324739	105.216179	0.0	0.0	0.0	-3.4455820000000017	-11.053159000000008	0.4209589999999821
96.526944	-41.569502	-147.471243	161.009735	-56.529904	-175.709645	120.843842	-9.86382	-147.126936	106.083908	0.0	0.0	0.0	-0.5073110000000014	-11.398706999999973	2.872696000000019
96.651814	-40.824796	-158.926196	159.75119	-58.481253	-194.489577	124.330101	-8.012495	-156.605876	103.817436	0.0	0.0	0.0	0.7447060000000008	-11.454953000000017	-1.258544999999998
96.776757	-37.849878	-169.194738	158.558014	-61.274213	-211.504043	126.381706	-7.678252	-169.18257	99.940857	0.0	0.0	0.0	2.9749180000000024	-10.268541999999997	-1.1931760000000224
96.90171	-35.46098	-180.152823	159.774323	-63.344006	-225.702007	129.558304	-8.449349	-180.532443	101.367065	0.0	0.0	0.0	2.3888979999999975	-10.958085000000011	1.2163090000000238
97.027142	-34.56329	-191.407974	160.950165	-64.442633	-238.73233	132.490204	-7.913332	-189.366847	103.759407	0.0	0.0	0.0	0.8976899999999972	-11.255150999999984	1.1758419999999887
97.152329	-35.227798	-203.246421	159.308792	-68.631494	-252.38028	132.467834	-4.951985	-194.592002	102.777359	0.0	0.0	0.0	-0.6645079999999979	-11.838447000000002	-1.6413729999999873
97.277567	-36.548178	-215.50558	158.248749	-71.386366	-262.514999	132.297089	-3.442161	-195.699779	100.242165	0.0	0.0	0.0	-1.32038	-12.259159000000011	-1.0600430000000074
97.40293	-34.736193	-223.464957	160.343262	-70.216589	-264.886369	128.273987	-4.976383	-198.985901	101.532509	0.0	0.0	0.0	1.811985	-7.959376999999989	2.0945130000000063
97.528386	-30.181226	-228.402229	160.224609	-64.650345	-259.488149	117.606667	-3.484549	-203.972913	101.819466	0.0	0.0	0.0	4.554967000000001	-4.937272000000007	-0.11865300000002321
97.654426	-20.728048	-228.784346	158.387878	-45.715492	-248.185232	102.784798	1.074524	-207.711028	100.483932	0.0	0.0	0.0	9.453177999999998	-0.3821169999999938	-1.8367309999999861
97.7799	-10.476297	-224.723477	157.931854	-21.153943	-237.281036	94.631378	6.312142	-208.485139	102.528473	0.0	0.0	0.0	10.251751	4.060868999999997	-0.45602400000001353
97.905661	-1.900409	-221.254754	158.236313	-2.588524	-234.612674	96.985748	12.604492	-206.951765	103.758713	0.0	0.0	0.0	8.575888	3.4687230000000113	0.3044590000000085
98.030893	6.990045	-219.635922	158.548248	9.41752	-238.682675	101.556824	17.908113	-206.259722	104.348755	0.0	0.0	0.0	8.890454	1.6188319999999976	0.3119350000000054
98.15674	16.456784	-219.281276	157.61058	24.248209	-245.944182	107.917747	25.68658	-205.983162	102.532341	0.0	0.0	0.0	9.466738999999999	0.35464600000000246	-0.9376680000000022
98.28117	24.899281	-219.098563	156.11058	43.427131	-249.775293	116.022659	40.632246	-206.992382	100.946999	0.0	0.0	0.0	8.442497	0.18271299999997836	-1.5
98.406037	33.223182	-222.144874	157.777267	54.542982	-245.334444	115.691826	54.029931	-206.28299	108.340118	0.0	0.0	0.0	8.323901000000003	-3.0463109999999745	1.666686999999996
98.530527	41.632112	-225.682423	159.816116	62.304477	-240.987529	112.397919	60.031673	-201.938548	116.367218	0.0	0.0	0.0	8.408929999999998	-3.5375490000000127	2.038848999999999
98.656116	50.718702	-228.555773	161.868698	76.030746	-240.17772	118.116997	61.041284	-192.358324	123.423126	0.0	0.0	0.0	9.086590000000001	-2.873349999999988	2.052582000000001
98.780997	60.200763	-229.21655	161.685913	89.217451	-236.671455	120.255157	65.563053	-185.653648	129.594788	0.0	0.0	0.0	9.482061000000002	-0.6607770000000244	-0.18278499999999553
98.90622	69.219767	-226.1438	160.886459	96.381442	-229.369566	115.663696	75.791758	-184.537053	130.152222	0.0	0.0	0.0	9.019004000000002	3.0727500000000134	-0.7994539999999972
99.031519	78.719779	-220.752565	162.075882	103.286505	-224.276829	112.121155	85.489662	-184.168725	126.016998	0.0	0.0	0.0	9.500011999999998	5.391234999999995	1.189423000000005
99.156769	88.371553	-215.523951	162.724197	117.656034	-219.483573	115.85157	89.519045	-182.326633	123.870003	0.0	0.0	0.0	9.651774000000003	5.228613999999993	0.6483149999999966
99.282014	98.940645	-210.538201	161.22525	134.205552	-207.714342	118.188057	95.324331	-181.500867	120.001373	0.0	0.0	0.0	10.569091999999998	4.985750000000024	-1.4989470000000154
99.407584	111.84409	-205.064503	158.394089	152.181096	-191.559396	121.515045	103.236798	-183.588122	111.962593	0.0	0.0	0.0	12.90344499999999	5.473697999999985	-2.8311609999999803
99.53264	125.992019	-197.344366	156.996399	169.619407	-174.194802	128.394775	106.232414	-187.185381	104.830681	0.0	0.0	0.0	14.147929000000005	7.720136999999994	-1.3976900000000114
99.657797	136.272019	-189.240902	159.08313	182.575288	-161.383077	132.656403	106.60776	-191.236185	105.793068	0.0	0.0	0.0	10.280000000000001	8.103464000000002	2.0867310000000145
99.783331	141.265445	-184.211414	159.863144	188.676291	-154.55695	132.160797	106.871594	-192.90904	108.846222	0.0	0.0	0.0	4.9934259999999995	5.029488000000015	0.7800139999999942
99.908302	141.320986	-182.351397	160.726395	183.738917	-152.356554	121.828331	107.203814	-195.258775	109.473129	0.0	0.0	0.0	0.05554100000000517	1.8600169999999991	0.8632509999999911
100.033244	133.98316	-182.740559	161.340775	162.189743	-161.305605	100.677155	107.096984	-199.416845	108.939194	0.0	0.0	0.0	-7.337826000000007	-0.3891619999999989	0.6143800000000113
100.158429	121.609771	-190.548845	161.365662	134.384963	-181.86993	93.291595	102.30878	-207.171146	110.938644	0.0	0.0	0.0	-12.373389000000003	-7.80828600000001	0.024886999999978343
100.284518	112.154189	-203.225379	161.478455	113.243954	-196.107922	103.532066	93.152353	-220.987854	114.949867	0.0	0.0	0.0	-9.455581999999993	-12.676534000000004	0.11279300000001058
100.410353	105.864804	-215.013168	161.223145	99.959764	-205.648271	109.147682	88.494538	-235.589995	116.748901	0.0	0.0	0.0	-6.289384999999996	-11.787789000000004	-0.2553100000000086
100.53622	100.356073	-223.186034	161.997528	91.810478	-212.310279	110.967705	86.771609	-243.783543	116.396805	0.0	0.0	0.0	-5.508731000000012	-8.172865999999999	0.7743830000000003
100.647814	94.70171	-227.852686	162.127335	86.474422	-216.526031	111.607483	83.102989	-246.909475	115.458443	0.0	0.0	0.0	-5.654362999999989	-4.666651999999999	0.12980699999999956
100.773756	87.159382	-231.28832	161.135818	79.984749	-220.119212	109.939888	75.487101	-248.487657	114.681099	0.0	0.0	0.0	-7.542328000000012	-3.435633999999993	-0.9915169999999875
100.898954	78.716126	-232.147497	159.917099	73.160761	-222.598902	108.205368	63.235526	-250.666742	116.428947	0.0	0.0	0.0	-8.443255999999991	-0.8591769999999883	-1.218718999999993
101.024158	70.237397	-231.759359	159.231125	66.30824	-224.263167	106.688759	48.891049	-257.525593	122.338608	0.0	0.0	0.0	-8.478729000000001	0.3881379999999979	-0.6859740000000158
101.148914	63.04026	-232.927172	160.281769	61.621634	-224.365766	107.810661	35.574925	-262.537066	127.816795	0.0	0.0	0.0	-7.197136999999998	-1.1678130000000237	1.0506440000000055
101.274281	56.830782	-234.977861	160.991653	58.150687	-223.817236	107.995247	23.350624	-264.815535	132.587692	0.0	0.0	0.0	-6.209478000000004	-2.050688999999977	0.7098840000000166
101.398393	51.710409	-237.499971	159.996277	55.51938	-223.582177	106.636429	10.586174	-269.964741	133.33905	0.0	0.0	0.0	-5.120373000000001	-2.522109999999998	-0.9953760000000216
101.523234	46.540877	-239.582651	160.932526	55.548075	-224.584935	107.189285	3.235303	-271.116154	128.196976	0.0	0.0	0.0	-5.169531999999997	-2.0826800000000105	0.9362490000000037
101.660157	42.920824	-239.53805	160.437515	57.652359	-226.654929	106.588196	3.826345	-262.872056	109.872818	0.0	0.0	0.0	-3.6200529999999986	0.04460100000000011	-0.4950110000000052
101.786193	46.909347	-234.119871	160.698532	61.836999	-226.413229	108.493187	20.316456	-247.082111	91.070595	0.0	0.0	0.0	3.9885229999999936	5.418179000000009	0.2610170000000096
101.897794	56.395572	-229.929989	161.287415	68.000878	-224.650783	109.506737	40.674542	-232.045277	91.998138	0.0	0.0	0.0	9.486225000000005	4.189881999999983	0.5888830000000098
102.022749	68.349351	-227.919637	160.277161	78.658171	-224.695672	109.323906	58.041808	-221.486472	102.575943	0.0	0.0	0.0	11.953778999999997	2.0103520000000117	-1.0102540000000033
102.148205	81.568429	-226.897795	159.041946	92.034775	-226.765638	106.985664	70.261158	-217.063184	105.510506	0.0	0.0	0.0	13.219077999999996	1.0218419999999924	-1.2352150000000108
102.27365	93.647422	-225.417378	159.473328	103.059082	-229.091657	104.938461	78.365005	-210.781813	105.908707	0.0	0.0	0.0	12.078993000000011	1.4804169999999885	0.4313820000000135
102.399483	101.722143	-221.590403	160.658371	110.911269	-227.110846	106.566116	86.586211	-207.667172	107.482704	0.0	0.0	0.0	8.074720999999997	3.8269750000000045	1.185042999999979
102.523957	108.111616	-216.219083	160.208099	117.383162	-221.16162	105.353752	93.113285	-203.53566	105.511131	0.0	0.0	0.0	6.389472999999995	5.371319999999997	-0.450271999999984
102.649616	113.277554	-208.435751	159.319763	121.827305	-211.966325	104.72937	97.37165	-197.249086	103.891411	0.0	0.0	0.0	5.165937999999997	7.7833320000000015	-0.8883360000000096
102.775408	117.114986	-198.481392	158.681519	123.170681	-198.181048	105.597687	102.021726	-188.34153	102.49939	0.0	0.0	0.0	3.837432000000007	9.95435900000001	-0.638243999999986
102.900524	119.465439	-187.467966	159.956772	124.529819	-186.894608	105.543304	107.468238	-177.775649	100.012924	0.0	0.0	0.0	2.3504530000000017	11.01342600000001	1.2752529999999922
103.026448	121.433984	-176.586075	161.620605	130.100999	-175.140979	108.079887	112.413609	-169.109515	100.263084	0.0	0.0	0.0	1.9685449999999918	10.881890999999996	1.663833000000011
103.152248	123.531249	-164.845718	161.495926	138.23378	-160.949109	108.911766	115.655667	-159.628274	100.917793	0.0	0.0	0.0	2.0972650000000073	11.740356999999989	-0.12467900000001464
103.277996	126.691242	-152.193957	158.83194	145.651249	-144.304485	105.829514	116.614277	-147.547525	97.740295	0.0	0.0	0.0	3.159993	12.651760999999993	-2.663985999999994
103.403709	130.981723	-138.458777	158.894806	149.244139	-126.634514	106.08213	115.176604	-134.122749	97.4384	0.0	0.0	0.0	4.290480999999986	13.735180000000014	0.06286599999998543
103.528569	133.358543	-124.819031	160.654495	151.479327	-108.505062	110.452057	113.730437	-122.044112	99.821617	0.0	0.0	0.0	2.3768200000000093	13.639746000000002	1.7596890000000087
103.653871	134.04172	-111.375115	161.658478	154.972365	-90.386949	115.304825	111.960292	-109.763844	100.69957	0.0	0.0	0.0	0.6831770000000006	13.443916000000002	1.0039830000000052
103.779093	133.787198	-98.412337	158.687943	159.416777	-74.155781	117.241165	111.318607	-95.070309	97.231789	0.0	0.0	0.0	-0.2545220000000086	12.962778	-2.9705350000000124
103.904099	132.346007	-85.96593	157.956512	163.435877	-60.680727	117.863129	111.589091	-80.02305	95.979515	0.0	0.0	0.0	-1.4411910000000034	12.446406999999994	-0.7314309999999864
104.029336	132.652442	-73.794161	159.69339	168.883417	-47.306177	124.618149	112.231076	-67.966514	99.050949	0.0	0.0	0.0	0.3064350000000218	12.171768999999998	1.7368779999999902
104.154509	134.702883	-62.727994	160.450928	175.930267	-33.037667	131.244202	112.117996	-59.206971	102.048325	0.0	0.0	0.0	2.0504410000000064	11.066167	0.7575380000000109
104.2795	137.001285	-53.015129	156.962006	185.234419	-19.755319	131.84288	106.855568	-51.808487	102.746773	0.0	0.0	0.0	2.2984019999999816	9.712865	-3.4889220000000023
104.405009	141.411794	-43.15405	155.497879	191.371457	-12.88662	129.02829	101.603308	-49.636266	104.241707	0.0	0.0	0.0	4.4105089999999905	9.861079000000004	-1.4641269999999906
104.530442	141.871521	-35.371693	156.5495	185.430227	-6.6307	126.157883	102.210868	-48.111251	103.429756	0.0	0.0	0.0	0.4597270000000151	7.7823569999999975	1.051620999999983
104.655626	134.954844	-29.558377	157.04953	160.723347	-6.806452	113.374664	103.381394	-43.542497	103.38929	0.0	0.0	0.0	-6.916676999999993	5.813316	0.5000300000000095
104.781027	122.327512	-30.077209	156.972137	133.719324	-17.828971	97.491119	102.82164	-42.152991	104.190422	0.0	0.0	0.0	-12.62733200000001	-0.5188319999999997	-0.07739300000000071
104.906805	112.169945	-35.886068	155.61235	111.999061	-28.296777	95.035606	96.817479	-45.312602	103.725288	0.0	0.0	0.0	-10.157567	-5.808859000000002	-1.3597870000000114
105.032092	103.755542	-40.17089	154.147797	98.158911	-28.437217	100.005127	90.170806	-50.897971	103.719864	0.0	0.0	0.0	-8.414402999999993	-4.284821999999998	-1.464552999999995
105.157288	95.342746	-42.387278	153.881744	87.652998	-23.815862	103.439949	85.951936	-53.926258	104.288986	0.0	0.0	0.0	-8.412796	-2.216388000000002	-0.26605299999999943
105.282609	86.076286	-41.365212	154.428421	78.19461	-19.96789	103.642441	80.945765	-54.284302	102.509926	0.0	0.0	0.0	-9.26646000000001	1.0220660000000024	0.5466769999999883
105.408443	76.186557	-37.511908	153.714508	68.193827	-17.323225	101.342537	74.11828	-53.687043	100.438881	0.0	0.0	0.0	-9.889729000000003	3.8533040000000014	-0.7139129999999909
105.534545	65.784442	-32.27169	152.629883	55.385643	-15.733266	98.666451	68.404878	-54.178771	98.849136	0.0	0.0	0.0	-10.402114999999995	5.240217999999999	-1.0846249999999884
105.660752	54.136066	-29.916661	154.771667	42.915395	-18.622436	100.717255	64.812393	-54.408019	100.242424	0.0	0.0	0.0	-11.648375999999999	2.3550289999999983	2.1417840000000012
105.785953	43.113287	-31.188475	155.196304	30.968434	-23.271542	102.429436	59.31691	-55.815752	102.010681	0.0	0.0	0.0	-11.022779	-1.2718139999999991	0.42463699999998994
105.910712	32.925068	-35.0408	151.003494	17.644651	-28.516154	101.433266	50.645397	-58.374029	100.856163	0.0	0.0	0.0	-10.188218999999997	-3.852324999999997	-4.192810000000009
106.034298	22.38197	-40.842712	145.764343	2.078878	-33.013826	100.019585	39.227724	-63.369144	100.077675	0.0	0.0	0.0	-10.543098000000004	-5.8019120000000015	-5.239150999999993
106.158451	10.763421	-47.114107	145.222885	-10.750219	-35.877413	100.705162	28.207543	-69.032841	103.197433	0.0	0.0	0.0	-11.618549	-6.271394999999998	-0.5414580000000058
106.283693	0.59363	-52.537598	145.75679	-18.697892	-37.949794	100.521423	17.445747	-74.972008	105.331947	0.0	0.0	0.0	-10.169791	-5.423491000000006	0.5339050000000043
106.408776	-8.321373	-59.520321	147.723206	-24.707353	-41.682377	99.603775	6.925913	-80.872622	105.531075	0.0	0.0	0.0	-8.915002999999999	-6.982723	1.9664160000000095
106.534799	-16.921912	-67.03942	150.651962	-35.332057	-48.191693	100.45092	-3.812785	-87.523801	103.66008	0.0	0.0	0.0	-8.600539	-7.519099000000004	2.928755999999993
106.661774	-27.478626	-74.022176	153.634567	-50.936478	-58.406389	106.768715	-11.694153	-95.167334	103.404449	0.0	0.0	0.0	-10.556714	-6.982755999999995	2.9826050000000066
106.773081	-36.192551	-79.431059	155.138428	-63.031196	-67.996986	114.952126	-15.954783	-100.686207	102.578827	0.0	0.0	0.0	-8.713925000000003	-5.408883000000003	1.5038610000000006
106.897974	-44.709792	-85.33647	157.563858	-78.460848	-74.395392	122.194824	-22.042681	-106.100798	103.341545	0.0	0.0	0.0	-8.517240999999999	-5.905411000000001	2.4254300000000057
107.023301	-50.875934	-90.613705	155.454834	-92.156257	-75.450572	126.496674	-30.849356	-113.234321	100.458481	0.0	0.0	0.0	-6.166142000000001	-5.27723499999999	-2.109024000000005
107.148468	-57.525655	-95.297895	156.365662	-99.346589	-76.92022	131.174728	-38.674808	-117.456926	100.944542	0.0	0.0	0.0	-6.6497209999999995	-4.684190000000001	0.9108279999999809
107.273958	-65.745896	-95.908879	157.62616	-111.841988	-77.292663	134.147766	-43.622893	-118.546422	103.59584	0.0	0.0	0.0	-8.220241000000001	-0.610984000000002	1.2604980000000126
107.399309	-74.772001	-95.333899	156.529236	-126.756749	-76.56458	137.517059	-42.414435	-119.064835	107.162979	0.0	0.0	0.0	-9.026105000000001	0.5749799999999965	-1.0969240000000013
107.524258	-82.588027	-95.539005	156.915619	-136.398411	-78.358387	134.907364	-40.570484	-115.568397	108.306549	0.0	0.0	0.0	-7.816025999999994	-0.20510600000000068	0.38638299999999504
107.649645	-86.72037	-98.061849	156.60347	-141.891954	-82.920808	132.483414	-40.575717	-112.972843	108.505547	0.0	0.0	0.0	-4.132343000000006	-2.522843999999992	-0.3121490000000051
107.775059	-87.740033	-101.144289	156.106949	-142.898088	-85.602007	129.362839	-40.304183	-112.208284	108.397202	0.0	0.0	0.0	-1.0196629999999942	-3.0824400000000054	-0.4965210000000013
107.900565	-84.535733	-106.614387	156.84082	-132.918959	-96.110465	124.908463	-39.272511	-113.372066	106.540558	0.0	0.0	0.0	3.2043000000000035	-5.470097999999993	0.7338710000000219
108.02592	-74.926507	-114.92206	158.379852	-102.467839	-105.608477	110.354721	-37.890156	-116.728109	106.040405	0.0	0.0	0.0	9.609225999999992	-8.307673000000008	1.5390319999999917
108.15155	-61.95165	-121.142357	159.131271	-73.547164	-112.421008	98.489838	-33.41969	-121.449153	105.475632	0.0	0.0	0.0	12.974857	-6.220297000000002	0.7514189999999985
108.277412	-50.879507	-126.602432	159.852051	-55.38505	-124.240215	103.070808	-26.195371	-127.438143	105.898193	0.0	0.0	0.0	11.072143000000004	-5.460074999999989	0.7207799999999907
108.402861	-43.507415	-132.729066	160.447647	-50.078166	-135.843678	107.763901	-22.286366	-133.923593	106.408836	0.0	0.0	0.0	7.372091999999995	-6.126633999999996	0.5955960000000005
108.528278	-37.630781	-139.80214	159.371826	-52.052632	-150.452683	110.537132	-22.230885	-141.204082	105.81665	0.0	0.0	0.0	5.876634000000003	-7.07307400000002	-1.0758209999999906
108.653431	-34.833981	-147.99832	157.21022	-57.081182	-172.728536	115.12101	-22.498428	-149.701672	104.499695	0.0	0.0	0.0	2.7967999999999975	-8.196179999999998	-2.161606000000006
108.777785	-37.344719	-158.528478	155.209915	-61.731316	-197.436873	122.957375	-23.736606	-160.320964	103.670311	0.0	0.0	0.0	-2.5107379999999964	-10.530158	-2.0003049999999973
108.902543	-41.416237	-173.758768	152.805893	-68.541672	-224.241309	127.087799	-25.923794	-171.787457	101.583885	0.0	0.0	0.0	-4.071518000000005	-15.230289999999997	-2.4040219999999977
109.027875	-45.148832	-193.064924	151.72258	-72.24473	-245.243301	132.585449	-26.794246	-182.877612	97.091957	0.0	0.0	0.0	-3.7325949999999963	-19.306155999999987	-1.083313000000004
109.153351	-45.92068	-208.364872	153.562881	-73.235776	-259.873333	134.300201	-27.477184	-189.403388	98.813179	0.0	0.0	0.0	-0.7718479999999985	-15.299948	1.8403010000000108
109.278547	-43.821573	-217.598957	155.984634	-71.701097	-266.353725	129.720642	-25.499751	-194.394486	102.572487	0.0	0.0	0.0	2.0991069999999965	-9.234085000000022	2.4217529999999954
109.404119	-38.10905	-221.685026	158.395462	-61.579104	-259.372227	117.319977	-22.096646	-197.583311	105.108978	0.0	0.0	0.0	5.712522999999997	-4.086068999999981	2.4108280000000093
109.529554	-28.797267	-220.483644	158.726639	-48.247563	-240.682222	99.889473	-17.692695	-200.269669	105.244698	0.0	0.0	0.0	9.311783000000002	1.2013819999999953	0.3311769999999967
109.655248	-20.596679	-215.128225	158.416351	-36.465528	-231.319541	93.465607	-12.048374	-203.031827	103.87075	0.0	0.0	0.0	8.200588	5.355419000000012	-0.3102880000000141
109.781083	-13.411256	-210.947006	158.312408	-25.760852	-230.680664	97.697594	-4.338484	-206.512675	102.679886	0.0	0.0	0.0	7.185423000000002	4.181218999999999	-0.1039429999999868
109.906619	-5.989951	-209.984235	158.511642	-16.883481	-233.180534	104.851151	3.064293	-207.806203	102.979301	0.0	0.0	0.0	7.421305	0.9627709999999752	0.19923399999998992
110.032079	1.97752	-210.645594	157.404892	-6.629216	-235.061417	106.403877	8.290417	-207.679972	101.485062	0.0	0.0	0.0	7.967471	-0.661358999999976	-1.1067500000000052
110.157164	10.723173	-210.879971	154.111786	4.433726	-236.075533	104.740524	13.908467	-211.101311	99.538353	0.0	0.0	0.0	8.745652999999999	-0.23437700000002337	-3.2931059999999945
110.281899	19.580358	-214.028203	152.302872	16.055657	-239.250726	101.674667	22.274054	-217.568225	99.973717	0.0	0.0	0.0	8.857185000000001	-3.148231999999979	-1.8089139999999873
110.407234	28.556317	-217.852044	150.717789	30.698872	-242.273456	102.025078	27.11596	-218.960851	100.107346	0.0	0.0	0.0	8.975959	-3.823841000000016	-1.5850829999999974
110.53208	35.589386	-220.577676	152.747101	47.064661	-240.616559	107.29525	29.091425	-219.59738	100.277794	0.0	0.0	0.0	7.033068999999998	-2.7256319999999903	2.029311999999976
110.657173	43.234002	-223.246233	155.895416	61.784484	-236.280717	112.885712	35.220383	-218.869523	103.436516	0.0	0.0	0.0	7.644615999999999	-2.6685569999999927	3.148315000000025
110.782147	51.745334	-224.267534	156.201035	73.785773	-229.89161	115.532684	45.020149	-216.132878	103.900124	0.0	0.0	0.0	8.511332000000003	-1.0213010000000224	0.30561899999997877
110.907764	61.381103	-222.188054	156.206314	79.153369	-223.256093	116.698753	57.92408	-212.763782	102.215744	0.0	0.0	0.0	9.635769000000003	2.079480000000018	0.005279000000001588
111.032789	70.612627	-218.659503	157.553909	90.13544	-219.949986	117.337883	69.428486	-208.775845	104.765572	0.0	0.0	0.0	9.231524	3.528550999999993	1.3475950000000125
111.15805	80.23942	-215.439568	159.545242	103.544238	-216.915643	121.716942	78.632125	-204.736558	106.648575	0.0	0.0	0.0	9.626792999999992	3.2199349999999924	1.9913329999999974
111.282918	90.545165	-211.521324	158.994217	117.19788	-211.320279	121.116852	87.098719	-198.899926	106.856415	0.0	0.0	0.0	10.305745000000002	3.9182440000000156	-0.5510250000000099
111.408191	101.607513	-207.195106	156.598633	132.686069	-202.905492	119.331451	92.019745	-192.809924	104.105759	0.0	0.0	0.0	11.062348	4.326217999999983	-2.3955839999999853
111.533171	112.30313	-201.154328	157.732407	146.895161	-191.322588	122.942986	94.086724	-191.16438	102.110306	0.0	0.0	0.0	10.695616999999999	6.040778000000017	1.1337739999999883
111.658245	120.447217	-193.518688	159.568817	161.733327	-176.519733	127.227852	97.711575	-190.022348	101.756691	0.0	0.0	0.0	8.144086999999999	7.635639999999995	1.8364100000000008
111.783572	126.885997	-185.041608	157.910126	175.368531	-164.508177	128.269379	100.810422	-184.154684	97.879913	0.0	0.0	0.0	6.438780000000008	8.47708	-1.6586910000000046
111.909081	131.213132	-176.709376	156.655914	179.594588	-157.726595	128.718307	104.270328	-175.595433	93.65284	0.0	0.0	0.0	4.327134999999998	8.332232000000005	-1.2542119999999954
112.03528	134.820575	-170.335197	158.415207	187.589863	-155.09042	130.640106	108.78853	-171.595701	98.902473	0.0	0.0	0.0	3.6074429999999893	6.374178999999998	1.7592930000000138
112.161262	137.032698	-166.812568	158.705383	193.885662	-153.556999	131.008163	109.786014	-171.639443	100.593842	0.0	0.0	0.0	2.2121230000000196	3.522628999999995	0.29017600000000243
112.272701	133.370489	-165.78244	157.510681	189.175852	-151.471642	123.211884	107.356644	-178.304302	100.771187	0.0	0.0	0.0	-3.6622090000000185	1.0301279999999906	-1.1947020000000066
112.398211	125.926632	-175.203738	157.425995	173.878349	-156.848707	103.137444	99.076573	-193.547931	108.029305	0.0	0.0	0.0	-7.443856999999994	-9.421297999999979	-0.08468600000000492
112.523641	123.795201	-187.104682	159.823059	158.00089	-169.442267	89.039513	89.340014	-212.1822	120.275963	0.0	0.0	0.0	-2.131430999999992	-11.90094400000001	2.3970640000000003
112.64847	121.062151	-198.811806	160.672226	146.728321	-177.743985	88.023102	84.18393	-231.811186	128.928421	0.0	0.0	0.0	-2.7330500000000058	-11.707123999999993	0.8491669999999942
112.77344	114.546973	-210.968351	159.285492	138.56954	-182.893913	89.087051	76.513778	-248.62407	131.418579	0.0	0.0	0.0	-6.515178000000006	-12.156545000000023	-1.38673399999999
112.898305	102.379078	-223.768826	155.450867	132.444432	-189.715017	87.442169	61.047062	-255.377689	131.542877	0.0	0.0	0.0	-12.167894999999987	-12.800474999999977	-3.834625000000017
113.023828	86.398	-235.477532	150.236176	127.837616	-200.387144	88.932487	40.211717	-261.597512	130.567459	0.0	0.0	0.0	-15.98107800000001	-11.708706000000006	-5.214690999999988
113.148796	73.928554	-242.824352	147.743652	128.652604	-210.724422	97.613739	25.04718	-266.258835	129.716324	0.0	0.0	0.0	-12.46944599999999	-7.346820000000008	-2.492524000000003
113.274052	65.331355	-248.100652	147.629349	133.710588	-219.575848	105.629768	15.073916	-270.162611	128.765991	0.0	0.0	0.0	-8.597199000000003	-5.276299999999992	-0.1143030000000067
113.399654	60.409615	-251.222552	148.660797	133.726333	-228.440494	110.486183	8.831049	-273.787239	127.621353	0.0	0.0	0.0	-4.92174	-3.1219000000000108	1.0314480000000117
113.524654	57.617723	-253.389855	149.822708	132.185617	-232.002831	111.832306	5.055578	-271.887602	129.472534	0.0	0.0	0.0	-2.7918920000000043	-2.167303000000004	1.1619110000000035
113.649758	56.652878	-252.806089	152.020004	130.045359	-230.361895	111.414551	6.163832	-260.697695	123.286102	0.0	0.0	0.0	-0.9648449999999968	0.5837660000000255	2.1972959999999944
113.775129	60.360088	-244.861043	155.841385	126.20821	-225.101596	111.535286	23.840367	-245.379574	103.128769	0.0	0.0	0.0	3.7072099999999963	7.945045999999991	3.8213810000000024
113.900155	71.124348	-236.140619	158.13205	123.920521	-221.22897	113.163689	45.468749	-237.269165	93.551003	0.0	0.0	0.0	10.76426	8.720424000000008	2.29066499999999
114.025341	80.738566	-229.786894	159.21785	124.00647	-219.470328	113.533401	69.924103	-230.743368	98.828735	0.0	0.0	0.0	9.614218000000008	6.353724999999997	1.085800000000006
114.150635	90.174133	-223.220517	160.44902	127.30262	-216.960712	112.696793	85.371845	-225.928496	107.072472	0.0	0.0	0.0	9.435566999999992	6.566376999999989	1.2311699999999917
114.276495	100.763726	-215.648689	160.384369	134.0682	-212.344261	110.419441	87.915924	-217.296374	107.720795	0.0	0.0	0.0	10.589593000000008	7.571828000000011	-0.0646509999999978
114.402044	111.465878	-206.745977	158.116989	145.391056	-205.690431	103.823425	84.396013	-209.508861	105.635559	0.0	0.0	0.0	10.702151999999998	8.90271199999998	-2.267380000000003
114.527218	120.6801	-196.097585	157.957153	151.298638	-194.770597	99.187035	85.827867	-206.621229	103.483673	0.0	0.0	0.0	9.214221999999992	10.648392000000001	-0.15983599999998432
114.652043	127.089073	-184.876459	159.71019	148.484338	-178.939826	100.092842	93.669328	-200.715492	103.693939	0.0	0.0	0.0	6.408973000000003	11.221125999999998	1.7530370000000062
114.77815	130.33773	-172.31607	157.77536	144.03419	-160.562419	100.189468	97.90403	-186.872981	103.2323	0.0	0.0	0.0	3.2486569999999944	12.560389000000015	-1.9348300000000052
114.904147	130.54346	-157.73927	154.727341	141.440322	-142.399806	102.348885	98.75192	-169.298509	101.320374	0.0	0.0	0.0	0.20573000000001684	14.576799999999992	-3.0480190000000107
115.030147	128.666384	-141.043576	154.360626	145.001213	-124.26331	105.363884	98.334358	-148.633482	98.819824	0.0	0.0	0.0	-1.8770760000000166	16.695694000000003	-0.36671499999999924
115.156007	129.127793	-125.744134	157.372498	150.420038	-107.578254	109.713623	100.579048	-129.869691	101.788712	0.0	0.0	0.0	0.4614090000000033	15.299441999999999	3.011872000000011
115.280859	131.671885	-111.289513	160.314148	155.995856	-92.934863	115.703644	104.678584	-115.248139	105.464722	0.0	0.0	0.0	2.5440920000000062	14.454621000000003	2.9416499999999814
115.405985	135.897741	-96.700231	158.864334	164.633946	-73.116369	119.401947	106.963165	-102.080713	104.54686	0.0	0.0	0.0	4.225855999999993	14.589281999999997	-1.449813999999975
115.531259	142.652645	-81.352269	155.265366	175.988818	-47.261505	125.855515	107.536687	-91.665949	103.298592	0.0	0.0	0.0	6.7549040000000105	15.347961999999995	-3.5989680000000135
115.656439	149.501121	-64.207332	154.166016	185.344442	-22.892431	129.749878	108.584594	-83.452389	98.834	0.0	0.0	0.0	6.848476000000005	17.144937000000013	-1.099349999999987
115.781386	151.347929	-49.823453	157.093109	186.757047	-9.578452	128.846619	114.339809	-83.203857	97.646515	0.0	0.0	0.0	1.8468079999999816	14.383878999999993	2.927092999999985
115.906505	145.594206	-39.713034	158.804504	169.892565	-6.693406	116.100731	115.071505	-79.999341	100.735535	0.0	0.0	0.0	-5.7537229999999795	10.110419	1.7113950000000102
116.031235	134.118089	-35.560746	158.622818	144.864276	-19.120126	100.046494	111.834218	-71.938624	103.00219	0.0	0.0	0.0	-11.476117000000016	4.152287999999999	-0.18168600000001334
116.157011	122.654646	-36.552152	157.655518	123.287253	-31.36786	99.712654	107.11426	-64.553973	105.62323	0.0	0.0	0.0	-11.463442999999998	-0.9914059999999978	-0.9672999999999945
116.283397	111.337279	-39.294947	156.22496	108.257694	-33.381421	104.143379	99.384132	-62.058793	106.335953	0.0	0.0	0.0	-11.317367000000004	-2.742795000000001	-1.4305579999999907
116.408142	98.679501	-41.836704	155.528671	96.396383	-27.527756	104.592445	90.577825	-61.909734	104.61335	0.0	0.0	0.0	-12.657777999999993	-2.541756999999997	-0.6962890000000073
116.534048	86.721572	-42.176571	156.471939	88.156171	-22.502856	104.370033	83.149336	-61.334921	104.480721	0.0	0.0	0.0	-11.957929000000007	-0.33986700000000525	0.9432679999999891
116.659482	74.484881	-40.986372	156.623154	79.832758	-19.81285	98.270142	73.045714	-61.57612	103.219818	0.0	0.0	0.0	-12.236690999999993	1.1901989999999998	0.15121500000000765
116.785416	62.106187	-38.719197	155.518326	65.743441	-18.078701	93.65361	61.431474	-61.958116	101.113197	0.0	0.0	0.0	-12.378694000000003	2.2671750000000017	-1.1048279999999977
116.910734	48.705305	-36.523153	157.907135	45.890758	-19.085907	96.466515	52.576044	-60.936837	103.551842	0.0	0.0	0.0	-13.400881999999996	2.1960440000000006	2.388809000000009
117.036248	36.177678	-38.149643	161.094788	27.635985	-24.060596	101.81813	44.774375	-60.318032	106.728973	0.0	0.0	0.0	-12.527627000000003	-1.6264899999999969	3.187652999999983
117.161395	25.26456	-42.355119	161.175995	13.041313	-30.996319	104.922722	35.559115	-63.702146	107.008026	0.0	0.0	0.0	-10.913118	-4.205476000000004	0.08120700000000625
117.273146	16.680718	-48.111569	159.468353	2.837551	-37.039529	103.607651	25.649124	-68.285434	103.819778	0.0	0.0	0.0	-8.583842	-5.756450000000001	-1.7076419999999928
117.398095	7.812731	-55.843094	159.772827	-4.967305	-42.06733	101.052345	11.972812	-74.474616	101.940514	0.0	0.0	0.0	-8.867987	-7.731524999999998	0.304473999999999
117.523623	-1.642384	-61.663773	161.465485	-11.353033	-45.864624	102.591667	-1.840296	-78.270857	104.583405	0.0	0.0	0.0	-9.455115000000001	-5.820678999999998	1.6926579999999944
117.648873	-10.994118	-65.306667	162.220337	-19.581529	-48.540909	103.082611	-14.880479	-80.048323	107.040146	0.0	0.0	0.0	-9.351734	-3.6428940000000054	0.7548519999999996
117.774518	-20.012316	-67.197415	160.048126	-29.547195	-52.72828	99.84272	-27.313269	-82.056827	106.080887	0.0	0.0	0.0	-9.018197999999998	-1.890748000000002	-2.1722110000000043
117.899707	-29.852374	-67.206409	159.990829	-39.007036	-57.435147	99.632286	-38.82885	-83.932295	105.100838	0.0	0.0	0.0	-9.840058000000003	-0.008993999999987068	-0.05729700000000548
118.025267	-38.756781	-67.601237	161.015701	-45.826247	-60.65822	101.202354	-49.372851	-84.58736	105.973366	0.0	0.0	0.0	-8.904406999999996	-0.39482800000000395	1.0248720000000162
118.149856	-46.65058	-69.349394	162.325516	-49.430626	-62.200955	102.90699	-60.197682	-85.855618	107.09436	0.0	0.0	0.0	-7.893799000000001	-1.7481570000000062	1.3098149999999862
118.274847	-54.026285	-71.886445	160.480179	-52.049163	-61.473396	99.514977	-75.712554	-86.95263	107.119682	0.0	0.0	0.0	-7.3757050000000035	-2.537050999999991	-1.8453370000000007
118.399849	-62.353224	-77.27942	160.960831	-53.243787	-61.316041	97.930756	-93.776382	-86.154101	111.098969	0.0	0.0	0.0	-8.326938999999996	-5.392975000000007	0.4806520000000205
118.525034	-71.048771	-83.342334	162.637772	-55.280208	-64.7705	99.683388	-110.15312	-84.920185	117.842743	0.0	0.0	0.0	-8.695547000000005	-6.062913999999992	1.6769409999999993
118.649534	-77.872715	-87.212637	162.591843	-58.069156	-70.01018	100.92852	-125.584584	-84.543147	125.569931	0.0	0.0	0.0	-6.823943999999997	-3.870303000000007	-0.045929000000001
118.77517	-82.536358	-89.780529	162.404892	-60.329236	-71.480874	101.80838	-137.115809	-84.923184	132.259018	0.0	0.0	0.0	-4.6636430000000075	-2.5678920000000005	-0.18695100000002185
118.900031	-84.665455	-91.158195	162.663498	-62.695537	-71.0433	102.452087	-138.576106	-85.05948	130.138626	0.0	0.0	0.0	-2.1290969999999874	-1.377666000000005	0.25860600000001455
119.025162	-84.916431	-91.546413	162.437393	-66.796265	-70.226881	101.744843	-133.628605	-85.854731	120.642914	0.0	0.0	0.0	-0.2509760000000085	-0.38821799999999484	-0.2261050000000182
119.150875	-84.645267	-90.84252	161.84108	-71.129085	-68.885388	101.808754	-132.556104	-88.248491	118.690239	0.0	0.0	0.0	0.27116399999999885	0.7038930000000079	-0.5963129999999808
119.275918	-85.013485	-89.517823	161.909683	-72.744775	-67.626462	102.768829	-135.50784	-87.247974	122.83387	0.0	0.0	0.0	-0.3682179999999988	1.3246969999999862	0.06860299999999597
119.401213	-87.033644	-88.09714	161.331512	-70.876885	-68.036161	102.286041	-139.722791	-85.222787	126.429321	0.0	0.0	0.0	-2.0201589999999925	1.420683000000011	-0.5781709999999975
119.526582	-90.312023	-87.709778	160.619934	-67.194043	-70.337326	103.058113	-144.265388	-84.26723	127.639481	0.0	0.0	0.0	-3.278379000000001	0.387361999999996	-0.7115780000000029
119.651804	-93.98925	-88.196752	159.10466	-66.141165	-70.80429	103.7686	-146.697603	-83.351083	128.166183	0.0	0.0	0.0	-3.677227000000002	-0.48697400000000357	-1.5152740000000051
119.776677	-96.184285	-89.248485	158.015549	-67.453453	-70.481874	104.492355	-147.029169	-82.550587	126.330902	0.0	0.0	0.0	-2.1950350000000043	-1.0517329999999987	-1.0891110000000026
119.901858	-97.167664	-90.559545	158.121048	-68.85556	-71.247441	105.202065	-145.184146	-81.832751	124.68898	0.0	0.0	0.0	-0.9833789999999993	-1.3110599999999977	0.10549900000000889
120.027138	-98.295134	-91.502676	157.924576	-68.878951	-71.113699	105.711578	-147.008434	-81.603248	129.076035	0.0	0.0	0.0	-1.1274700000000024	-0.943130999999994	-0.19647199999999998
120.152481	-99.478163	-91.841964	157.2509	-67.811503	-71.418701	105.833885	-149.733297	-82.234852	132.709869	0.0	0.0	0.0	-1.1830289999999906	-0.33928800000001047	-0.6736760000000004
120.277806	-99.878581	-91.40582	156.813873	-66.767495	-72.418478	105.793167	-149.601632	-81.548964	132.210724	0.0	0.0	0.0	-0.40041800000000194	0.43614399999999875	-0.4370270000000005
120.403	-99.752686	-91.180573	156.524719	-66.129571	-73.344911	105.964622	-143.487546	-79.211449	130.518967	0.0	0.0	0.0	0.12589499999999987	0.2252470000000102	-0.28915399999999636
120.528065	-99.108178	-91.880797	156.538483	-67.169488	-72.723004	105.38855	-134.834683	-79.441711	124.772202	0.0	0.0	0.0	0.6445080000000019	-0.7002240000000057	0.013764000000008991
120.653722	-97.649301	-93.549792	156.816483	-70.994749	-70.737785	105.197487	-121.944275	-83.575842	113.725304	0.0	0.0	0.0	1.458877000000001	-1.6689949999999953	0.2779999999999916
120.779312	-94.871267	-96.475703	156.859909	-76.764186	-69.308691	104.602119	-103.452369	-91.314806	100.336716	0.0	0.0	0.0	2.778033999999991	-2.9259109999999993	0.04342599999998242
120.905666	-88.912826	-99.935934	156.154068	-82.870465	-69.774859	101.444611	-82.750996	-100.207403	94.326553	0.0	0.0	0.0	5.958441000000008	-3.4602310000000074	-0.7058409999999924
121.030585	-81.199949	-101.952654	157.496536	-87.386333	-73.216431	98.073288	-66.94945	-107.834225	97.740189	0.0	0.0	0.0	7.712876999999992	-2.0167199999999923	1.3424679999999967
121.15608	-72.528106	-104.066622	159.441422	-89.822721	-84.385877	100.580406	-55.104534	-113.400199	100.837799	0.0	0.0	0.0	8.67184300000001	-2.113968	1.9448859999999968
121.281187	-64.189772	-107.089484	159.740112	-85.799698	-99.33851	104.685928	-46.146031	-115.213491	99.687782	0.0	0.0	0.0	8.338333999999989	-3.0228620000000035	0.2986900000000219
121.406868	-55.95864	-111.75884	158.974884	-76.259922	-112.732817	106.840897	-39.907201	-116.361526	97.249992	0.0	0.0	0.0	8.231132000000002	-4.669356000000008	-0.7652280000000076
121.532208	-47.668593	-117.661894	158.33551	-65.399312	-122.560447	106.521866	-33.64492	-119.677208	95.676285	0.0	0.0	0.0	8.290047000000001	-5.903053999999997	-0.6393740000000037
121.655959	-42.286061	-123.488606	159.152969	-57.868853	-127.568055	106.656883	-30.062112	-123.779554	97.283691	0.0	0.0	0.0	5.382532000000005	-5.826712000000001	0.8174590000000137
121.781455	-39.920513	-130.009697	158.940369	-57.523056	-132.666404	107.072136	-28.54935	-129.603427	97.666603	0.0	0.0	0.0	2.365547999999997	-6.521090999999984	-0.212600000000009
121.907031	-40.26346	-137.346684	158.170074	-61.068148	-142.076762	106.851051	-29.644557	-136.848779	96.607277	0.0	0.0	0.0	-0.34294700000000233	-7.336987000000022	-0.7702950000000044
122.032335	-43.77372	-145.136031	157.002777	-63.205203	-156.121676	108.069321	-31.256336	-145.018937	95.536476	0.0	0.0	0.0	-3.5102599999999953	-7.789346999999992	-1.1672969999999907
122.158223	-49.233947	-153.585699	157.34024	-63.984134	-173.241601	111.837173	-29.774374	-153.832888	94.683304	0.0	0.0	0.0	-5.460227000000003	-8.449668000000003	0.3374629999999854
122.281622	-52.234425	-163.842324	158.742203	-64.458246	-190.989074	118.88546	-28.123214	-161.533338	96.744339	0.0	0.0	0.0	-3.000478000000001	-10.256624999999985	1.401962999999995
122.406524	-52.234948	-175.114113	159.159103	-65.677758	-209.912144	125.050987	-27.354168	-169.107332	98.119247	0.0	0.0	0.0	-0.0005230000000011614	-11.271789000000012	0.41689999999999827
122.531699	-50.567064	-186.271558	156.957245	-67.08739	-226.977188	129.010757	-25.944978	-178.871347	95.513901	0.0	0.0	0.0	1.6678840000000008	-11.157444999999996	-2.201857999999987
122.657241	-46.750943	-196.587582	155.779617	-65.76387	-239.776265	132.286499	-24.362821	-190.312207	93.665497	0.0	0.0	0.0	3.8161210000000025	-10.316023999999999	-1.1776279999999986
122.782501	-44.910649	-206.212484	156.840012	-67.84947	-250.451138	134.394867	-23.273311	-200.821524	97.055481	0.0	0.0	0.0	1.840294	-9.624901999999992	1.0603949999999998
122.907931	-44.480837	-215.227629	157.213516	-71.15588	-259.619352	132.927704	-22.16666	-208.337969	100.343681	0.0	0.0	0.0	0.4298119999999983	-9.015145000000018	0.37350399999999695
123.032727	-44.181545	-222.800849	155.357819	-72.761299	-267.458814	130.283768	-21.390986	-212.5596	99.151558	0.0	0.0	0.0	0.2992920000000012	-7.573219999999992	-1.8556969999999922
123.158445	-43.671102	-229.757985	156.163864	-71.368393	-270.508637	129.248154	-23.11875	-215.427213	98.390045	0.0	0.0	0.0	0.5104430000000022	-6.957135999999991	0.8060449999999832
123.283702	-38.324394	-234.316457	157.416077	-64.017948	-265.744705	124.746574	-24.659325	-218.636087	99.460556	0.0	0.0	0.0	5.346708	-4.558472000000023	1.2522130000000118
123.409758	-31.576281	-234.207834	157.22757	-49.619727	-256.920879	115.05629	-22.21284	-220.039505	101.050041	0.0	0.0	0.0	6.7481129999999965	0.10862300000002278	-0.18850700000001552
123.535078	-24.973689	-231.437641	156.818253	-34.567511	-248.254399	109.933563	-16.571275	-217.918166	102.227089	0.0	0.0	0.0	6.602592000000001	2.7701929999999777	-0.4093169999999873
123.660386	-17.888384	-227.428049	156.499161	-20.034439	-242.622066	111.586807	-9.412395	-213.431682	102.493622	0.0	0.0	0.0	7.085305000000002	4.009592000000026	-0.3190920000000119
123.785741	-10.83905	-223.836455	156.792175	-6.593541	-239.722984	116.279259	-4.005464	-210.03629	102.822922	0.0	0.0	0.0	7.049333999999998	3.5915939999999864	0.29301399999999944
123.910941	-3.6745	-222.82869	157.220001	3.050114	-238.219957	118.800842	-0.325155	-210.042762	102.365234	0.0	0.0	0.0	7.16455	1.0077650000000062	0.42782600000001025
124.036325	3.76879	-222.935662	156.689072	10.848638	-238.193425	117.576233	5.232747	-212.196309	100.432777	0.0	0.0	0.0	7.44329	-0.10697200000001317	-0.5309289999999862
124.147717	10.59681	-224.393503	156.27298	17.952343	-239.914615	115.460434	12.532138	-214.753077	101.011299	0.0	0.0	0.0	6.8280199999999995	-1.457841000000002	-0.41609200000002033
124.273398	18.360214	-228.120644	155.678116	27.849561	-243.598289	113.610695	20.687567	-216.32338	101.51783	0.0	0.0	0.0	7.7634039999999995	-3.727140999999989	-0.5948640000000012
124.398406	27.242969	-231.421935	156.695801	37.690354	-245.623908	113.961723	24.718051	-217.333079	101.303436	0.0	0.0	0.0	8.882755	-3.301290999999992	1.0176850000000002
124.523591	36.468709	-232.540526	157.905182	47.128242	-245.00286	115.188934	29.995365	-218.053003	101.360657	0.0	0.0	0.0	9.225739999999998	-1.1185910000000092	1.2093810000000076
124.648786	46.147631	-230.988609	156.757065	58.804617	-242.537997	113.860703	40.565033	-216.540368	100.863121	0.0	0.0	0.0	9.678922	1.551917000000003	-1.148116999999985
124.773784	55.773189	-226.28422	155.979965	70.442811	-239.587407	113.969757	54.377919	-213.393648	100.323013	0.0	0.0	0.0	9.625558000000005	4.704388999999992	-0.7771000000000186
124.899206	65.228465	-220.593113	156.671799	82.18325	-236.615695	115.669754	68.528017	-210.280509	102.993896	0.0	0.0	0.0	9.455275999999998	5.691107000000017	0.6918340000000001
125.024897	75.501473	-217.372122	158.495575	91.851466	-233.570367	117.778206	80.441057	-207.772918	106.046257	0.0	0.0	0.0	10.273008000000004	3.220990999999998	1.8237760000000094
125.14984	86.716452	-213.974406	155.6922	102.490129	-228.972639	117.435516	92.622934	-203.807233	106.248543	0.0	0.0	0.0	11.214979	3.3977160000000026	-2.8033749999999884
125.275234	96.491536	-212.201166	153.766663	112.749539	-223.820858	115.241707	105.261719	-198.805778	106.879333	0.0	0.0	0.0	9.775083999999993	1.773239999999987	-1.9255370000000198
125.400609	106.012036	-211.274378	157.36554	122.986825	-220.123603	115.782425	117.852568	-194.978626	109.516563	0.0	0.0	0.0	9.520499999999998	0.9267879999999877	3.598877000000016
125.525805	115.157019	-207.752563	158.355392	131.377746	-217.792573	119.456993	129.268596	-188.859552	115.227295	0.0	0.0	0.0	9.14498300000001	3.5218150000000037	0.9898519999999849
125.650787	124.698385	-203.066799	156.998245	139.282383	-216.607937	117.432465	144.425405	-180.432136	119.749069	0.0	0.0	0.0	9.541365999999996	4.685764000000006	-1.3571469999999977
125.77615	132.778647	-196.422374	157.005051	143.27593	-215.851842	114.183174	162.674357	-169.739035	122.623634	0.0	0.0	0.0	8.080262000000005	6.6444250000000125	0.006806000000011636
125.902136	141.600448	-187.23876	156.477432	144.28262	-215.579204	110.565201	180.836607	-159.244439	127.075722	0.0	0.0	0.0	8.821800999999994	9.183613999999977	-0.5276190000000156
126.027145	149.172941	-180.102616	157.315796	140.211752	-212.240569	108.461426	190.935939	-152.828904	130.408295	0.0	0.0	0.0	7.572493000000009	7.136144000000002	0.8383640000000128
126.15232	152.677717	-178.326563	157.473892	137.598961	-208.568075	109.050766	194.034987	-150.325622	130.498749	0.0	0.0	0.0	3.5047759999999926	1.7760530000000188	0.15809600000000046
126.27827	152.164782	-180.620458	158.665634	135.943335	-206.860307	109.375999	193.276058	-154.314799	125.461594	0.0	0.0	0.0	-0.5129349999999988	-2.2938950000000204	1.191742000000005
126.403814	146.679454	-189.629406	160.30545	131.629706	-207.148607	110.218361	184.565691	-171.96004	113.244095	0.0	0.0	0.0	-5.48532800000001	-9.008947999999975	1.6398159999999962
126.529891	134.652383	-198.319758	159.105545	124.6118	-209.114921	111.853775	164.061134	-191.816013	96.271439	0.0	0.0	0.0	-12.027071000000007	-8.690352000000019	-1.199905000000001
126.655338	121.058239	-203.526966	158.282669	111.445035	-211.64259	110.882477	139.762098	-205.547806	93.019882	0.0	0.0	0.0	-13.594143999999986	-5.20720799999998	-0.8228760000000079
126.780171	110.113586	-207.345178	157.233109	98.931848	-213.305082	110.123672	123.716759	-213.979967	97.406731	0.0	0.0	0.0	-10.944653000000002	-3.818212000000017	-1.0495599999999854
126.905606	102.454297	-211.620592	157.595123	96.633039	-216.974524	110.605026	115.5537	-219.325578	101.212265	0.0	0.0	0.0	-7.659289000000001	-4.275413999999984	0.36201399999998785
127.03101	96.807564	-216.439496	155.844315	89.432223	-221.475131	111.50975	110.826972	-224.919011	100.11084	0.0	0.0	0.0	-5.646732999999998	-4.818904000000003	-1.7508080000000064
127.155909	94.765978	-221.782005	156.049713	80.166651	-224.930455	111.051903	106.741133	-232.085942	97.81324	0.0	0.0	0.0	-2.0415859999999952	-5.342509000000007	0.2053980000000024
127.281369	91.89801	-227.301127	156.867325	72.626287	-228.218159	113.358223	101.967931	-240.101836	98.684868	0.0	0.0	0.0	-2.8679680000000047	-5.51912200000001	0.8176119999999969
127.406485	86.427562	-231.695738	156.189972	67.255828	-230.098827	116.801666	96.885152	-245.308462	99.09201	0.0	0.0	0.0	-5.470448000000005	-4.394610999999998	-0.6773529999999823
127.530735	81.497137	-235.622371	156.436005	59.843705	-231.85295	118.197037	92.367886	-246.606077	97.859489	0.0	0.0	0.0	-4.930425	-3.926632999999981	0.24603299999998285
127.656076	75.487374	-238.93506	156.21788	47.438088	-237.342547	121.494499	87.330368	-249.457605	96.535934	0.0	0.0	0.0	-6.009762999999992	-3.312689000000006	-0.21812499999998636
127.781462	68.042204	-242.629935	155.228409	31.981304	-246.274649	126.081039	81.479938	-254.247853	95.24472	0.0	0.0	0.0	-7.4451700000000045	-3.694874999999996	-0.9894710000000089
127.906562	57.393923	-246.297934	155.991287	15.661682	-258.032953	129.911774	77.265751	-256.565606	95.837692	0.0	0.0	0.0	-10.648280999999997	-3.667999000000009	0.7628780000000006
128.031731	47.370694	-248.991723	157.881454	4.629981	-267.675482	131.025436	74.600792	-254.842295	99.631355	0.0	0.0	0.0	-10.023229	-2.6937890000000095	1.890166999999991
128.157196	42.32566	-251.38344	157.716431	3.588254	-271.28245	130.783325	72.292762	-251.842094	100.220444	0.0	0.0	0.0	-5.045034000000001	-2.391717	-0.16502299999999082
128.282787	43.507799	-253.347377	158.795624	9.366652	-266.460882	122.097504	71.311301	-249.011449	100.31263	0.0	0.0	0.0	1.1821389999999994	-1.9639369999999872	1.0791930000000036
128.408479	53.763158	-254.357588	160.339661	26.206355	-254.564377	101.463844	73.608917	-246.854499	102.20311	0.0	0.0	0.0	10.255358999999999	-1.0102109999999982	1.544037000000003
128.535739	68.617812	-247.275213	161.347382	46.554981	-244.947607	96.763077	80.237787	-241.509199	102.881683	0.0	0.0	0.0	14.854654000000004	7.082374999999985	1.0077210000000036
128.660776	81.751195	-236.15199	160.002701	64.806373	-245.557505	102.424599	90.586033	-232.241874	101.266739	0.0	0.0	0.0	13.133382999999995	11.123222999999996	-1.3446810000000085
128.785623	92.508088	-224.693331	158.52803	79.70773	-244.186547	105.363098	100.691338	-220.298994	99.098595	0.0	0.0	0.0	10.756893000000005	11.458659000000011	-1.4746710000000007
128.910841	100.297545	-213.860831	159.146423	94.193951	-237.401471	105.857826	108.121956	-207.532309	99.612961	0.0	0.0	0.0	7.789456999999999	10.83250000000001	0.6183929999999975
129.035907	106.782642	-206.305818	159.678879	105.787518	-227.770874	109.296356	112.566292	-197.283321	100.370171	0.0	0.0	0.0	6.485096999999996	7.555013000000002	0.5324559999999963
129.161052	113.383437	-200.617373	157.653168	115.590157	-220.977743	110.47316	113.089324	-188.772638	99.942955	0.0	0.0	0.0	6.600795000000005	5.6884450000000015	-2.025711000000001
129.285101	118.253017	-196.253763	155.855377	124.689385	-214.393807	106.890297	108.915498	-182.031213	98.539391	0.0	0.0	0.0	4.869579999999999	4.363609999999994	-1.7977909999999895
129.410002	121.370764	-189.870222	155.467712	130.805051	-204.595181	104.22509	104.27434	-177.908429	97.588287	0.0	0.0	0.0	3.1177469999999943	6.38354099999998	-0.38766499999999837
129.535411	122.117682	-181.041045	156.703125	132.443713	-192.745908	109.172485	102.843517	-174.918543	98.566666	0.0	0.0	0.0	0.746918000000008	8.829177000000016	1.235412999999994
129.661618	120.954207	-170.86969	156.64267	134.437679	-179.669689	106.543037	102.464275	-167.343997	97.452805	0.0	0.0	0.0	-1.1634750000000054	10.171355000000005	-0.06045499999999038
129.773246	118.367142	-160.377453	155.583832	137.311903	-167.680865	107.412483	101.801412	-157.206787	96.065918	0.0	0.0	0.0	-2.5870649999999955	10.492236999999989	-1.0588380000000086
129.898128	114.583715	-147.667059	155.971069	142.820421	-155.825212	109.774139	101.93118	-143.594803	96.342484	0.0	0.0	0.0	-3.783427000000003	12.710394000000008	0.38723699999999894
130.023033	114.631201	-136.314511	157.995483	144.330687	-145.53167	112.574112	105.902202	-131.127671	99.922295	0.0	0.0	0.0	0.047486000000006356	11.352547999999985	2.0244140000000073
130.147893	117.089124	-125.75643	158.228012	145.729487	-135.221239	112.969849	111.199857	-118.691315	101.706696	0.0	0.0	0.0	2.457922999999994	10.558081000000016	0.23252899999999954
130.273792	121.519	-115.993886	156.696945	147.23641	-123.035273	108.955383	115.781437	-104.691725	101.61409	0.0	0.0	0.0	4.429876000000007	9.762543999999991	-1.5310670000000073
130.399566	127.269786	-105.85003	156.665176	148.484235	-110.376714	106.70507	120.772124	-90.151205	102.850357	0.0	0.0	0.0	5.750785999999991	10.143856	-0.03176899999999705
130.525795	131.08077	-95.605657	157.935516	148.551408	-100.708695	108.83448	127.776756	-76.9283	107.209518	0.0	0.0	0.0	3.810984000000005	10.24437300000001	1.2703400000000045
130.651446	133.584929	-85.069424	159.294632	150.011637	-94.198432	110.794724	136.376661	-63.433349	111.759758	0.0	0.0	0.0	2.504158999999987	10.536232999999996	1.3591160000000002
130.776415	136.01815	-73.629308	156.556519	152.410778	-90.563702	109.174683	148.395042	-47.066266	114.306259	0.0	0.0	0.0	2.433221000000003	11.440116000000003	-2.7381129999999985
130.901598	138.775787	-60.820943	155.951706	150.231419	-88.642878	107.572052	161.501434	-32.770027	118.249825	0.0	0.0	0.0	2.7576370000000168	12.808364999999995	-0.6048130000000072
131.02706	142.391414	-50.169508	157.283127	144.274285	-83.158823	108.997902	172.727925	-24.655095	123.538757	0.0	0.0	0.0	3.6156269999999893	10.651435	1.331421000000006
131.152165	145.612974	-43.202776	157.141266	141.594113	-79.06601	111.033463	183.654382	-14.66076	130.058014	0.0	0.0	0.0	3.221560000000011	6.966732	-0.1418610000000058
131.277866	147.786477	-39.254749	156.695969	140.672115	-76.624822	112.199928	188.110752	-10.636822	129.016281	0.0	0.0	0.0	2.1735029999999824	3.9480270000000033	-0.4452970000000107
131.403469	148.197772	-37.51749	157.264465	142.67494	-74.494182	112.028824	184.849019	-12.951727	121.675743	0.0	0.0	0.0	0.4112949999999955	1.7372589999999946	0.5684960000000103
131.528623	146.300986	-36.176357	158.132599	148.599584	-69.60905	110.448059	169.114142	-20.301946	108.92527	0.0	0.0	0.0	-1.8967859999999916	1.3411329999999992	0.8681339999999977
131.653478	139.604477	-34.692541	158.28035	156.436348	-60.182262	106.482681	143.618933	-29.593553	96.360016	0.0	0.0	0.0	-6.696508999999992	1.4838160000000045	0.14775099999999952
131.778665	131.42578	-36.466531	158.8452	159.793743	-46.802998	105.17733	121.702111	-33.921896	95.169403	0.0	0.0	0.0	-8.178697	-1.7739900000000048	0.564850000000007
131.904071	124.437795	-38.864242	159.528091	152.800218	-31.689791	107.436325	104.397597	-37.291112	99.212402	0.0	0.0	0.0	-6.987985000000009	-2.397710999999994	0.6828909999999837
132.029477	118.49165	-40.377091	158.694992	135.015775	-20.091212	113.848877	95.35635	-42.604026	100.210381	0.0	0.0	0.0	-5.946144999999987	-1.5128490000000028	-0.8330989999999758
132.154679	113.077159	-39.227013	156.971054	114.323869	-16.58526	116.700851	98.050115	-45.988638	95.595299	0.0	0.0	0.0	-5.414491000000012	1.1500780000000006	-1.723938000000004
132.279483	106.861977	-36.542674	153.681641	100.424724	-16.205436	115.940567	96.495112	-46.625106	93.412117	0.0	0.0	0.0	-6.215181999999999	2.6843390000000014	-3.289412999999996
132.403261	98.824367	-33.386734	151.426682	93.488597	-16.464736	112.241318	87.597642	-46.137079	94.225845	0.0	0.0	0.0	-8.03761	3.155940000000001	-2.2549590000000137
132.527906	91.018766	-29.491892	151.726151	89.284082	-14.786427	109.007881	81.215436	-45.223024	95.791039	0.0	0.0	0.0	-7.805600999999996	3.894841999999997	0.2994689999999878
132.652876	83.44806	-25.156157	151.576843	81.829207	-9.577289	108.065399	76.473713	-43.607604	95.259666	0.0	0.0	0.0	-7.570706000000001	4.335735	-0.14930799999999067
132.77904	76.342594	-21.635853	153.199951	69.724371	-5.575068	107.572708	73.079837	-42.902307	94.085503	0.0	0.0	0.0	-7.105465999999993	3.5203039999999994	1.623108000000002
132.906288	68.28677	-20.485009	156.717133	57.704618	-7.268597	110.029755	70.585166	-44.940412	96.205917	0.0	0.0	0.0	-8.055824000000001	1.1508439999999993	3.517181999999991
133.032525	59.490193	-21.968606	158.185089	46.208	-12.471393	112.611221	66.238889	-48.676802	98.180023	0.0	0.0	0.0	-8.796577000000006	-1.4835969999999996	1.4679560000000151
133.158175	50.205987	-25.286958	157.822189	34.865173	-20.325958	112.126991	58.831122	-50.954327	96.222321	0.0	0.0	0.0	-9.284205999999998	-3.3183519999999973	-0.3628999999999962
133.283284	41.025603	-30.298607	159.226089	25.819364	-28.926595	110.227776	47.852937	-52.88257	94.6558	0.0	0.0	0.0	-9.180384000000004	-5.011649000000002	1.403899999999993
133.409081	30.964049	-35.27448	160.782104	16.239502	-35.01788	111.189018	34.637209	-56.169531	97.88784	0.0	0.0	0.0	-10.061553999999997	-4.975872999999996	1.5560150000000021
133.534501	20.471203	-40.229071	162.264709	5.904288	-36.246619	114.229111	20.646691	-60.797388	100.812256	0.0	0.0	0.0	-10.492846	-4.954591000000001	1.4826050000000066
133.659524	9.856459	-44.753344	160.671326	-6.697307	-37.518198	112.609444	6.966412	-66.076199	101.849655	0.0	0.0	0.0	-10.614744	-4.524273000000001	-1.593383000000017
133.784838	-2.092609	-47.982628	159.25061	-19.884741	-42.948878	110.381485	-2.442655	-71.798441	99.963463	0.0	0.0	0.0	-11.949067999999999	-3.229284	-1.4207159999999988
133.910128	-15.111496	-51.366104	159.842163	-33.035412	-49.798736	112.036789	-8.563912	-76.290317	99.120697	0.0	0.0	0.0	-13.018887000000001	-3.3834760000000017	0.5915530000000047
134.035547	-27.067699	-55.908395	161.191376	-45.640005	-55.01248	115.506958	-15.930011	-81.3176	99.809113	0.0	0.0	0.0	-11.956203	-4.542290999999999	1.3492129999999918
134.160189	-37.994721	-61.322188	159.713257	-58.520993	-58.719853	116.334747	-26.43	-87.631453	98.139801	0.0	0.0	0.0	-10.927021999999997	-5.413792999999998	-1.4781189999999924
134.28501	-46.088274	-68.193944	157.087708	-68.675769	-62.448071	116.344215	-38.148878	-94.263666	94.896721	0.0	0.0	0.0	-8.093553	-6.871756000000005	-2.6255490000000066
134.410117	-54.284209	-75.053403	157.873947	-78.90825	-65.759313	118.416931	-47.628762	-99.417118	94.357376	0.0	0.0	0.0	-8.195934999999999	-6.859459000000001	0.7862389999999948
134.534824	-62.390346	-79.615858	159.873718	-91.576499	-67.850496	124.686394	-53.698952	-101.289527	97.354706	0.0	0.0	0.0	-8.106137000000004	-4.562455	1.9997710000000097
134.660082	-69.953096	-82.061091	158.577408	-107.947457	-70.389645	130.228058	-57.039437	-104.031116	96.417793	0.0	0.0	0.0	-7.562750000000001	-2.4452330000000018	-1.2963100000000054
134.784841	-78.607564	-82.439171	158.893127	-123.368927	-74.113665	137.963593	-56.975534	-107.532119	98.601807	0.0	0.0	0.0	-8.654467999999994	-0.3780799999999971	0.3157190000000014
134.909173	-87.240877	-81.439874	158.827835	-137.142114	-76.892362	139.277893	-56.632015	-110.72008	102.548279	0.0	0.0	0.0	-8.633313000000001	0.9992969999999985	-0.06529199999999946
135.034281	-93.319265	-80.837881	158.767624	-144.10789	-78.192535	134.075119	-58.476156	-110.486165	106.122681	0.0	0.0	0.0	-6.078388000000004	0.6019930000000073	-0.06021099999998114
135.15973	-96.116049	-80.869157	158.935577	-141.307998	-80.163824	127.724052	-61.336704	-109.091974	107.170845	0.0	0.0	0.0	-2.7967840000000024	-0.03127600000000541	0.16795299999998292
135.284919	-96.553254	-81.404759	159.486969	-123.329218	-80.920107	116.528336	-65.796465	-109.067224	105.173157	0.0	0.0	0.0	-0.43720499999999163	-0.5356019999999972	0.5513919999999928
135.410657	-95.598815	-82.181379	159.44548	-100.80952	-79.00813	102.828941	-72.907236	-108.666266	103.264168	0.0	0.0	0.0	0.9544389999999936	-0.7766200000000083	-0.041488999999984344
135.523241	-93.412028	-82.294422	158.556107	-85.706066	-75.710103	101.714447	-79.859882	-106.727991	101.090714	0.0	0.0	0.0	2.1867869999999954	-0.11304299999999046	-0.8893730000000062
135.64908	-87.654742	-80.958799	157.259552	-78.88775	-69.685865	104.237274	-85.732172	-102.676692	97.242645	0.0	0.0	0.0	5.757286000000008	1.3356229999999982	-1.2965549999999837
135.774118	-77.889547	-79.548414	157.532501	-73.029173	-66.607623	111.010834	-86.855175	-97.588999	95.463638	0.0	0.0	0.0	9.765195000000006	1.410385000000005	0.2729489999999828
135.898113	-68.272868	-79.775729	159.254868	-64.360369	-71.065902	114.569221	-83.39367	-90.44758	96.970299	0.0	0.0	0.0	9.61667899999999	-0.22731500000000437	1.7223669999999913
136.023003	-59.67668	-80.549499	159.892105	-51.748869	-73.944555	112.736008	-76.115268	-82.671175	98.761086	0.0	0.0	0.0	8.596188000000005	-0.773769999999999	0.6372369999999989
136.148367	-51.608467	-81.070678	159.902588	-37.428945	-77.543518	112.471161	-67.039328	-76.634693	100.718758	0.0	0.0	0.0	8.068213	-0.5211790000000036	0.010483000000022002
136.273806	-43.921292	-80.515411	159.281342	-25.360052	-81.854875	112.743484	-57.550538	-72.484265	100.628853	0.0	0.0	0.0	7.687174999999996	0.5552670000000006	-0.6212460000000135
136.398739	-34.961995	-79.674402	157.95372	-14.666125	-84.041513	111.854424	-47.740696	-68.970198	98.691193	0.0	0.0	0.0	8.959297	0.8410089999999997	-1.327621999999991
136.524109	-25.344871	-78.157238	157.079529	-5.976925	-84.410223	111.979233	-38.412855	-66.046136	98.45163	0.0	0.0	0.0	9.617124	1.517163999999994	-0.8741909999999962
136.648978	-16.323874	-74.709604	157.022141	0.72713	-82.023276	111.919594	-31.355779	-63.647417	100.55661	0.0	0.0	0.0	9.020997000000001	3.447634000000008	-0.0573880000000031
136.774435	-7.779476	-70.01956	155.159515	7.080598	-76.940685	110.021255	-25.635174	-57.667144	99.903107	0.0	0.0	0.0	8.544398000000001	4.690044	-1.8626260000000059
136.900537	-0.206957	-63.110857	153.221024	13.652334	-70.553252	108.931747	-18.296186	-49.307117	98.843124	0.0	0.0	0.0	7.572519	6.908702999999996	-1.938490999999999
137.025861	6.453032	-54.255502	152.335251	22.508159	-63.242894	107.971703	-9.54212	-41.015522	97.374947	0.0	0.0	0.0	6.659989	8.855355000000003	-0.8857730000000004
137.151742	13.823911	-44.971925	153.632339	30.984297	-55.950497	109.340012	0.347782	-33.392519	98.231491	0.0	0.0	0.0	7.370879	9.283577000000001	1.2970880000000022
137.277122	22.092155	-37.805996	154.367249	37.833471	-48.718402	111.10598	11.326762	-26.450257	98.540466	0.0	0.0	0.0	8.268244000000001	7.165928999999998	0.7349099999999851
137.402385	31.805066	-31.510478	154.444092	46.394808	-41.070349	110.862244	23.722109	-18.564102	99.327232	0.0	0.0	0.0	9.712910999999998	6.295518000000001	0.07684300000002509
137.528147	42.036428	-26.557904	152.107483	58.777571	-32.900582	109.474579	34.646977	-10.896759	99.393135	0.0	0.0	0.0	10.231362	4.9525739999999985	-2.33660900000001
137.652539	52.797597	-20.80418	154.461655	70.019693	-25.124412	112.204788	43.314508	-7.755392	101.441765	0.0	0.0	0.0	10.761169000000002	5.753724000000002	2.3541720000000055
137.777992	61.913907	-14.416894	156.478943	78.777169	-15.50959	114.081444	49.492571	-3.704603	104.334724	0.0	0.0	0.0	9.116309999999999	6.387286	2.0172879999999793
137.902374	69.925046	-8.14012	155.294479	85.449023	-5.614699	113.625481	54.816585	3.167599	104.092766	0.0	0.0	0.0	8.011138999999993	6.276774	-1.1844639999999913
138.027365	76.101359	-1.39941	152.44928	90.492666	2.311361	111.473	62.214732	11.093765	100.874504	0.0	0.0	0.0	6.1763130000000075	6.74071	-2.845199000000008
138.152083	82.258434	6.630463	150.161423	96.598012	8.926597	109.107887	71.203961	18.867841	99.132759	0.0	0.0	0.0	6.157074999999992	8.029873	-2.287856999999974
138.277059	89.062794	14.498236	150.585129	103.586114	13.559249	110.589218	79.692879	26.18911	99.341331	0.0	0.0	0.0	6.804360000000003	7.867773000000001	0.4237059999999815
138.401587	95.975877	21.471432	150.56485	109.082798	20.719744	110.524918	85.575463	34.475085	101.638962	0.0	0.0	0.0	6.913083	6.973196	-0.020278999999987946
138.526517	102.293523	26.706767	147.226517	114.552213	30.144343	109.179138	89.476773	41.356237	101.77066	0.0	0.0	0.0	6.317645999999996	5.235334999999999	-3.3383330000000058
138.651298	107.377789	32.452702	146.453094	119.275682	37.950378	109.939934	92.86545	45.238666	101.130081	0.0	0.0	0.0	5.084266000000014	5.745935000000003	-0.7734230000000082
138.776749	110.367753	37.873885	147.028244	122.462741	43.529722	111.335052	95.397085	48.398929	102.124977	0.0	0.0	0.0	2.9899639999999863	5.421182999999999	0.5751500000000078
138.901763	111.353453	43.915403	146.800812	124.581717	49.37414	111.634079	95.989345	51.873445	102.962914	0.0	0.0	0.0	0.9857000000000085	6.041517999999996	-0.2274319999999932
