516.883721,70.295679,55.286274,161.194229,58.320341,46.78543,114.003845,78.635692,35.05075,113.787186,0.00,0.00,0.00,0.00,0.00,0.00,0.00,0.00,0.00,0.00,0.00,0.00
517.009093,65.142083,46.330745,159.7034,54.045196,35.937164,112.654938,75.200999,25.177012,112.038551,0.00,0.00,0.00,0.00,0.00,0.00,0.00,0.00,0.00,0.00,0.00,0.00
517.134264,60.64583,35.120299,159.284592,48.028338,23.797616,111.757935,70.252148,13.455957,111.852562,0.00,0.00,0.00,0.00,0.00,0.00,0.00,0.00,0.00,0.00,0.00,0.00
517.259203,55.690922,23.155598,160.700516,41.060664,12.710059,113.744225,63.25677,1.992572,113.792816,0.00,0.00,0.00,0.00,0.00,0.00,0.00,0.00,0.00,0.00,0.00,0.00
517.38425,49.814349,12.264308,161.597275,34.532499,3.793976,114.920174,54.892615,-7.797652,115.224365,0.00,0.00,0.00,0.00,0.00,0.00,0.00,0.00,0.00,0.00,0.00,0.00
517.509377,43.22536,2.025626,161.369675,27.145267,-5.489163,113.646461,46.080547,-17.44139,114.415565,0.00,0.00,0.00,0.00,0.00,0.00,0.00,0.00,0.00,0.00,0.00,0.00
517.634275,35.369632,-8.166575,159.804581,17.957116,-15.983276,112.43261,36.54685,-27.840314,112.843536,0.00,0.00,0.00,0.00,0.00,0.00,0.00,0.00,0.00,0.00,0.00,0.00
517.760263,26.340584,-18.505308,160.415283,8.406943,-27.456248,113.925407,26.234411,-38.432599,113.124062,0.00,0.00,0.00,0.00,0.00,0.00,0.00,0.00,0.00,0.00,0.00,0.00
517.884325,18.166411,-29.763131,162.037277,1.34821,-38.76837,116.31546,17.969045,-47.97237,115.68644,0.00,0.00,0.00,0.00,0.00,0.00,0.00,0.00,0.00,0.00,0.00,0.00
518.009619,11.274373,-41.30453,162.337738,-3.59682,-50.585901,117.504929,12.584915,-57.528746,116.399887,0.00,0.00,0.00,0.00,0.00,0.00,0.00,0.00,0.00,0.00,0.00,0.00
518.134434,5.234311,-53.143968,160.573807,-8.407524,-63.530051,116.2985,8.109641,-68.944268,113.958954,0.00,0.00,0.00,0.00,0.00,0.00,0.00,0.00,0.00,0.00,0.00,0.00
518.25927,0.170905,-66.047241,159.46579,-14.175665,-77.156351,114.572952,3.385765,-82.376297,112.527672,0.00,0.00,0.00,0.00,0.00,0.00,0.00,0.00,0.00,0.00,0.00,0.00
518.384266,-4.665306,-79.086113,160.362793,-20.7644,-89.580164,115.351364,-2.91122,-96.114919,114.574791,0.00,0.00,0.00,0.00,0.00,0.00,0.00,0.00,0.00,0.00,0.00,0.00
518.509436,-10.450568,-91.029124,161.768005,-27.627341,-99.336804,116.735931,-10.336901,-107.536637,116.606819,0.00,0.00,0.00,0.00,0.00,0.00,0.00,0.00,0.00,0.00,0.00,0.00
518.634316,-16.631941,-102.512036,162.005539,-35.547233,-109.464875,115.154305,-17.357871,-119.363928,116.659927,0.00,0.00,0.00,0.00,0.00,0.00,0.00,0.00,0.00,0.00,0.00,0.00
518.759257,-23.628263,-114.029739,160.271454,-44.265226,-121.507814,112.849655,-24.110049,-132.129411,115.136955,0.00,0.00,0.00,0.00,0.00,0.00,0.00,0.00,0.00,0.00,0.00,0.00
518.884091,-31.194508,-125.473793,160.415192,-51.447338,-135.355385,113.448761,-30.753151,-144.807649,115.453758,0.00,0.00,0.00,0.00,0.00,0.00,0.00,0.00,0.00,0.00,0.00,0.00
519.009227,-37.686784,-137.366736,162.281967,-54.843489,-148.962355,116.688347,-35.072852,-155.77042,117.957092,0.00,0.00,0.00,0.00,0.00,0.00,0.00,0.00,0.00,0.00,0.00,0.00
519.133954,-42.703583,-148.933644,162.46788,-56.410555,-161.214518,118.997826,-37.089568,-166.330299,118.192673,0.00,0.00,0.00,0.00,0.00,0.00,0.00,0.00,0.00,0.00,0.00,0.00
519.259016,-46.779142,-160.330632,160.881516,-58.632874,-174.13315,118.050941,-39.184231,-177.971341,115.954399,0.00,0.00,0.00,0.00,0.00,0.00,0.00,0.00,0.00,0.00,0.00,0.00
519.384147,-49.607603,-171.645863,159.344467,-61.743274,-186.718283,116.429199,-41.915985,-190.749783,113.9776,0.00,0.00,0.00,0.00,0.00,0.00,0.00,0.00,0.00,0.00,0.00,0.00
519.508899,-52.117958,-182.750873,159.912186,-65.386427,-197.325166,116.882278,-46.014653,-203.485013,115.521202,0.00,0.00,0.00,0.00,0.00,0.00,0.00,0.00,0.00,0.00,0.00,0.00
519.633925,-55.16441,-192.57646,161.276657,-69.332043,-205.48687,118.051956,-51.101184,-214.980675,117.912148,0.00,0.00,0.00,0.00,0.00,0.00,0.00,0.00,0.00,0.00,0.00,0.00
519.759123,-58.462133,-201.460937,161.561615,-73.532864,-214.737214,117.314163,-56.661374,-227.420869,120.308685,0.00,0.00,0.00,0.00,0.00,0.00,0.00,0.00,0.00,0.00,0.00,0.00
519.884014,-62.161714,-209.579602,160.540985,-76.870084,-224.180297,116.802803,-62.974055,-241.216614,122.987816,0.00,0.00,0.00,0.00,0.00,0.00,0.00,0.00,0.00,0.00,0.00,0.00
520.00908,-65.781242,-216.796664,161.276917,-79.319579,-231.745683,118.40657,-69.163332,-254.140316,126.803352,0.00,0.00,0.00,0.00,0.00,0.00,0.00,0.00,0.00,0.00,0.00,0.00
520.132925,-67.984159,-222.972505,162.398407,-81.103553,-236.828792,119.679367,-73.564302,-264.607402,129.543228,0.00,0.00,0.00,0.00,0.00,0.00,0.00,0.00,0.00,0.00,0.00,0.00
520.257749,-69.246763,-227.804223,162.735504,-82.572461,-239.737312,119.250702,-76.534689,-272.688203,130.042191,0.00,0.00,0.00,0.00,0.00,0.00,0.00,0.00,0.00,0.00,0.00,0.00
520.382627,-69.602938,-231.162698,163.074692,-83.496721,-240.897014,118.958046,-77.725228,-277.556358,129.40976,0.00,0.00,0.00,0.00,0.00,0.00,0.00,0.00,0.00,0.00,0.00,0.00
520.507401,-69.352136,-233.802964,163.238266,-84.49098,-241.768213,118.007614,-77.813378,-281.187493,128.94017,0.00,0.00,0.00,0.00,0.00,0.00,0.00,0.00,0.00,0.00,0.00,0.00
520.632256,-68.799338,-235.855782,163.105148,-85.379579,-242.570366,117.519829,-79.030991,-280.04052,128.755066,0.00,0.00,0.00,0.00,0.00,0.00,0.00,0.00,0.00,0.00,0.00,0.00
520.75865,-67.074874,-237.194079,163.033218,-84.720112,-243.878543,117.095444,-78.187714,-277.84745,129.332977,0.00,0.00,0.00,0.00,0.00,0.00,0.00,0.00,0.00,0.00,0.00,0.00
520.884229,-64.475765,-237.82532,162.425049,-82.518115,-246.2663,116.332581,-72.819954,-270.026901,128.955688,0.00,0.00,0.00,0.00,0.00,0.00,0.00,0.00,0.00,0.00,0.00,0.00
521.009212,-61.919833,-238.096734,161.508698,-78.459446,-249.995727,115.344513,-63.45526,-259.958577,124.332451,0.00,0.00,0.00,0.00,0.00,0.00,0.00,0.00,0.00,0.00,0.00,0.00
521.133736,-58.671989,-238.356251,161.123795,-72.011621,-254.288329,114.791962,-53.227937,-251.394288,119.491508,0.00,0.00,0.00,0.00,0.00,0.00,0.00,0.00,0.00,0.00,0.00,0.00
521.25941,-53.720788,-238.667484,160.817337,-61.877804,-257.465078,114.871239,-42.87974,-244.29249,117.416451,0.00,0.00,0.00,0.00,0.00,0.00,0.00,0.00,0.00,0.00,0.00,0.00
521.383814,-46.783512,-238.444253,160.453613,-49.032753,-256.891537,115.479195,-33.242499,-239.063807,116.898514,0.00,0.00,0.00,0.00,0.00,0.00,0.00,0.00,0.00,0.00,0.00,0.00
521.509124,-37.705708,-237.234466,160.114319,-33.084899,-253.905271,115.181854,-23.272397,-235.741437,115.416489,0.00,0.00,0.00,0.00,0.00,0.00,0.00,0.00,0.00,0.00,0.00,0.00
521.633809,-27.430464,-235.867058,160.08403,-19.023862,-251.461292,116.447472,-13.291183,-233.827006,115.661621,0.00,0.00,0.00,0.00,0.00,0.00,0.00,0.00,0.00,0.00,0.00,0.00
521.759465,-16.80246,-234.857659,160.791916,-7.51508,-251.110281,116.881088,-3.109614,-232.628605,117.163277,0.00,0.00,0.00,0.00,0.00,0.00,0.00,0.00,0.00,0.00,0.00,0.00
521.884725,-5.680405,-234.313742,160.616898,3.28396,-252.808987,116.619133,6.878659,-232.532073,117.10067,0.00,0.00,0.00,0.00,0.00,0.00,0.00,0.00,0.00,0.00,0.00,0.00
522.010237,6.294182,-234.812376,159.039932,15.684404,-256.009303,114.983902,17.827787,-233.771008,115.216301,0.00,0.00,0.00,0.00,0.00,0.00,0.00,0.00,0.00,0.00,0.00,0.00
522.134799,18.781911,-236.615786,157.160172,29.916869,-258.520268,113.075317,30.049217,-235.364632,113.6492,0.00,0.00,0.00,0.00,0.00,0.00,0.00,0.00,0.00,0.00,0.00,0.00
522.260223,31.5979,-238.223562,158.48436,45.141441,-258.015808,114.420914,43.787451,-237.02518,114.493134,0.00,0.00,0.00,0.00,0.00,0.00,0.00,0.00,0.00,0.00,0.00,0.00
522.384875,44.101718,-237.906741,159.981598,59.084702,-253.933257,117.148994,55.288518,-234.963453,116.380867,0.00,0.00,0.00,0.00,0.00,0.00,0.00,0.00,0.00,0.00,0.00,0.00
522.509767,55.781514,-236.145769,159.837692,71.82692,-248.135841,117.617943,65.509943,-229.615441,115.113998,0.00,0.00,0.00,0.00,0.00,0.00,0.00,0.00,0.00,0.00,0.00,0.00
522.634657,67.20617,-232.445988,158.198029,84.239357,-241.44119,116.530846,76.666106,-222.754058,111.697098,0.00,0.00,0.00,0.00,0.00,0.00,0.00,0.00,0.00,0.00,0.00,0.00
522.759921,78.66898,-226.786506,158.439056,96.662061,-234.845195,115.6819,88.238674,-215.928577,110.853149,0.00,0.00,0.00,0.00,0.00,0.00,0.00,0.00,0.00,0.00,0.00,0.00
522.884624,89.590238,-221.721556,159.284729,107.894871,-230.467362,118.061974,98.743427,-210.81599,113.459648,0.00,0.00,0.00,0.00,0.00,0.00,0.00,0.00,0.00,0.00,0.00,0.00
523.009772,99.869634,-217.387974,160.105072,118.615842,-227.289031,118.975952,109.054047,-206.745331,114.576431,0.00,0.00,0.00,0.00,0.00,0.00,0.00,0.00,0.00,0.00,0.00,0.00
523.134605,110.351021,-212.708701,159.539322,129.928239,-223.419887,116.464867,120.004836,-201.908076,114.143265,0.00,0.00,0.00,0.00,0.00,0.00,0.00,0.00,0.00,0.00,0.00,0.00
523.25949,121.117442,-208.073753,158.53154,141.013753,-217.674183,113.544083,132.278435,-195.908381,113.580879,0.00,0.00,0.00,0.00,0.00,0.00,0.00,0.00,0.00,0.00,0.00,0.00
523.38435,130.900037,-203.218094,159.557922,150.573561,-210.04867,115.446663,143.525618,-189.539799,116.071342,0.00,0.00,0.00,0.00,0.00,0.00,0.00,0.00,0.00,0.00,0.00,0.00
523.509516,139.167,-197.367027,160.096085,158.340531,-201.886101,118.629196,153.762158,-181.263215,118.67292,0.00,0.00,0.00,0.00,0.00,0.00,0.00,0.00,0.00,0.00,0.00,0.00
523.63435,146.365624,-191.203935,159.810822,164.411933,-195.110631,120.421471,164.86367,-171.811702,121.438095,0.00,0.00,0.00,0.00,0.00,0.00,0.00,0.00,0.00,0.00,0.00,0.00
523.758861,153.027178,-184.84223,158.009186,169.722231,-189.644721,119.033195,177.826465,-162.660947,124.564835,0.00,0.00,0.00,0.00,0.00,0.00,0.00,0.00,0.00,0.00,0.00,0.00
523.883757,158.91693,-178.612359,157.755249,173.528367,-184.357445,116.139427,190.254578,-155.783927,127.318069,0.00,0.00,0.00,0.00,0.00,0.00,0.00,0.00,0.00,0.00,0.00,0.00
524.008912,163.154791,-174.036922,158.339127,174.708286,-180.53006,116.204681,199.900387,-151.970003,129.385101,0.00,0.00,0.00,0.00,0.00,0.00,0.00,0.00,0.00,0.00,0.00,0.00
524.133723,165.495017,-171.296875,158.391693,175.528926,-179.237109,116.425613,206.214847,-150.012981,128.824707,0.00,0.00,0.00,0.00,0.00,0.00,0.00,0.00,0.00,0.00,0.00,0.00
524.258612,166.502724,-169.689523,158.18486,175.661606,-179.345301,115.985016,206.957247,-149.044058,128.090576,0.00,0.00,0.00,0.00,0.00,0.00,0.00,0.00,0.00,0.00,0.00,0.00
524.383814,166.812836,-168.860302,158.388123,175.913004,-179.417036,115.6203,207.256601,-148.878004,128.226669,0.00,0.00,0.00,0.00,0.00,0.00,0.00,0.00,0.00,0.00,0.00,0.00
524.509187,166.717538,-169.285029,158.90889,175.404851,-179.524783,116.329552,207.242352,-148.878299,127.960464,0.00,0.00,0.00,0.00,0.00,0.00,0.00,0.00,0.00,0.00,0.00,0.00
524.63429,165.685041,-172.095733,159.705124,174.391907,-180.279766,116.874435,204.407355,-150.133024,127.413651,0.00,0.00,0.00,0.00,0.00,0.00,0.00,0.00,0.00,0.00,0.00,0.00
524.759898,162.685216,-175.211299,160.248154,172.711023,-182.335228,117.471649,196.682649,-151.701325,124.78685,0.00,0.00,0.00,0.00,0.00,0.00,0.00,0.00,0.00,0.00,0.00,0.00
524.884569,158.862128,-175.685659,160.361313,168.985369,-184.70145,117.150543,187.544974,-154.429114,119.940308,0.00,0.00,0.00,0.00,0.00,0.00,0.00,0.00,0.00,0.00,0.00,0.00
525.009854,157.349311,-174.15532,160.378082,164.012013,-185.519829,116.286339,183.943414,-161.243039,118.693542,0.00,0.00,0.00,0.00,0.00,0.00,0.00,0.00,0.00,0.00,0.00,0.00
525.134062,157.351098,-173.137633,160.616394,160.295377,-184.147426,115.973213,182.499692,-168.225295,120.533134,0.00,0.00,0.00,0.00,0.00,0.00,0.00,0.00,0.00,0.00,0.00,0.00
525.259107,155.269397,-173.728877,160.774567,155.712679,-184.096339,115.362167,177.454764,-173.807247,121.801285,0.00,0.00,0.00,0.00,0.00,0.00,0.00,0.00,0.00,0.00,0.00,0.00
525.384009,150.89345,-175.397221,160.818451,149.177762,-186.102312,115.68161,169.647261,-178.485999,121.431282,0.00,0.00,0.00,0.00,0.00,0.00,0.00,0.00,0.00,0.00,0.00,0.00
525.508788,144.080373,-178.097213,160.306381,140.449168,-190.012089,114.598717,160.141394,-184.152034,120.770988,0.00,0.00,0.00,0.00,0.00,0.00,0.00,0.00,0.00,0.00,0.00,0.00
525.633812,135.114593,-181.567146,159.653061,129.754565,-194.366015,114.25209,150.476249,-191.41377,120.025429,0.00,0.00,0.00,0.00,0.00,0.00,0.00,0.00,0.00,0.00,0.00,0.00
525.759344,125.712891,-185.782906,160.372925,117.971019,-198.026026,115.349701,140.200215,-199.611815,120.850906,0.00,0.00,0.00,0.00,0.00,0.00,0.00,0.00,0.00,0.00,0.00,0.00
525.883767,117.218436,-190.796344,161.388046,108.026724,-201.958246,115.940521,134.514286,-204.702353,120.825172,0.00,0.00,0.00,0.00,0.00,0.00,0.00,0.00,0.00,0.00,0.00,0.00
526.008833,109.01891,-196.24339,161.142731,100.781581,-206.769555,114.949905,122.750991,-210.675916,119.115707,0.00,0.00,0.00,0.00,0.00,0.00,0.00,0.00,0.00,0.00,0.00,0.00
526.133682,101.175643,-202.484708,159.877151,94.619924,-212.908708,112.463203,110.486732,-216.372986,116.235367,0.00,0.00,0.00,0.00,0.00,0.00,0.00,0.00,0.00,0.00,0.00,0.00
526.258707,93.861168,-209.928289,158.238602,85.699958,-220.433949,110.563705,101.286946,-223.542557,113.84726,0.00,0.00,0.00,0.00,0.00,0.00,0.00,0.00,0.00,0.00,0.00,0.00
526.383522,86.259316,-218.052352,158.291077,74.28404,-226.73028,111.294746,91.789417,-230.15987,113.436569,0.00,0.00,0.00,0.00,0.00,0.00,0.00,0.00,0.00,0.00,0.00,0.00
526.508227,78.210632,-225.016893,159.205887,63.920302,-228.108674,112.765167,84.023153,-240.777606,115.479088,0.00,0.00,0.00,0.00,0.00,0.00,0.00,0.00,0.00,0.00,0.00,0.00
526.633756,69.964901,-229.966015,159.499588,56.137352,-228.317521,112.091301,68.380759,-250.044869,119.092033,0.00,0.00,0.00,0.00,0.00,0.00,0.00,0.00,0.00,0.00,0.00,0.00
526.758282,60.515199,-233.385888,159.175842,47.247926,-229.894666,109.564171,55.503258,-251.795051,119.334702,0.00,0.00,0.00,0.00,0.00,0.00,0.00,0.00,0.00,0.00,0.00,0.00
526.883323,50.055459,-235.475813,158.209198,36.067456,-231.968085,109.112213,43.678949,-253.170559,118.078674,0.00,0.00,0.00,0.00,0.00,0.00,0.00,0.00,0.00,0.00,0.00,0.00
527.008418,39.330098,-237.113104,158.93367,23.574821,-233.945933,112.274864,32.647706,-255.117227,118.577423,0.00,0.00,0.00,0.00,0.00,0.00,0.00,0.00,0.00,0.00,0.00,0.00
527.133195,29.544214,-239.248189,159.531708,13.201799,-236.374777,115.848686,23.375998,-257.815024,120.162033,0.00,0.00,0.00,0.00,0.00,0.00,0.00,0.00,0.00,0.00,0.00,0.00
527.258296,21.165459,-241.976135,159.396225,5.69085,-240.025183,118.109322,16.017303,-261.849254,122.454193,0.00,0.00,0.00,0.00,0.00,0.00,0.00,0.00,0.00,0.00,0.00,0.00
527.383265,13.658246,-245.277298,158.36026,-1.00441,-244.426267,117.246315,9.005215,-267.527265,125.234428,0.00,0.00,0.00,0.00,0.00,0.00,0.00,0.00,0.00,0.00,0.00,0.00
527.508726,6.660875,-249.476159,158.250763,-8.068664,-247.883675,115.583542,1.110899,-272.45263,127.476166,0.00,0.00,0.00,0.00,0.00,0.00,0.00,0.00,0.00,0.00,0.00,0.00
527.63351,0.668709,-253.226765,157.772736,-14.74594,-249.83779,115.326668,-4.857644,-277.258546,128.465942,0.00,0.00,0.00,0.00,0.00,0.00,0.00,0.00,0.00,0.00,0.00,0.00
527.758738,-4.813354,-255.608513,158.228149,-20.534923,-251.726534,114.468071,-7.359858,-279.636597,128.348129,0.00,0.00,0.00,0.00,0.00,0.00,0.00,0.00,0.00,0.00,0.00,0.00
527.883309,-9.435959,-256.899691,158.209045,-25.477215,-253.748165,113.411964,-7.776468,-280.292374,127.525162,0.00,0.00,0.00,0.00,0.00,0.00,0.00,0.00,0.00,0.00,0.00,0.00
528.008585,-12.980087,-256.489294,158.347946,-30.134017,-255.87412,113.410248,-7.903484,-280.213285,128.559906,0.00,0.00,0.00,0.00,0.00,0.00,0.00,0.00,0.00,0.00,0.00,0.00
528.133538,-16.069086,-254.84728,158.992905,-33.833025,-257.234679,114.414406,-8.18178,-280.338505,128.367996,0.00,0.00,0.00,0.00,0.00,0.00,0.00,0.00,0.00,0.00,0.00,0.00
528.258363,-18.251652,-253.409795,159.230774,-35.510529,-258.613353,113.820839,-7.686836,-280.041462,128.226501,0.00,0.00,0.00,0.00,0.00,0.00,0.00,0.00,0.00,0.00,0.00,0.00
528.383347,-18.558722,-252.472135,159.61731,-33.326902,-260.098556,113.100143,-6.477304,-274.008863,129.346588,0.00,0.00,0.00,0.00,0.00,0.00,0.00,0.00,0.00,0.00,0.00,0.00
528.508198,-16.487199,-251.74394,159.739609,-27.68733,-261.613999,112.787712,-3.617825,-263.715159,127.307999,0.00,0.00,0.00,0.00,0.00,0.00,0.00,0.00,0.00,0.00,0.00,0.00
528.63308,-11.479494,-250.718577,159.695389,-19.312646,-263.0573,112.761185,1.369907,-255.141205,123.306671,0.00,0.00,0.00,0.00,0.00,0.00,0.00,0.00,0.00,0.00,0.00,0.00
528.758334,-3.698137,-249.26528,158.876678,-7.866922,-263.280055,113.717926,9.496043,-249.089352,120.652977,0.00,0.00,0.00,0.00,0.00,0.00,0.00,0.00,0.00,0.00,0.00,0.00
528.882996,5.610725,-246.976364,157.974854,6.178143,-261.64763,113.808731,18.598783,-243.782901,119.14463,0.00,0.00,0.00,0.00,0.00,0.00,0.00,0.00,0.00,0.00,0.00,0.00
529.008134,14.625407,-244.354081,157.157822,20.880862,-258.653416,114.609184,27.372382,-238.73379,118.264534,0.00,0.00,0.00,0.00,0.00,0.00,0.00,0.00,0.00,0.00,0.00,0.00
529.132616,22.509291,-241.765231,157.967682,32.320958,-255.491792,116.737282,35.038471,-234.284233,119.281052,0.00,0.00,0.00,0.00,0.00,0.00,0.00,0.00,0.00,0.00,0.00,0.00
529.257543,30.381687,-239.361334,158.904221,42.017235,-253.726755,115.842529,42.643694,-231.385261,119.624565,0.00,0.00,0.00,0.00,0.00,0.00,0.00,0.00,0.00,0.00,0.00,0.00
529.382696,39.174519,-237.756653,158.879166,52.19494,-253.51943,113.011375,50.765624,-229.413604,117.90242,0.00,0.00,0.00,0.00,0.00,0.00,0.00,0.00,0.00,0.00,0.00,0.00
529.507748,49.160675,-236.855137,158.16066,64.352001,-253.278268,109.751785,60.442575,-227.359278,115.27314,0.00,0.00,0.00,0.00,0.00,0.00,0.00,0.00,0.00,0.00,0.00,0.00
529.632502,60.65834,-236.17088,158.490463,78.401734,-250.758487,108.658173,71.665574,-224.465073,113.984344,0.00,0.00,0.00,0.00,0.00,0.00,0.00,0.00,0.00,0.00,0.00,0.00
529.757513,72.164434,-233.798573,160.202835,91.669865,-244.539415,111.839531,80.811405,-220.304002,115.772041,0.00,0.00,0.00,0.00,0.00,0.00,0.00,0.00,0.00,0.00,0.00,0.00
529.882498,81.737142,-228.4869,160.659637,102.102204,-234.281962,114.548233,85.054755,-214.004985,115.204414,0.00,0.00,0.00,0.00,0.00,0.00,0.00,0.00,0.00,0.00,0.00,0.00
530.007234,89.392654,-220.601771,159.551361,108.268515,-221.242956,115.13295,86.946868,-205.276455,111.493233,0.00,0.00,0.00,0.00,0.00,0.00,0.00,0.00,0.00,0.00,0.00,0.00
530.131848,95.919163,-210.538764,158.11174,112.718328,-207.968919,114.65889,88.614476,-195.462761,108.842834,0.00,0.00,0.00,0.00,0.00,0.00,0.00,0.00,0.00,0.00,0.00,0.00
530.257195,101.760681,-199.445205,157.313065,119.407061,-196.779168,114.772461,92.732345,-185.550651,107.662903,0.00,0.00,0.00,0.00,0.00,0.00,0.00,0.00,0.00,0.00,0.00,0.00
530.3819,107.392815,-188.713157,157.135254,127.837938,-188.299262,116.166176,100.171561,-176.756709,109.474358,0.00,0.00,0.00,0.00,0.00,0.00,0.00,0.00,0.00,0.00,0.00,0.00
530.506656,112.361947,-178.075502,157.183502,135.578866,-180.134607,115.317787,107.640006,-166.623872,111.309097,0.00,0.00,0.00,0.00,0.00,0.00,0.00,0.00,0.00,0.00,0.00,0.00
530.631532,116.985836,-166.6617,156.137482,141.297791,-168.986401,112.785767,112.95515,-153.728254,112.118507,0.00,0.00,0.00,0.00,0.00,0.00,0.00,0.00,0.00,0.00,0.00,0.00
530.756972,121.820104,-154.988867,156.165176,144.761419,-153.753828,110.85807,116.018823,-140.098346,112.241219,0.00,0.00,0.00,0.00,0.00,0.00,0.00,0.00,0.00,0.00,0.00,0.00
530.881064,125.703533,-143.318369,157.80957,145.432304,-137.495622,114.000023,117.33188,-128.106825,114.155388,0.00,0.00,0.00,0.00,0.00,0.00,0.00,0.00,0.00,0.00,0.00,0.00
531.006237,128.193362,-131.988095,159.38916,144.203091,-123.024789,117.918655,117.026564,-117.625055,114.285316,0.00,0.00,0.00,0.00,0.00,0.00,0.00,0.00,0.00,0.00,0.00,0.00
531.131361,130.432075,-120.607828,158.858368,143.935496,-109.395635,118.669189,118.232239,-105.17184,111.626724,0.00,0.00,0.00,0.00,0.00,0.00,0.00,0.00,0.00,0.00,0.00,0.00
531.256568,132.294763,-108.540569,157.212616,146.071326,-97.274278,117.084038,121.747675,-90.474582,110.671661,0.00,0.00,0.00,0.00,0.00,0.00,0.00,0.00,0.00,0.00,0.00,0.00
531.381256,134.610666,-95.995666,157.504486,151.402603,-88.55538,115.090874,128.672142,-75.428682,112.676727,0.00,0.00,0.00,0.00,0.00,0.00,0.00,0.00,0.00,0.00,0.00,0.00
531.506571,138.129384,-84.448427,158.211609,157.737217,-84.05641,114.389023,138.40907,-62.644826,115.860809,0.00,0.00,0.00,0.00,0.00,0.00,0.00,0.00,0.00,0.00,0.00,0.00
531.631164,142.538279,-74.822343,158.361343,163.23137,-80.147223,113.353943,148.617701,-51.450115,118.057587,0.00,0.00,0.00,0.00,0.00,0.00,0.00,0.00,0.00,0.00,0.00,0.00
531.756578,147.535792,-67.009321,157.391708,167.465801,-74.075886,111.608849,158.876502,-41.465458,118.451523,0.00,0.00,0.00,0.00,0.00,0.00,0.00,0.00,0.00,0.00,0.00,0.00
531.881439,152.419468,-60.502649,156.330734,169.428367,-67.523389,112.189438,168.473894,-33.241541,119.410744,0.00,0.00,0.00,0.00,0.00,0.00,0.00,0.00,0.00,0.00,0.00,0.00
532.006327,156.717414,-54.772729,156.617767,170.419861,-63.398968,113.605034,177.486853,-26.093556,121.430565,0.00,0.00,0.00,0.00,0.00,0.00,0.00,0.00,0.00,0.00,0.00,0.00
532.129635,160.742329,-49.736147,156.576675,172.317687,-61.824093,113.204102,186.62626,-19.278102,123.026741,0.00,0.00,0.00,0.00,0.00,0.00,0.00,0.00,0.00,0.00,0.00,0.00
532.255316,164.410935,-44.839133,156.832184,173.833973,-60.664954,113.103043,194.854415,-13.659561,123.54808,0.00,0.00,0.00,0.00,0.00,0.00,0.00,0.00,0.00,0.00,0.00,0.00
532.380747,168.117386,-40.032025,157.421188,174.598446,-58.457914,113.319183,201.069664,-9.512249,123.08242,0.00,0.00,0.00,0.00,0.00,0.00,0.00,0.00,0.00,0.00,0.00,0.00
532.506028,171.590657,-36.539413,157.621628,175.510677,-55.685965,113.941635,204.791543,-7.097771,121.882591,0.00,0.00,0.00,0.00,0.00,0.00,0.00,0.00,0.00,0.00,0.00,0.00
532.630818,174.535156,-35.015554,157.358231,175.726008,-53.630489,114.467415,204.587794,-6.078133,121.25547,0.00,0.00,0.00,0.00,0.00,0.00,0.00,0.00,0.00,0.00,0.00,0.00
532.756041,176.546839,-35.762951,156.703979,175.978894,-52.773141,114.310051,204.920541,-6.607339,120.979393,0.00,0.00,0.00,0.00,0.00,0.00,0.00,0.00,0.00,0.00,0.00,0.00
532.881119,176.697279,-39.347832,156.296677,175.315289,-53.090278,114.322029,204.808517,-6.747706,121.016037,0.00,0.00,0.00,0.00,0.00,0.00,0.00,0.00,0.00,0.00,0.00,0.00
533.005835,173.866973,-44.761722,157.12915,172.310019,-55.623474,114.362,200.590656,-9.788917,121.045853,0.00,0.00,0.00,0.00,0.00,0.00,0.00,0.00,0.00,0.00,0.00,0.00
533.130873,169.167067,-48.245814,158.371155,166.476605,-59.378153,114.538513,194.645634,-19.008165,118.030678,0.00,0.00,0.00,0.00,0.00,0.00,0.00,0.00,0.00,0.00,0.00,0.00
533.256002,163.857412,-50.223451,159.674332,158.005439,-62.27,115.064987,189.235323,-35.924104,114.354469,0.00,0.00,0.00,0.00,0.00,0.00,0.00,0.00,0.00,0.00,0.00,0.00
533.38068,157.302795,-51.690915,160.766602,148.160243,-64.208595,116.046867,179.610974,-54.661028,114.45192,0.00,0.00,0.00,0.00,0.00,0.00,0.00,0.00,0.00,0.00,0.00,0.00
533.505937,149.255205,-52.923755,161.281128,137.383916,-64.796155,116.526283,165.563766,-66.684063,117.424896,0.00,0.00,0.00,0.00,0.00,0.00,0.00,0.00,0.00,0.00,0.00,0.00
533.630684,140.445556,-54.206751,160.785126,125.88201,-64.621698,116.199425,151.413052,-72.813868,118.341515,0.00,0.00,0.00,0.00,0.00,0.00,0.00,0.00,0.00,0.00,0.00,0.00
533.755752,131.882274,-56.332342,161.142471,116.859389,-64.708636,115.958694,138.997447,-76.081728,117.595657,0.00,0.00,0.00,0.00,0.00,0.00,0.00,0.00,0.00,0.00,0.00,0.00
533.88069,124.322715,-59.426109,161.778839,110.81434,-64.879771,115.903511,129.368544,-78.216432,117.171188,0.00,0.00,0.00,0.00,0.00,0.00,0.00,0.00,0.00,0.00,0.00,0.00
534.005801,117.826569,-62.838706,160.695175,105.417512,-64.504776,114.490875,117.824118,-77.533268,115.392532,0.00,0.00,0.00,0.00,0.00,0.00,0.00,0.00,0.00,0.00,0.00,0.00
534.130471,110.920847,-65.957409,158.96283,100.12374,-61.966929,111.763504,105.952638,-74.477937,113.738297,0.00,0.00,0.00,0.00,0.00,0.00,0.00,0.00,0.00,0.00,0.00,0.00
534.255722,102.391954,-67.231646,158.350388,94.452579,-57.669745,111.206505,96.866433,-74.617936,112.861015,0.00,0.00,0.00,0.00,0.00,0.00,0.00,0.00,0.00,0.00,0.00,0.00
534.38074,92.568814,-65.964207,157.094955,85.389474,-52.484077,109.702209,91.37209,-76.94803,114.529572,0.00,0.00,0.00,0.00,0.00,0.00,0.00,0.00,0.00,0.00,0.00,0.00
534.505736,81.366681,-62.574141,155.540634,74.49461,-47.728579,108.729622,75.064351,-71.613451,112.760948,0.00,0.00,0.00,0.00,0.00,0.00,0.00,0.00,0.00,0.00,0.00,0.00
534.630423,69.742564,-58.771083,156.726028,62.954371,-43.927722,111.282265,62.302041,-67.89085,113.499115,0.00,0.00,0.00,0.00,0.00,0.00,0.00,0.00,0.00,0.00,0.00,0.00
534.755636,58.77411,-56.337484,158.000015,51.341676,-42.462526,112.660255,52.670537,-66.606599,115.74099,0.00,0.00,0.00,0.00,0.00,0.00,0.00,0.00,0.00,0.00,0.00,0.00
534.880686,48.555439,-55.184453,158.616211,39.748043,-44.395839,113.312721,44.672336,-69.840848,115.180756,0.00,0.00,0.00,0.00,0.00,0.00,0.00,0.00,0.00,0.00,0.00,0.00
535.005437,37.942164,-56.102836,157.857117,28.122855,-48.511944,113.348068,36.10102,-75.239266,112.611595,0.00,0.00,0.00,0.00,0.00,0.00,0.00,0.00,0.00,0.00,0.00,0.00
535.130697,27.343912,-59.417526,157.64859,15.478599,-52.365676,112.135567,26.503751,-80.766545,110.10704,0.00,0.00,0.00,0.00,0.00,0.00,0.00,0.00,0.00,0.00,0.00,0.00
535.25552,16.715219,-63.188942,159.091599,2.720867,-55.41592,113.332153,16.00544,-84.588255,112.066307,0.00,0.00,0.00,0.00,0.00,0.00,0.00,0.00,0.00,0.00,0.00,0.00
535.380602,6.758006,-66.259814,160.265656,-8.378072,-57.384251,115.028442,5.944736,-86.920245,114.195396,0.00,0.00,0.00,0.00,0.00,0.00,0.00,0.00,0.00,0.00,0.00,0.00
535.505927,-2.89902,-69.537009,160.50679,-18.647324,-59.679295,114.858498,-4.47152,-89.186346,113.362488,0.00,0.00,0.00,0.00,0.00,0.00,0.00,0.00,0.00,0.00,0.00,0.00
535.630973,-12.892252,-72.486958,159.24501,-29.582908,-62.795847,113.065895,-15.008881,-91.501879,111.503639,0.00,0.00,0.00,0.00,0.00,0.00,0.00,0.00,0.00,0.00,0.00,0.00
535.755565,-23.083301,-75.242683,159.450806,-39.931417,-67.670857,113.192986,-25.472275,-94.924338,111.636665,0.00,0.00,0.00,0.00,0.00,0.00,0.00,0.00,0.00,0.00,0.00,0.00
535.880299,-32.518387,-79.452097,160.239151,-48.749221,-73.992426,114.210274,-34.189702,-99.367747,113.002907,0.00,0.00,0.00,0.00,0.00,0.00,0.00,0.00,0.00,0.00,0.00,0.00
536.005909,-41.207895,-84.465347,160.407318,-56.224072,-79.927214,115.178009,-41.137173,-105.046518,113.47673,0.00,0.00,0.00,0.00,0.00,0.00,0.00,0.00,0.00,0.00,0.00,0.00
536.130519,-49.279709,-89.624921,158.875351,-63.521667,-84.406228,113.45694,-49.222299,-111.314177,111.508789,0.00,0.00,0.00,0.00,0.00,0.00,0.00,0.00,0.00,0.00,0.00,0.00
536.255739,-56.526959,-94.584699,159.345184,-68.731954,-88.144721,112.934433,-57.876004,-115.725552,112.16748,0.00,0.00,0.00,0.00,0.00,0.00,0.00,0.00,0.00,0.00,0.00,0.00
536.380258,-62.707242,-97.528141,159.833618,-72.311398,-89.608795,113.030838,-67.158737,-117.736731,112.016891,0.00,0.00,0.00,0.00,0.00,0.00,0.00,0.00,0.00,0.00,0.00,0.00
536.505346,-67.608057,-98.732585,159.996552,-75.581352,-88.725517,112.516449,-76.951916,-116.320062,111.748329,0.00,0.00,0.00,0.00,0.00,0.00,0.00,0.00,0.00,0.00,0.00,0.00
536.630682,-71.803706,-97.949818,159.59491,-78.747592,-87.066144,111.686325,-87.840109,-110.838382,112.865356,0.00,0.00,0.00,0.00,0.00,0.00,0.00,0.00,0.00,0.00,0.00,0.00
536.755263,-76.350332,-94.635723,159.708923,-82.312865,-84.948353,111.02037,-99.467815,-103.497486,116.296265,0.00,0.00,0.00,0.00,0.00,0.00,0.00,0.00,0.00,0.00,0.00,0.00
536.880082,-82.113105,-89.353026,159.391312,-85.659095,-81.167196,109.919907,-112.589593,-96.230715,119.696068,0.00,0.00,0.00,0.00,0.00,0.00,0.00,0.00,0.00,0.00,0.00,0.00
537.005176,-88.01197,-83.929939,158.188797,-88.088439,-75.772573,107.836319,-125.783281,-89.261226,122.037575,0.00,0.00,0.00,0.00,0.00,0.00,0.00,0.00,0.00,0.00,0.00,0.00
537.130158,-92.674581,-79.332055,156.841583,-89.328488,-70.644697,105.755745,-136.544072,-84.077028,123.973251,0.00,0.00,0.00,0.00,0.00,0.00,0.00,0.00,0.00,0.00,0.00,0.00
537.255051,-96.00375,-75.658644,155.53772,-89.472482,-67.272447,103.679955,-143.979765,-81.065064,125.043091,0.00,0.00,0.00,0.00,0.00,0.00,0.00,0.00,0.00,0.00,0.00,0.00
537.379729,-98.260581,-72.749005,154.142212,-88.859576,-65.841203,101.76976,-148.487488,-79.723953,124.832298,0.00,0.00,0.00,0.00,0.00,0.00,0.00,0.00,0.00,0.00,0.00,0.00
537.50476,-99.894042,-70.549791,153.114288,-88.401068,-64.920133,99.949699,-150.832653,-79.865853,124.464432,0.00,0.00,0.00,0.00,0.00,0.00,0.00,0.00,0.00,0.00,0.00,0.00
537.62972,-101.353903,-69.162223,152.574692,-88.785716,-64.408597,99.684784,-151.081575,-80.275272,124.179649,0.00,0.00,0.00,0.00,0.00,0.00,0.00,0.00,0.00,0.00,0.00,0.00
537.75474,-102.108046,-69.19695,152.578629,-89.218975,-64.534183,99.464973,-150.804369,-79.995306,124.10083,0.00,0.00,0.00,0.00,0.00,0.00,0.00,0.00,0.00,0.00,0.00,0.00
537.879487,-101.353812,-71.290752,153.889343,-89.45153,-65.420443,100.202652,-147.186032,-79.732863,122.840057,0.00,0.00,0.00,0.00,0.00,0.00,0.00,0.00,0.00,0.00,0.00,0.00
538.005013,-98.689496,-74.470243,156.117004,-90.531806,-66.320421,101.610291,-135.221261,-82.213869,120.262634,0.00,0.00,0.00,0.00,0.00,0.00,0.00,0.00,0.00,0.00,0.00,0.00
538.13002,-94.725201,-77.738538,158.282059,-92.107997,-68.547113,103.024529,-116.410868,-90.299649,115.464874,0.00,0.00,0.00,0.00,0.00,0.00,0.00,0.00,0.00,0.00,0.00,0.00
538.255247,-90.488236,-81.265378,159.729431,-93.139286,-71.805233,104.509445,-96.615181,-99.685362,110.042953,0.00,0.00,0.00,0.00,0.00,0.00,0.00,0.00,0.00,0.00,0.00,0.00
538.379755,-86.332456,-85.388517,160.746033,-92.891729,-76.113722,105.571175,-79.300486,-104.495755,108.851768,0.00,0.00,0.00,0.00,0.00,0.00,0.00,0.00,0.00,0.00,0.00,0.00
538.504824,-81.177622,-90.569307,161.449249,-89.250688,-81.117717,106.206238,-68.56226,-106.240377,110.52433,0.00,0.00,0.00,0.00,0.00,0.00,0.00,0.00,0.00,0.00,0.00,0.00
538.62956,-74.536014,-96.311242,161.738541,-83.90829,-85.666862,106.410095,-61.554514,-110.120865,110.109238,0.00,0.00,0.00,0.00,0.00,0.00,0.00,0.00,0.00,0.00,0.00,0.00
538.755035,-66.571141,-102.605417,161.514709,-81.075545,-111.962439,113.197723,-53.273871,-114.544973,109.764168,0.00,0.00,0.00,0.00,0.00,0.00,0.00,0.00,0.00,0.00,0.00,0.00
538.879524,-58.801286,-109.002302,161.220032,-68.916345,-122.092105,114.921936,-44.238399,-119.553054,109.99118,0.00,0.00,0.00,0.00,0.00,0.00,0.00,0.00,0.00,0.00,0.00,0.00
539.004697,-53.120951,-115.441992,161.58429,-60.774742,-128.831953,115.933975,-39.046114,-125.157091,110.480568,0.00,0.00,0.00,0.00,0.00,0.00,0.00,0.00,0.00,0.00,0.00,0.00
539.129495,-49.482196,-122.295077,161.509338,-59.382194,-134.265377,115.253021,-37.860803,-132.361473,111.009216,0.00,0.00,0.00,0.00,0.00,0.00,0.00,0.00,0.00,0.00,0.00,0.00
539.254697,-47.246251,-130.286073,160.823135,-61.766055,-141.971111,113.352623,-38.782695,-142.293069,110.700867,0.00,0.00,0.00,0.00,0.00,0.00,0.00,0.00,0.00,0.00,0.00,0.00
539.379429,-47.035129,-139.384903,159.786942,-64.393837,-150.943052,111.556068,-40.121731,-153.898761,111.232933,0.00,0.00,0.00,0.00,0.00,0.00,0.00,0.00,0.00,0.00,0.00,0.00
539.504656,-48.653019,-149.687199,159.311707,-65.755735,-162.774895,110.343315,-40.682213,-166.577164,110.886017,0.00,0.00,0.00,0.00,0.00,0.00,0.00,0.00,0.00,0.00,0.00,0.00
539.629346,-50.611208,-160.386616,160.414383,-64.763483,-175.197879,113.798813,-41.025307,-177.740042,112.61245,0.00,0.00,0.00,0.00,0.00,0.00,0.00,0.00,0.00,0.00,0.00,0.00
539.754278,-52.212959,-170.604347,161.110825,-63.207443,-185.978131,117.112473,-41.017181,-187.867531,113.387421,0.00,0.00,0.00,0.00,0.00,0.00,0.00,0.00,0.00,0.00,0.00,0.00
539.879146,-53.585104,-180.83923,160.525208,-62.881122,-196.138346,117.594131,-41.40436,-199.450072,112.994156,0.00,0.00,0.00,0.00,0.00,0.00,0.00,0.00,0.00,0.00,0.00,0.00
540.004148,-54.361469,-191.547527,158.84108,-64.526788,-206.642766,115.69413,-42.196831,-213.522739,113.312866,0.00,0.00,0.00,0.00,0.00,0.00,0.00,0.00,0.00,0.00,0.00,0.00
540.129121,-54.982258,-202.556982,158.560226,-67.345349,-216.610497,113.346924,-45.743927,-227.81813,115.284691,0.00,0.00,0.00,0.00,0.00,0.00,0.00,0.00,0.00,0.00,0.00,0.00
540.253951,-56.552296,-212.441773,159.197205,-70.548711,-223.338887,114.056946,-52.824107,-240.984725,118.793701,0.00,0.00,0.00,0.00,0.00,0.00,0.00,0.00,0.00,0.00,0.00,0.00
540.378707,-59.049939,-220.530802,159.746475,-73.884551,-229.213325,113.682213,-60.985063,-253.683536,123.70092,0.00,0.00,0.00,0.00,0.00,0.00,0.00,0.00,0.00,0.00,0.00,0.00
540.503626,-62.318565,-227.391977,159.303497,-76.945973,-235.604925,112.344383,-68.669099,-264.98023,126.873566,0.00,0.00,0.00,0.00,0.00,0.00,0.00,0.00,0.00,0.00,0.00,0.00
540.628574,-66.141508,-233.431584,159.680435,-79.768665,-241.965176,113.128403,-74.548388,-273.546686,128.355225,0.00,0.00,0.00,0.00,0.00,0.00,0.00,0.00,0.00,0.00,0.00,0.00
540.753417,-69.546723,-238.482221,160.261124,-81.795578,-247.407856,114.474579,-77.743422,-278.552582,127.957443,0.00,0.00,0.00,0.00,0.00,0.00,0.00,0.00,0.00,0.00,0.00,0.00
540.878441,-71.865242,-242.433809,160.444107,-83.008391,-251.396843,114.817932,-78.206688,-280.723532,126.724182,0.00,0.00,0.00,0.00,0.00,0.00,0.00,0.00,0.00,0.00,0.00,0.00
541.00366,-73.090303,-245.676553,160.231308,-83.126504,-254.260916,113.913605,-77.890349,-281.478772,126.430038,0.00,0.00,0.00,0.00,0.00,0.00,0.00,0.00,0.00,0.00,0.00,0.00
541.128435,-73.271898,-248.263588,159.844559,-82.433871,-256.196808,113.130966,-77.897354,-281.444058,126.516151,0.00,0.00,0.00,0.00,0.00,0.00,0.00,0.00,0.00,0.00,0.00,0.00
541.253509,-71.305468,-250.268799,159.650635,-80.415663,-257.861124,112.42775,-76.893844,-280.630221,126.549568,0.00,0.00,0.00,0.00,0.00,0.00,0.00,0.00,0.00,0.00,0.00,0.00
541.378292,-66.791841,-251.525489,159.373917,-76.36972,-259.575462,111.452393,-71.050727,-273.254326,125.478241,0.00,0.00,0.00,0.00,0.00,0.00,0.00,0.00,0.00,0.00,0.00,0.00
541.503454,-60.928008,-251.365304,159.034821,-70.337441,-261.447037,110.131874,-58.302394,-263.816923,120.558998,0.00,0.00,0.00,0.00,0.00,0.00,0.00,0.00,0.00,0.00,0.00,0.00
541.628279,-54.112661,-250.672171,158.914917,-61.276017,-263.05977,109.246635,-42.802941,-253.395278,114.204239,0.00,0.00,0.00,0.00,0.00,0.00,0.00,0.00,0.00,0.00,0.00,0.00
541.753849,-45.338566,-248.52989,158.786148,-48.443996,-262.767899,109.37471,-28.377636,-240.934636,111.831436,0.00,0.00,0.00,0.00,0.00,0.00,0.00,0.00,0.00,0.00,0.00,0.00
541.878632,-34.721181,-244.165975,158.500153,-31.532553,-260.062634,109.547401,-16.407156,-231.544635,111.951149,0.00,0.00,0.00,0.00,0.00,0.00,0.00,0.00,0.00,0.00,0.00,0.00
542.004006,-23.379094,-239.806871,159.424759,-14.549815,-256.273177,111.817101,-6.828836,-227.78872,112.312027,0.00,0.00,0.00,0.00,0.00,0.00,0.00,0.00,0.00,0.00,0.00,0.00
542.128707,-12.394471,-236.794791,160.800232,-1.793447,-252.756183,113.827362,1.503024,-227.049197,113.085762,0.00,0.00,0.00,0.00,0.00,0.00,0.00,0.00,0.00,0.00,0.00,0.00
542.253129,-1.351965,-234.85395,160.748672,9.694629,-251.973745,113.869797,11.794447,-225.958948,113.237747,0.00,0.00,0.00,0.00,0.00,0.00,0.00,0.00,0.00,0.00,0.00,0.00
542.378115,10.565824,-233.91296,159.320007,21.993583,-253.504963,112.403854,23.820149,-225.148936,112.567497,0.00,0.00,0.00,0.00,0.00,0.00,0.00,0.00,0.00,0.00,0.00,0.00
542.503714,23.605695,-233.94902,157.361938,35.757169,-255.701678,111.100403,37.025343,-223.682573,112.222565,0.00,0.00,0.00,0.00,0.00,0.00,0.00,0.00,0.00,0.00,0.00,0.00
542.628643,37.018586,-233.90494,158.259766,51.655747,-255.204906,111.643959,50.243962,-220.717765,113.200691,0.00,0.00,0.00,0.00,0.00,0.00,0.00,0.00,0.00,0.00,0.00,0.00
542.753663,50.08187,-232.379255,160.129166,66.359072,-249.499652,115.510269,59.333515,-217.224,115.280022,0.00,0.00,0.00,0.00,0.00,0.00,0.00,0.00,0.00,0.00,0.00,0.00
542.878633,62.214375,-229.963866,159.93132,79.150119,-242.132946,116.786636,67.487019,-212.187943,113.429169,0.00,0.00,0.00,0.00,0.00,0.00,0.00,0.00,0.00,0.00,0.00,0.00
543.003589,73.984922,-226.122161,158.690186,91.993974,-234.893975,116.455856,76.913135,-204.662914,110.51403,0.00,0.00,0.00,0.00,0.00,0.00,0.00,0.00,0.00,0.00,0.00,0.00
543.128461,85.933409,-220.566546,158.791885,105.358346,-228.358181,115.098259,87.483473,-195.978943,110.434875,0.00,0.00,0.00,0.00,0.00,0.00,0.00,0.00,0.00,0.00,0.00,0.00
543.253298,97.349402,-215.359391,159.367249,117.341069,-225.132266,116.690781,100.267681,-191.643801,113.532257,0.00,0.00,0.00,0.00,0.00,0.00,0.00,0.00,0.00,0.00,0.00,0.00
543.378682,107.929345,-211.177013,160.108231,128.615649,-223.708699,116.713753,114.391847,-189.466223,114.577606,0.00,0.00,0.00,0.00,0.00,0.00,0.00,0.00,0.00,0.00,0.00,0.00
543.50374,118.079197,-206.516356,159.805313,139.314291,-220.989576,114.229988,128.672345,-185.969735,114.663338,0.00,0.00,0.00,0.00,0.00,0.00,0.00,0.00,0.00,0.00,0.00,0.00
543.628221,128.255622,-201.559837,158.463837,150.316538,-215.640742,111.549698,142.110273,-180.603019,115.449394,0.00,0.00,0.00,0.00,0.00,0.00,0.00,0.00,0.00,0.00,0.00,0.00
543.753335,137.584767,-196.100194,159.284866,160.165938,-207.289794,113.921799,154.108912,-175.0434,118.201279,0.00,0.00,0.00,0.00,0.00,0.00,0.00,0.00,0.00,0.00,0.00,0.00
543.878732,144.935161,-189.92848,160.043411,166.386094,-198.532572,118.436096,164.282867,-168.729755,121.627716,0.00,0.00,0.00,0.00,0.00,0.00,0.00,0.00,0.00,0.00,0.00,0.00
544.002947,150.85978,-183.402005,159.643539,170.616009,-191.656683,119.684685,175.526875,-161.54987,124.04525,0.00,0.00,0.00,0.00,0.00,0.00,0.00,0.00,0.00,0.00,0.00,0.00
544.127344,156.025369,-176.762381,158.647064,173.775554,-186.514261,117.99511,187.707588,-155.717496,126.085709,0.00,0.00,0.00,0.00,0.00,0.00,0.00,0.00,0.00,0.00,0.00,0.00
544.252338,161.141933,-170.201607,159.158905,175.571155,-181.819239,114.749489,198.438449,-151.814051,127.14566,0.00,0.00,0.00,0.00,0.00,0.00,0.00,0.00,0.00,0.00,0.00,0.00
544.377545,165.626639,-164.937468,159.494568,175.014502,-178.374793,113.895622,204.977231,-149.603624,127.168884,0.00,0.00,0.00,0.00,0.00,0.00,0.00,0.00,0.00,0.00,0.00,0.00
544.502556,169.097049,-161.782466,159.580612,174.845244,-176.982766,113.955711,207.615102,-148.945047,126.152023,0.00,0.00,0.00,0.00,0.00,0.00,0.00,0.00,0.00,0.00,0.00,0.00
544.627669,171.18524,-160.223901,159.486298,174.986647,-176.546113,114.048599,207.702832,-148.941518,125.919632,0.00,0.00,0.00,0.00,0.00,0.00,0.00,0.00,0.00,0.00,0.00,0.00
544.752654,171.972077,-161.299746,159.42778,174.62515,-176.92879,114.741936,207.685432,-149.101793,125.958183,0.00,0.00,0.00,0.00,0.00,0.00,0.00,0.00,0.00,0.00,0.00,0.00
544.877824,170.950098,-165.070642,159.877014,171.797468,-178.608603,115.416946,207.310526,-149.313385,126.051239,0.00,0.00,0.00,0.00,0.00,0.00,0.00,0.00,0.00,0.00,0.00,0.00
545.003332,167.210424,-169.20884,160.306076,165.643555,-181.696324,115.1567,199.789569,-151.314643,124.104866,0.00,0.00,0.00,0.00,0.00,0.00,0.00,0.00,0.00,0.00,0.00,0.00
545.128259,162.036097,-172.17278,160.809509,156.441538,-184.91559,114.887848,189.943283,-158.76612,117.629532,0.00,0.00,0.00,0.00,0.00,0.00,0.00,0.00,0.00,0.00,0.00,0.00
545.253194,157.278925,-174.780846,161.53421,147.483379,-188.291886,114.842987,177.206522,-173.894217,113.570831,0.00,0.00,0.00,0.00,0.00,0.00,0.00,0.00,0.00,0.00,0.00,0.00
545.377935,150.574603,-178.227713,161.438995,139.592883,-192.381132,114.033447,163.919847,-186.795831,115.636467,0.00,0.00,0.00,0.00,0.00,0.00,0.00,0.00,0.00,0.00,0.00,0.00
545.50282,142.634723,-183.012029,160.740143,130.691898,-197.349414,113.084053,153.650246,-196.395836,117.365959,0.00,0.00,0.00,0.00,0.00,0.00,0.00,0.00,0.00,0.00,0.00,0.00
545.627834,134.773535,-188.746872,160.632751,122.043631,-203.212073,113.704071,145.997126,-203.802016,117.84594,0.00,0.00,0.00,0.00,0.00,0.00,0.00,0.00,0.00,0.00,0.00,0.00545.753076,127.764785,-195.115994,161.637192,115.496999,-208.796856,115.83371,139.582055,-209.42271,116.495499,0.00,0.00,0.00,0.00,0.00,0.00,0.00,0.00,0.00,0.00,0.00,0.00
545.877774,120.867565,-202.076688,161.473633,110.002952,-215.165923,115.903488,133.655977,-216.426781,113.497246,0.00,0.00,0.00,0.00,0.00,0.00,0.00,0.00,0.00,0.00,0.00,0.00
546.002847,113.887243,-209.608137,160.177582,103.619515,-222.037321,114.701614,127.150459,-225.943186,112.392357,0.00,0.00,0.00,0.00,0.00,0.00,0.00,0.00,0.00,0.00,0.00,0.00
546.127914,106.776549,-217.484058,159.359711,94.114251,-227.998099,112.829903,121.294947,-231.599305,112.827423,0.00,0.00,0.00,0.00,0.00,0.00,0.00,0.00,0.00,0.00,0.00,0.00546.252297,98.842322,-225.157125,160.458496,83.815161,-230.878698,113.621292,109.626501,-236.910284,115.937019,0.00,0.00,0.00,0.00,0.00,0.00,0.00,0.00,0.00,0.00,0.00,0.00
546.377343,89.597329,-230.817252,160.419678,74.059802,-230.833915,112.907829,94.898565,-237.918297,118.918869,0.00,0.00,0.00,0.00,0.00,0.00,0.00,0.00,0.00,0.00,0.00,0.00
546.502533,79.443442,-234.145509,159.634262,63.943487,-230.136139,110.314224,79.291058,-252.04174,119.30925,0.00,0.00,0.00,0.00,0.00,0.00,0.00,0.00,0.00,0.00,0.00,0.00
546.627224,68.677197,-235.382314,158.469635,52.834501,-230.098669,108.500923,59.917321,-254.926832,119.611618,0.00,0.00,0.00,0.00,0.00,0.00,0.00,0.00,0.00,0.00,0.00,0.00
546.75272,57.638061,-236.146901,159.094574,41.348623,-231.139631,110.644623,46.715606,-256.402952,120.4272,0.00,0.00,0.00,0.00,0.00,0.00,0.00,0.00,0.00,0.00,0.00,0.00
546.877122,47.408527,-237.62339,159.967926,31.103211,-232.964514,113.492882,35.656098,-258.278045,122.124817,0.00,0.00,0.00,0.00,0.00,0.00,0.00,0.00,0.00,0.00,0.00,0.00
547.002268,37.970779,-239.431635,159.995132,21.783528,-235.252021,115.071571,25.846446,-260.951745,122.996452,0.00,0.00,0.00,0.00,0.00,0.00,0.00,0.00,0.00,0.00,0.00,0.00
547.127019,28.629869,-241.552705,158.854202,11.859416,-237.788208,114.012062,16.0571,-264.368394,123.163048,0.00,0.00,0.00,0.00,0.00,0.00,0.00,0.00,0.00,0.00,0.00,0.00
547.251963,19.695584,-244.419,157.482788,1.848074,-240.315377,111.317291,7.217235,-267.882184,123.217834,0.00,0.00,0.00,0.00,0.00,0.00,0.00,0.00,0.00,0.00,0.00,0.00
547.377267,11.639424,-247.351524,157.332153,-6.528014,-241.523397,112.048958,0.411636,-271.554496,125.25499,0.00,0.00,0.00,0.00,0.00,0.00,0.00,0.00,0.00,0.00,0.00,0.00
547.502596,4.715011,-249.253786,157.87117,-13.862537,-242.607082,111.445328,-4.049696,-276.077087,127.195396,0.00,0.00,0.00,0.00,0.00,0.00,0.00,0.00,0.00,0.00,0.00,0.00
547.627098,-1.444142,-250.711591,158.157181,-19.883388,-244.990099,110.616348,-6.539438,-280.533037,126.716278,0.00,0.00,0.00,0.00,0.00,0.00,0.00,0.00,0.00,0.00,0.00,0.00
547.752407,-6.613202,-251.487548,158.022446,-25.101054,-248.322796,110.596504,-7.772801,-280.360581,126.248886,0.00,0.00,0.00,0.00,0.00,0.00,0.00,0.00,0.00,0.00,0.00,0.00
547.877628,-11.115011,-251.526423,158.550507,-29.689885,-251.526756,111.657646,-7.900187,-280.290107,126.97258,0.00,0.00,0.00,0.00,0.00,0.00,0.00,0.00,0.00,0.00,0.00,0.00
548.002488,-14.811525,-251.72735,158.895966,-32.760633,-254.373405,112.171173,-7.97798,-280.330297,126.685524,0.00,0.00,0.00,0.00,0.00,0.00,0.00,0.00,0.00,0.00,0.00,0.00
548.127391,-16.614711,-252.412472,158.839172,-32.777112,-256.738935,111.568192,-7.576621,-278.425071,127.087616,0.00,0.00,0.00,0.00,0.00,0.00,0.00,0.00,0.00,0.00,0.00,0.00
548.252113,-15.346362,-253.171321,158.309952,-29.312634,-259.22338,109.661079,-4.763541,-271.133332,126.94976,0.00,0.00,0.00,0.00,0.00,0.00,0.00,0.00,0.00,0.00,0.00,0.00
548.376992,-11.019858,-253.144187,158.183716,-21.388674,-261.465802,109.343513,1.78426,-262.6485,124.136185,0.00,0.00,0.00,0.00,0.00,0.00,0.00,0.00,0.00,0.00,0.00,0.00
548.501933,-3.811872,-252.582164,158.264069,-9.16059,-260.522707,109.975075,11.908503,-254.73394,120.058372,0.00,0.00,0.00,0.00,0.00,0.00,0.00,0.00,0.00,0.00,0.00,0.00
548.627074,5.370909,-250.697335,158.06958,5.741589,-258.780286,109.054268,24.221511,-245.80878,117.362976,0.00,0.00,0.00,0.00,0.00,0.00,0.00,0.00,0.00,0.00,0.00,0.00
548.752048,14.572726,-247.59727,158.752319,22.006219,-256.063277,109.760437,34.693452,-237.265689,116.336647,0.00,0.00,0.00,0.00,0.00,0.00,0.00,0.00,0.00,0.00,0.00,0.00
548.876871,23.199819,-245.18865,160.306549,35.163391,-252.35057,111.800262,42.147892,-231.926515,116.93293,0.00,0.00,0.00,0.00,0.00,0.00,0.00,0.00,0.00,0.00,0.00,0.00
549.001985,32.722966,-242.538268,161.01973,45.616818,-249.398913,113.016441,49.36674,-228.888,116.763756,0.00,0.00,0.00,0.00,0.00,0.00,0.00,0.00,0.00,0.00,0.00,0.00
549.12679,43.211887,-240.098926,160.572144,55.811113,-248.787991,117.007385,57.13142,-226.624221,116.16185,0.00,0.00,0.00,0.00,0.00,0.00,0.00,0.00,0.00,0.00,0.00,0.00
549.251511,54.431885,-238.441298,158.870789,67.526578,-249.923293,126.465019,66.264259,-223.666114,114.769424,0.00,0.00,0.00,0.00,0.00,0.00,0.00,0.00,0.00,0.00,0.00,0.00
549.376636,66.136261,-236.785066,158.591599,78.165093,-248.95374,136.162216,75.642505,-220.371247,114.588638,0.00,0.00,0.00,0.00,0.00,0.00,0.00,0.00,0.00,0.00,0.00,0.00
549.501395,76.709477,-233.124148,159.750656,87.809942,-243.949099,141.275665,81.721008,-217.02582,116.224838,0.00,0.00,0.00,0.00,0.00,0.00,0.00,0.00,0.00,0.00,0.00,0.00
549.626292,85.066637,-227.333755,159.644821,97.033672,-236.203853,140.269958,84.13301,-211.682019,115.600731,0.00,0.00,0.00,0.00,0.00,0.00,0.00,0.00,0.00,0.00,0.00,0.00
549.751307,91.78086,-219.859877,158.603607,103.603717,-226.057044,139.612274,86.210823,-204.298528,112.610115,0.00,0.00,0.00,0.00,0.00,0.00,0.00,0.00,0.00,0.00,0.00,0.00
549.875914,97.315479,-210.70294,157.634064,108.965354,-214.689768,138.30455,89.406422,-195.944608,110.282372,0.00,0.00,0.00,0.00,0.00,0.00,0.00,0.00,0.00,0.00,0.00,0.00
550.000929,102.385984,-200.53359,158.394531,114.395855,-203.801496,137.442139,94.605985,-186.321217,110.900185,0.00,0.00,0.00,0.00,0.00,0.00,0.00,0.00,0.00,0.00,0.00,0.00
550.126197,107.202156,-190.752098,158.974533,119.821849,-193.434271,136.46962,100.489433,-176.693437,112.449387,0.00,0.00,0.00,0.00,0.00,0.00,0.00,0.00,0.00,0.00,0.00,0.00
550.250981,112.072444,-180.442475,159.140442,125.977265,-182.288442,134.226761,106.452666,-167.016978,112.765945,0.00,0.00,0.00,0.00,0.00,0.00,0.00,0.00,0.00,0.00,0.00,0.00
550.375955,116.859389,-169.173301,158.220474,131.97648,-169.93237,131.308441,111.00529,-155.504972,112.023666,0.00,0.00,0.00,0.00,0.00,0.00,0.00,0.00,0.00,0.00,0.00,0.00
550.500867,121.935188,-157.280375,158.212692,137.193678,-156.88301,129.781693,114.259443,-141.978917,111.582016,0.00,0.00,0.00,0.00,0.00,0.00,0.00,0.00,0.00,0.00,0.00,0.00
550.625911,125.915315,-144.452779,159.154099,140.79298,-143.245281,130.686142,116.551715,-129.073194,113.908096,0.00,0.00,0.00,0.00,0.00,0.00,0.00,0.00,0.00,0.00,0.00,0.00
550.750852,127.828339,-130.761222,158.471634,142.116748,-129.879764,131.776672,116.214014,-117.367268,114.361023,0.00,0.00,0.00,0.00,0.00,0.00,0.00,0.00,0.00,0.00,0.00,0.00
550.875618,128.82847,-117.654027,157.034607,142.782819,-117.152867,130.551346,114.804129,-104.18459,112.514877,0.00,0.00,0.00,0.00,0.00,0.00,0.00,0.00,0.00,0.00,0.00,0.00
551.000505,129.246027,-105.05486,155.065994,143.868332,-105.333408,128.006165,116.121102,-88.51708,111.167297,0.00,0.00,0.00,0.00,0.00,0.00,0.00,0.00,0.00,0.00,0.00,0.00
551.125682,130.448109,-92.972226,156.068832,145.424909,-95.967249,127.395584,123.46536,-73.928931,114.030479,0.00,0.00,0.00,0.00,0.00,0.00,0.00,0.00,0.00,0.00,0.00,0.00
551.250585,133.09624,-82.697963,157.267624,148.296152,-89.83064,128.283875,133.386483,-61.706823,117.281792,0.00,0.00,0.00,0.00,0.00,0.00,0.00,0.00,0.00,0.00,0.00,0.00
551.375569,136.784765,-74.319647,157.505081,152.293047,-84.666627,127.497116,143.324656,-51.348146,119.139526,0.00,0.00,0.00,0.00,0.00,0.00,0.00,0.00,0.00,0.00,0.00,0.00
551.500646,141.155822,-67.282667,157.219116,156.730438,-78.205779,125.468185,153.067518,-41.904767,119.811165,0.00,0.00,0.00,0.00,0.00,0.00,0.00,0.00,0.00,0.00,0.00,0.00
551.625957,144.991988,-61.394761,157.581009,158.612771,-72.709451,126.454887,162.313641,-33.860876,121.502701,0.00,0.00,0.00,0.00,0.00,0.00,0.00,0.00,0.00,0.00,0.00,0.00
551.750606,148.704507,-56.094233,158.27565,159.778703,-69.793805,126.619659,172.229547,-26.342304,123.2034,0.00,0.00,0.00,0.00,0.00,0.00,0.00,0.00,0.00,0.00,0.00,0.00
551.875281,152.850674,-50.894511,158.118988,161.23388,-68.001122,125.479149,182.727768,-19.747983,123.791122,0.00,0.00,0.00,0.00,0.00,0.00,0.00,0.00,0.00,0.00,0.00,0.00
552.000657,157.692362,-45.095508,158.42038,162.09042,-65.124276,125.353912,191.790558,-14.54166,123.574379,0.00,0.00,0.00,0.00,0.00,0.00,0.00,0.00,0.00,0.00,0.00,0.00
552.125307,162.611669,-39.562747,158.679489,163.684009,-60.851751,126.13002,199.233397,-10.445437,122.6287,0.00,0.00,0.00,0.00,0.00,0.00,0.00,0.00,0.00,0.00,0.00,0.00
552.250578,166.686283,-34.866319,158.410614,164.954277,-56.478595,126.727867,203.748503,-7.99023,121.707466,0.00,0.00,0.00,0.00,0.00,0.00,0.00,0.00,0.00,0.00,0.00,0.00
552.375557,169.52726,-31.287824,157.860611,165.356084,-53.671594,126.77903,204.652235,-7.225767,121.1959,0.00,0.00,0.00,0.00,0.00,0.00,0.00,0.00,0.00,0.00,0.00,0.00
552.5004,171.162018,-29.110928,157.258255,165.955723,-52.037711,126.745842,204.965345,-6.948428,121.043732,0.00,0.00,0.00,0.00,0.00,0.00,0.00,0.00,0.00,0.00,0.00,0.00
552.625543,171.913007,-29.207973,156.709473,165.821545,-50.70658,126.750351,204.940648,-7.223869,120.771957,0.00,0.00,0.00,0.00,0.00,0.00,0.00,0.00,0.00,0.00,0.00,0.00
552.750521,171.82026,-32.665715,156.49472,164.015886,-50.815992,126.701523,204.458865,-7.465155,121.171227,0.00,0.00,0.00,0.00,0.00,0.00,0.00,0.00,0.00,0.00,0.00,0.00
552.875314,168.034472,-38.468165,158.565308,158.943324,-53.742156,126.812897,197.799309,-11.453694,120.062553,0.00,0.00,0.00,0.00,0.00,0.00,0.00,0.00,0.00,0.00,0.00,0.00
553.000502,160.934092,-42.455077,160.747482,151.771959,-56.521757,126.912308,189.750458,-20.010126,111.401787,0.00,0.00,0.00,0.00,0.00,0.00,0.00,0.00,0.00,0.00,0.00,0.00
553.125377,153.061053,-44.329539,162.154251,143.335017,-57.743419,127.311493,177.763266,-37.814488,105.442253,0.00,0.00,0.00,0.00,0.00,0.00,0.00,0.00,0.00,0.00,0.00,0.00
553.250155,145.44715,-45.515908,162.341629,133.462911,-56.952954,127.538368,163.440478,-53.607765,106.439247,0.00,0.00,0.00,0.00,0.00,0.00,0.00,0.00,0.00,0.00,0.00,0.00
553.375257,136.798142,-46.816213,162.149185,121.620217,-55.283036,127.041229,150.315325,-61.056988,109.394501,0.00,0.00,0.00,0.00,0.00,0.00,0.00,0.00,0.00,0.00,0.00,0.00
553.500061,128.5066,-48.359596,161.731171,112.134221,-53.824441,125.130699,138.316435,-63.8719,110.30954,0.00,0.00,0.00,0.00,0.00,0.00,0.00,0.00,0.00,0.00,0.00,0.00
553.62497,120.273229,-50.837914,162.301514,105.367724,-54.350464,125.134949,127.853519,-64.680247,110.860336,0.00,0.00,0.00,0.00,0.00,0.00,0.00,0.00,0.00,0.00,0.00,0.00
553.750236,112.122991,-54.010393,161.849396,98.944492,-56.362024,124.509857,119.100649,-66.60584,111.05455,0.00,0.00,0.00,0.00,0.00,0.00,0.00,0.00,0.00,0.00,0.00,0.00
553.875135,103.801994,-58.07875,159.886581,91.908775,-57.220243,122.750816,110.199831,-68.952694,111.201622,0.00,0.00,0.00,0.00,0.00,0.00,0.00,0.00,0.00,0.00,0.00,0.00
553.999931,94.845981,-61.459219,157.800079,84.60679,-55.648495,120.199844,98.643798,-69.241294,109.828781,0.00,0.00,0.00,0.00,0.00,0.00,0.00,0.00,0.00,0.00,0.00,0.00
554.124698,84.454912,-62.953258,157.057693,77.004666,-51.945784,119.766663,85.324799,-72.225962,113.334206,0.00,0.00,0.00,0.00,0.00,0.00,0.00,0.00,0.00,0.00,0.00,0.00
554.249753,73.32334,-62.834583,155.306183,67.052001,-47.390167,118.010422,70.936015,-75.307297,114.51899,0.00,0.00,0.00,0.00,0.00,0.00,0.00,0.00,0.00,0.00,0.00,0.00
554.374603,61.302836,-61.095699,154.140488,54.545355,-44.530077,116.55439,57.032387,-73.355252,114.89222,0.00,0.00,0.00,0.00,0.00,0.00,0.00,0.00,0.00,0.00,0.00,0.00
554.499359,49.29421,-59.495695,155.498856,42.294094,-43.829223,119.710098,44.750044,-71.552407,116.194321,0.00,0.00,0.00,0.00,0.00,0.00,0.00,0.00,0.00,0.00,0.00,0.00
554.624333,38.387581,-59.374497,157.038071,29.820681,-45.510407,121.221718,36.124194,-72.748999,116.471466,0.00,0.00,0.00,0.00,0.00,0.00,0.00,0.00,0.00,0.00,0.00,0.00
554.74977,28.108457,-60.634406,157.758575,18.408409,-49.942186,121.605392,29.45785,-78.708913,115.019676,0.00,0.00,0.00,0.00,0.00,0.00,0.00,0.00,0.00,0.00,0.00,0.00
554.874582,17.755324,-63.890448,157.215775,6.728068,-55.951161,120.603691,22.744998,-86.959142,112.559212,0.00,0.00,0.00,0.00,0.00,0.00,0.00,0.00,0.00,0.00,0.00,0.00
554.998205,7.030425,-68.722011,157.399826,-6.05416,-62.269345,118.814896,14.706333,-94.998408,110.896751,0.00,0.00,0.00,0.00,0.00,0.00,0.00,0.00,0.00,0.00,0.00,0.00
555.124214,-3.753415,-73.4776,159.125702,-17.844621,-66.526078,121.010902,2.841028,-98.512043,112.768318,0.00,0.00,0.00,0.00,0.00,0.00,0.00,0.00,0.00,0.00,0.00,0.00
555.249411,-14.070345,-76.821272,160.332458,-28.579884,-68.685591,121.734383,-11.757421,-98.333277,114.824127,0.00,0.00,0.00,0.00,0.00,0.00,0.00,0.00,0.00,0.00,0.00,0.00
555.374494,-24.45051,-80.233093,160.333435,-39.021576,-70.527265,120.427719,-26.409752,-99.24586,115.514442,0.00,0.00,0.00,0.00,0.00,0.00,0.00,0.00,0.00,0.00,0.00,0.00
555.499421,-35.194958,-84.090579,159.112717,-49.845112,-73.100271,118.154678,-38.766721,-106.983239,103.45919,0.00,0.00,0.00,0.00,0.00,0.00,0.00,0.00,0.00,0.00,0.00,0.00
555.624359,-46.49411,-87.810384,158.515518,-61.342091,-77.82564,116.276718,-51.958197,-111.017136,102.629234,0.00,0.00,0.00,0.00,0.00,0.00,0.00,0.00,0.00,0.00,0.00,0.00
555.749432,-56.522839,-91.941872,159.428513,-69.249974,-83.768061,119.212509,-64.578435,-109.382813,114.172485,0.00,0.00,0.00,0.00,0.00,0.00,0.00,0.00,0.00,0.00,0.00,0.00
555.874252,-65.273501,-95.874283,160.490768,-75.126668,-87.268401,120.053055,-75.352383,-113.067826,118.02597,0.00,0.00,0.00,0.00,0.00,0.00,0.00,0.00,0.00,0.00,0.00,0.00
555.999525,-73.926254,-98.960084,159.806549,-80.910493,-89.35048,116.771317,-89.713525,-114.631519,121.702873,0.00,0.00,0.00,0.00,0.00,0.00,0.00,0.00,0.00,0.00,0.00,0.00
556.124525,-82.668489,-102.10797,158.789642,-85.791902,-91.930301,113.704811,-106.353762,-113.57649,120.333351,0.00,0.00,0.00,0.00,0.00,0.00,0.00,0.00,0.00,0.00,0.00,0.00
556.249183,-91.004429,-104.273343,159.378754,-89.724063,-95.140795,113.24984,-120.181849,-104.282557,124.356865,0.00,0.00,0.00,0.00,0.00,0.00,0.00,0.00,0.00,0.00,0.00,0.00
556.373869,-96.933254,-105.197213,159.210922,-90.930515,-96.97589,112.100327,-132.488416,-95.344801,124.018623,0.00,0.00,0.00,0.00,0.00,0.00,0.00,0.00,0.00,0.00,0.00,0.00
556.498219,-100.751044,-105.060264,158.988602,-90.334518,-96.361873,111.835266,-140.653932,-87.227879,124.854469,0.00,0.00,0.00,0.00,0.00,0.00,0.00,0.00,0.00,0.00,0.00,0.00
556.62343,-103.211376,-104.279401,158.682709,-89.386915,-95.139387,112.196609,-145.869759,-83.150626,125.181213,0.00,0.00,0.00,0.00,0.00,0.00,0.00,0.00,0.00,0.00,0.00,0.00
556.748049,-104.603675,-103.646766,158.417862,-88.024508,-94.897909,112.116096,-148.22539,-82.341083,125.701645,0.00,0.00,0.00,0.00,0.00,0.00,0.00,0.00,0.00,0.00,0.00,0.00
556.873508,-105.043861,-103.215358,158.435211,-87.886618,-94.414974,112.309471,-149.070306,-81.89953,125.641273,0.00,0.00,0.00,0.00,0.00,0.00,0.00,0.00,0.00,0.00,0.00,0.00
556.999088,-104.678012,-103.136427,158.799713,-88.288904,-93.616589,112.521935,-149.203587,-81.386879,125.077835,0.00,0.00,0.00,0.00,0.00,0.00,0.00,0.00,0.00,0.00,0.00,0.00
557.123775,-103.140548,-103.612081,159.12767,-87.442219,-93.454396,112.53141,-145.97448,-82.842875,123.486092,0.00,0.00,0.00,0.00,0.00,0.00,0.00,0.00,0.00,0.00,0.00,0.00
557.2488,-99.171687,-104.287214,159.711838,-86.050881,-91.315344,112.656937,-134.215168,-89.611251,117.762016,0.00,0.00,0.00,0.00,0.00,0.00,0.00,0.00,0.00,0.00,0.00,0.00
557.373975,-93.080671,-104.844821,159.958344,-87.275544,-87.021292,112.198128,-118.119637,-101.438274,110.316971,0.00,0.00,0.00,0.00,0.00,0.00,0.00,0.00,0.00,0.00,0.00,0.00
557.498868,-86.773831,-104.770845,161.105011,-92.023989,-88.059213,112.453522,-102.382355,-114.062391,104.503891,0.00,0.00,0.00,0.00,0.00,0.00,0.00,0.00,0.00,0.00,0.00,0.00
557.623788,-81.146039,-105.127549,162.074203,-92.758283,-94.246614,112.904022,-85.366598,-124.245189,102.733673,0.00,0.00,0.00,0.00,0.00,0.00,0.00,0.00,0.00,0.00,0.00,0.00
557.748487,-76.521322,-106.444373,162.302628,-91.782257,-99.106825,113.351097,-69.988707,-130.795689,105.162216,0.00,0.00,0.00,0.00,0.00,0.00,0.00,0.00,0.00,0.00,0.00,0.00
557.873868,-73.105583,-109.435667,162.419678,-90.11699,-103.230737,113.331482,-58.234131,-133.216194,107.274887,0.00,0.00,0.00,0.00,0.00,0.00,0.00,0.00,0.00,0.00,0.00,0.00
557.998473,-69.452449,-114.323207,161.992905,-81.411199,-125.588958,117.882751,-50.852715,-134.159149,107.218697,0.00,0.00,0.00,0.00,0.00,0.00,0.00,0.00,0.00,0.00,0.00,0.00
558.12344,-64.27427,-120.782641,161.189087,-71.58346,-135.463665,118.609894,-45.565011,-136.953479,107.425713,0.00,0.00,0.00,0.00,0.00,0.00,0.00,0.00,0.00,0.00,0.00,0.00
558.248833,-58.189381,-128.472589,160.212753,-64.368122,-144.035636,117.995003,-39.84896,-142.363743,108.52935,0.00,0.00,0.00,0.00,0.00,0.00,0.00,0.00,0.00,0.00,0.00,0.00
558.37358,-53.214794,-136.847612,160.667603,-60.923029,-152.290206,117.727554,-36.737306,-149.863144,110.237907,0.00,0.00,0.00,0.00,0.00,0.00,0.00,0.00,0.00,0.00,0.00,0.00
558.498205,-49.9242,-145.500371,161.253189,-60.099464,-159.812781,117.783913,-36.196937,-157.793067,111.202118,0.00,0.00,0.00,0.00,0.00,0.00,0.00,0.00,0.00,0.00,0.00,0.00
558.623739,-48.709904,-154.310675,160.802673,-61.356095,-167.620001,117.146049,-37.824125,-166.670409,110.086021,0.00,0.00,0.00,0.00,0.00,0.00,0.00,0.00,0.00,0.00,0.00,0.00
558.748515,-49.652576,-163.321636,159.569855,-64.145196,-176.38623,115.981438,-41.165091,-176.532841,109.395813,0.00,0.00,0.00,0.00,0.00,0.00,0.00,0.00,0.00,0.00,0.00,0.00
558.873673,-52.391264,-172.348049,159.173401,-66.569094,-185.734891,115.002274,-44.441697,-187.498724,110.041641,0.00,0.00,0.00,0.00,0.00,0.00,0.00,0.00,0.00,0.00,0.00,0.00
558.99882,-55.257125,-181.297908,159.598572,-68.482003,-194.493993,116.165878,-47.020814,-198.014941,112.351181,0.00,0.00,0.00,0.00,0.00,0.00,0.00,0.00,0.00,0.00,0.00,0.00
559.123441,-57.192149,-189.988651,160.308243,-69.381801,-202.695761,117.553619,-48.994203,-207.464274,114.188477,0.00,0.00,0.00,0.00,0.00,0.00,0.00,0.00,0.00,0.00,0.00,0.00
559.248369,-58.66741,-198.54097,160.293915,-70.565948,-210.489884,117.462051,-51.012042,-217.866367,114.840828,0.00,0.00,0.00,0.00,0.00,0.00,0.00,0.00,0.00,0.00,0.00,0.00
559.373691,-59.627008,-207.067955,159.167023,-72.365607,-218.240024,116.437912,-54.317724,-229.967385,116.31768,0.00,0.00,0.00,0.00,0.00,0.00,0.00,0.00,0.00,0.00,0.00,0.00
559.498268,-60.050203,-215.23864,159.223099,-74.227823,-225.368901,115.733406,-59.740997,-242.620418,119.689583,0.00,0.00,0.00,0.00,0.00,0.00,0.00,0.00,0.00,0.00,0.00,0.00
559.622976,-61.131042,-222.728746,159.121078,-75.822953,-230.749001,115.418411,-66.636936,-255.280033,122.978531,0.00,0.00,0.00,0.00,0.00,0.00,0.00,0.00,0.00,0.00,0.00,0.00
559.761477,-63.439826,-229.439084,159.825592,-77.691527,-235.142288,115.938095,-73.377707,-268.156842,125.465965,0.00,0.00,0.00,0.00,0.00,0.00,0.00,0.00,0.00,0.00,0.00,0.00
559.872923,-65.679056,-233.697801,159.871857,-79.801785,-238.954033,115.573822,-76.757297,-276.204124,126.182709,0.00,0.00,0.00,0.00,0.00,0.00,0.00,0.00,0.00,0.00,0.00,0.00
559.997996,-68.574799,-237.756991,160.16893,-82.239988,-243.135452,115.997528,-78.214888,-280.968993,127.043068,0.00,0.00,0.00,0.00,0.00,0.00,0.00,0.00,0.00,0.00,0.00,0.00
560.136843,-71.373531,-241.450697,160.42662,-83.903355,-246.817685,116.282677,-78.619024,-281.382548,126.914093,0.00,0.00,0.00,0.00,0.00,0.00,0.00,0.00,0.00,0.00,0.00,0.00
560.26145,-72.515818,-244.322618,160.481842,-84.194798,-250.447968,115.334824,-78.641304,-281.473879,126.550819,0.00,0.00,0.00,0.00,0.00,0.00,0.00,0.00,0.00,0.00,0.00,0.00
560.372917,-71.383506,-246.512041,160.552902,-82.669551,-254.003423,114.396225,-77.537892,-280.388023,126.277946,0.00,0.00,0.00,0.00,0.00,0.00,0.00,0.00,0.00,0.00,0.00,0.00
560.511824,-67.326747,-248.021873,160.367126,-78.160935,-257.880175,112.910606,-70.574835,-272.440811,123.184731,0.00,0.00,0.00,0.00,0.00,0.00,0.00,0.00,0.00,0.00,0.00,0.00
560.62334,-63.105105,-248.11166,160.121124,-72.672277,-260.664112,111.837753,-60.31148,-263.986199,116.832779,0.00,0.00,0.00,0.00,0.00,0.00,0.00,0.00,0.00,0.00,0.00,0.00
560.747958,-57.348268,-247.516993,159.966599,-63.684888,-262.745682,111.461304,-47.320396,-253.132043,110.939537,0.00,0.00,0.00,0.00,0.00,0.00,0.00,0.00,0.00,0.00,0.00,0.00
560.872946,-49.315299,-246.010011,159.466629,-57.003298,-263.716739,113.073822,-34.814884,-242.120462,109.386887,0.00,0.00,0.00,0.00,0.00,0.00,0.00,0.00,0.00,0.00,0.00,0.00
560.998068,-39.356708,-242.8807,158.610672,-41.744527,-261.235748,113.429329,-23.671381,-233.356301,110.19812,0.00,0.00,0.00,0.00,0.00,0.00,0.00,0.00,0.00,0.00,0.00,0.00
561.123115,-28.525747,-239.560021,158.985977,-19.551439,-253.002729,112.246956,-14.796214,-228.847322,112.136223,0.00,0.00,0.00,0.00,0.00,0.00,0.00,0.00,0.00,0.00,0.00,0.00
561.247931,-18.078493,-237.053655,160.072632,-7.693411,-250.936406,114.689491,-5.789979,-227.312161,114.149643,0.00,0.00,0.00,0.00,0.00,0.00,0.00,0.00,0.00,0.00,0.00,0.00
561.373158,-7.581584,-235.786517,160.269379,2.841441,-251.764131,115.578796,3.907885,-227.657497,114.878616,0.00,0.00,0.00,0.00,0.00,0.00,0.00,0.00,0.00,0.00,0.00,0.00
561.511678,5.04639,-236.276111,159.133789,15.52416,-255.241055,114.585617,16.085124,-229.902594,113.870094,0.00,0.00,0.00,0.00,0.00,0.00,0.00,0.00,0.00,0.00,0.00,0.00
561.62294,15.744275,-237.886342,157.625671,26.849184,-258.099205,113.147339,27.057529,-231.448852,113.436638,0.00,0.00,0.00,0.00,0.00,0.00,0.00,0.00,0.00,0.00,0.00,0.00
561.761848,30.24059,-239.549499,158.498001,41.999109,-258.424543,114.423096,41.896943,-232.361859,115.387253,0.00,0.00,0.00,0.00,0.00,0.00,0.00,0.00,0.00,0.00,0.00,0.00
561.886573,43.116876,-239.285361,159.05809,55.442316,-254.175327,116.747322,51.601241,-230.548627,117.559174,0.00,0.00,0.00,0.00,0.00,0.00,0.00,0.00,0.00,0.00,0.00,0.00
562.011369,55.182422,-236.864716,158.048355,67.606241,-247.858356,117.538162,60.31358,-225.447639,115.472481,0.00,0.00,0.00,0.00,0.00,0.00,0.00,0.00,0.00,0.00,0.00,0.00
562.136277,66.695382,-232.218452,156.097992,79.700937,-241.4883,116.79081,69.764309,-218.484569,111.76474,0.00,0.00,0.00,0.00,0.00,0.00,0.00,0.00,0.00,0.00,0.00,0.00
562.261647,77.947493,-225.967674,156.640167,92.43598,-235.540731,115.380646,80.553189,-211.048038,110.134735,0.00,0.00,0.00,0.00,0.00,0.00,0.00,0.00,0.00,0.00,0.00,0.00
562.386309,88.519844,-220.096221,157.4935,103.868404,-231.424533,117.675446,91.729421,-205.620979,112.380508,0.00,0.00,0.00,0.00,0.00,0.00,0.00,0.00,0.00,0.00,0.00,0.00
562.511214,98.368541,-215.276298,158.530838,114.56986,-228.283936,118.474663,103.967725,-201.029837,113.975204,0.00,0.00,0.00,0.00,0.00,0.00,0.00,0.00,0.00,0.00,0.00,0.00
562.636207,108.548799,-210.4902,158.423752,125.867888,-224.692964,116.207901,116.452219,-196.032371,114.53701,0.00,0.00,0.00,0.00,0.00,0.00,0.00,0.00,0.00,0.00,0.00,0.00
562.761174,119.134667,-205.845871,157.03891,137.538417,-219.317674,113.928589,128.560872,-189.825795,114.605209,0.00,0.00,0.00,0.00,0.00,0.00,0.00,0.00,0.00,0.00,0.00,0.00
562.886336,129.057578,-200.942382,158.13269,147.917968,-212.029978,115.946114,139.901938,-182.916622,116.815758,0.00,0.00,0.00,0.00,0.00,0.00,0.00,0.00,0.00,0.00,0.00,0.00
563.011215,137.308738,-194.930627,158.736679,155.826528,-203.675518,118.82753,149.659879,-175.339907,119.516846,0.00,0.00,0.00,0.00,0.00,0.00,0.00,0.00,0.00,0.00,0.00,0.00
563.136083,144.393036,-188.536433,158.646439,161.883071,-196.522435,120.381592,159.381889,-167.234729,121.556343,0.00,0.00,0.00,0.00,0.00,0.00,0.00,0.00,0.00,0.00,0.00,0.00
563.26056,151.22307,-181.121219,157.518585,167.435699,-190.470219,119.09021,171.08694,-159.137946,123.439262,0.00,0.00,0.00,0.00,0.00,0.00,0.00,0.00,0.00,0.00,0.00,0.00
563.385357,157.63481,-172.910327,157.771637,171.657532,-184.76019,115.948868,183.360505,-153.264827,125.290512,0.00,0.00,0.00,0.00,0.00,0.00,0.00,0.00,0.00,0.00,0.00,0.00
563.510096,163.341171,-165.746873,158.751755,172.534718,-180.262179,116.026779,194.164167,-150.539826,126.962914,0.00,0.00,0.00,0.00,0.00,0.00,0.00,0.00,0.00,0.00,0.00,0.00
563.634927,167.831544,-161.07026,159.380814,173.953886,-178.157805,116.931107,202.321159,-150.303129,127.302483,0.00,0.00,0.00,0.00,0.00,0.00,0.00,0.00,0.00,0.00,0.00,0.00
563.760237,170.544229,-158.220698,159.647049,175.412374,-177.214381,116.984749,206.049756,-150.778349,127.057076,0.00,0.00,0.00,0.00,0.00,0.00,0.00,0.00,0.00,0.00,0.00,0.00
563.885121,171.869306,-157.048673,159.875626,176.675188,-176.839893,117.457535,207.468011,-150.397071,126.040863,0.00,0.00,0.00,0.00,0.00,0.00,0.00,0.00,0.00,0.00,0.00,0.00
564.010322,172.598894,-157.161803,160.017975,177.418336,-176.643015,117.645905,207.35843,-150.241182,126.227173,0.00,0.00,0.00,0.00,0.00,0.00,0.00,0.00,0.00,0.00,0.00,0.00
564.135706,172.550182,-158.140198,159.800781,177.346814,-176.152246,117.249367,207.385267,-149.964431,126.072433,0.00,0.00,0.00,0.00,0.00,0.00,0.00,0.00,0.00,0.00,0.00,0.00
564.260353,171.198388,-161.353219,160.673859,175.818605,-176.411318,117.997726,205.544611,-150.539631,126.514412,0.00,0.00,0.00,0.00,0.00,0.00,0.00,0.00,0.00,0.00,0.00,0.00
564.385591,168.142191,-164.179826,161.051682,172.160364,-178.202004,118.727325,197.566956,-152.024592,123.586296,0.00,0.00,0.00,0.00,0.00,0.00,0.00,0.00,0.00,0.00,0.00,0.00
564.511152,165.154899,-164.057245,160.942383,165.037704,-178.878348,118.808411,188.935987,-155.489326,116.844154,0.00,0.00,0.00,0.00,0.00,0.00,0.00,0.00,0.00,0.00,0.00,0.00
564.635932,163.504341,-163.697481,161.1548,156.069734,-177.55065,117.41449,180.060151,-162.316341,116.012047,0.00,0.00,0.00,0.00,0.00,0.00,0.00,0.00,0.00,0.00,0.00,0.00
564.76091,160.796808,-164.197299,161.370926,148.616325,-176.330847,117.492172,173.037997,-169.008906,116.614197,0.00,0.00,0.00,0.00,0.00,0.00,0.00,0.00,0.00,0.00,0.00,0.00
564.885715,156.037809,-165.157965,161.701721,142.508186,-175.643648,117.322884,166.921398,-173.680583,117.334068,0.00,0.00,0.00,0.00,0.00,0.00,0.00,0.00,0.00,0.00,0.00,0.00
565.010932,149.934038,-166.905734,161.671326,136.303242,-176.084405,116.832947,158.353645,-178.85536,118.438255,0.00,0.00,0.00,0.00,0.00,0.00,0.00,0.00,0.00,0.00,0.00,0.00
565.135386,142.455276,-169.241458,161.166977,127.996735,-176.745194,116.355255,146.945722,-184.187055,119.370209,0.00,0.00,0.00,0.00,0.00,0.00,0.00,0.00,0.00,0.00,0.00,0.00
565.26035,133.778533,-172.273452,160.720367,117.643636,-178.810626,116.247368,136.554028,-189.533724,120.507034,0.00,0.00,0.00,0.00,0.00,0.00,0.00,0.00,0.00,0.00,0.00,0.00
565.385218,125.009986,-176.824725,161.046616,109.183672,-182.915604,116.942886,129.542244,-195.447519,121.523453,0.00,0.00,0.00,0.00,0.00,0.00,0.00,0.00,0.00,0.00,0.00,0.00
565.510523,116.37564,-183.344708,160.549545,104.058177,-188.73034,116.934464,126.162385,-201.475547,120.876945,0.00,0.00,0.00,0.00,0.00,0.00,0.00,0.00,0.00,0.00,0.00,0.00
565.635092,108.46583,-191.149898,158.462662,99.412218,-196.889921,115.984688,123.121925,-209.129794,119.334198,0.00,0.00,0.00,0.00,0.00,0.00,0.00,0.00,0.00,0.00,0.00,0.00
565.760304,101.781877,-200.006029,156.23114,93.861168,-205.760897,114.897301,119.461625,-218.945733,118.300125,0.00,0.00,0.00,0.00,0.00,0.00,0.00,0.00,0.00,0.00,0.00,0.00
565.885182,95.97477,-209.463168,154.991226,86.203879,-214.97963,112.571648,111.995632,-229.917786,116.928391,0.00,0.00,0.00,0.00,0.00,0.00,0.00,0.00,0.00,0.00,0.00,0.00
566.01022,89.507498,-218.225204,156.341675,77.850764,-221.405848,113.832832,99.690178,-238.83496,117.765343,0.00,0.00,0.00,0.00,0.00,0.00,0.00,0.00,0.00,0.00,0.00,0.00
566.134735,82.344124,-224.479613,157.555542,70.516053,-223.290794,114.184258,86.798957,-244.531825,119.085373,0.00,0.00,0.00,0.00,0.00,0.00,0.00,0.00,0.00,0.00,0.00,0.00
566.259827,74.762843,-229.011893,158.301361,62.325254,-223.986287,111.807358,74.050508,-248.819724,120.358513,0.00,0.00,0.00,0.00,0.00,0.00,0.00,0.00,0.00,0.00,0.00,0.00
566.384553,65.883772,-232.840647,158.296371,52.802689,-225.992554,109.909096,61.109676,-252.638276,120.718872,0.00,0.00,0.00,0.00,0.00,0.00,0.00,0.00,0.00,0.00,0.00,0.00
566.509996,56.00575,-236.06005,159.229324,42.171283,-229.992239,111.78833,49.028462,-255.784909,122.076294,0.00,0.00,0.00,0.00,0.00,0.00,0.00,0.00,0.00,0.00,0.00,0.00
566.635108,46.834905,-239.143603,159.843781,32.694688,-234.046806,115.100693,39.041545,-258.467384,123.221146,0.00,0.00,0.00,0.00,0.00,0.00,0.00,0.00,0.00,0.00,0.00,0.00
566.759919,38.200872,-242.316704,160.003494,24.010457,-238.351969,117.613815,30.903687,-260.899504,124.134102,0.00,0.00,0.00,0.00,0.00,0.00,0.00,0.00,0.00,0.00,0.00,0.00
566.884945,29.849958,-245.539038,159.232925,15.414274,-242.375896,117.586937,23.470541,-263.669637,124.494293,0.00,0.00,0.00,0.00,0.00,0.00,0.00,0.00,0.00,0.00,0.00,0.00
567.009996,21.98046,-249.101127,158.661606,6.309976,-245.619195,115.859604,15.446743,-266.022954,124.835655,0.00,0.00,0.00,0.00,0.00,0.00,0.00,0.00,0.00,0.00,0.00,0.00
567.135195,14.779232,-251.852733,158.308746,-1.94111,-246.95346,115.834641,7.697672,-267.483932,125.637985,0.00,0.00,0.00,0.00,0.00,0.00,0.00,0.00,0.00,0.00,0.00,0.00
567.260132,7.992043,-253.40382,159.024353,-9.193518,-247.969394,115.959122,0.471351,-270.065121,127.063118,0.00,0.00,0.00,0.00,0.00,0.00,0.00,0.00,0.00,0.00,0.00,0.00
567.384913,1.435695,-253.963386,158.896606,-16.33176,-249.429857,115.344704,-4.706739,-274.683057,127.84433,0.00,0.00,0.00,0.00,0.00,0.00,0.00,0.00,0.00,0.00,0.00,0.00
567.510017,-4.337574,-253.695752,158.623291,-23.308372,-251.255713,114.838516,-6.872703,-278.365507,128.277771,0.00,0.00,0.00,0.00,0.00,0.00,0.00,0.00,0.00,0.00,0.00,0.00
567.63525,-9.672658,-253.015095,159.668762,-28.804697,-252.629697,116.246323,-7.349648,-280.13399,128.150162,0.00,0.00,0.00,0.00,0.00,0.00,0.00,0.00,0.00,0.00,0.00,0.00
567.760514,-13.476726,-252.544104,159.972351,-32.458424,-254.553176,116.181824,-7.352538,-280.360202,128.570038,0.00,0.00,0.00,0.00,0.00,0.00,0.00,0.00,0.00,0.00,0.00,0.00
567.88509,-15.773634,-252.092437,160.173828,-33.022136,-256.506626,115.915237,-7.811918,-280.551508,128.289154,0.00,0.00,0.00,0.00,0.00,0.00,0.00,0.00,0.00,0.00,0.00,0.00
568.010012,-16.076401,-251.618928,160.223663,-30.619313,-258.507965,115.254021,-7.604823,-280.197821,128.020325,0.00,0.00,0.00,0.00,0.00,0.00,0.00,0.00,0.00,0.00,0.00,0.00
568.13475,-13.986201,-251.51948,159.901749,-25.259577,-260.415807,114.390579,-5.668452,-274.91827,127.639961,0.00,0.00,0.00,0.00,0.00,0.00,0.00,0.00,0.00,0.00,0.00,0.00
568.260354,-9.513277,-251.443917,159.401016,-17.73385,-261.364939,114.813354,1.560168,-266.630464,124.550117,0.00,0.00,0.00,0.00,0.00,0.00,0.00,0.00,0.00,0.00,0.00,0.00
568.384829,-1.848996,-250.996136,158.842712,-7.130325,-262.167788,114.626526,13.95271,-258.239939,120.912506,0.00,0.00,0.00,0.00,0.00,0.00,0.00,0.00,0.00,0.00,0.00,0.00
568.509901,8.626205,-249.623086,158.31041,6.76676,-262.032482,114.192245,28.654126,-248.261643,117.321205,0.00,0.00,0.00,0.00,0.00,0.00,0.00,0.00,0.00,0.00,0.00,0.00
568.634549,19.511777,-246.694216,157.363388,21.744015,-260.944016,114.119896,40.31534,-237.469252,115.461281,0.00,0.00,0.00,0.00,0.00,0.00,0.00,0.00,0.00,0.00,0.00,0.00
568.759592,29.048215,-243.4647,158.084595,35.442101,-259.583311,115.007034,48.818828,-231.929552,117.350601,0.00,0.00,0.00,0.00,0.00,0.00,0.00,0.00,0.00,0.00,0.00,0.00
568.884908,38.019343,-240.722854,159.586334,46.577073,-258.615529,116.41021,56.102702,-230.079233,119.17112,0.00,0.00,0.00,0.00,0.00,0.00,0.00,0.00,0.00,0.00,0.00,0.00
569.009506,47.456149,-238.29064,159.902328,57.619959,-258.336472,115.394279,63.500307,-228.324669,118.706856,0.00,0.00,0.00,0.00,0.00,0.00,0.00,0.00,0.00,0.00,0.00,0.00
569.134217,56.955607,-236.696605,158.773972,70.193273,-257.664197,113.408569,70.709339,-224.039265,117.394379,0.00,0.00,0.00,0.00,0.00,0.00,0.00,0.00,0.00,0.00,0.00,0.00
569.259302,66.424545,-235.214079,159.308289,84.124783,-253.368265,114.061043,77.251935,-218.073343,116.711998,0.00,0.00,0.00,0.00,0.00,0.00,0.00,0.00,0.00,0.00,0.00,0.00
569.383772,75.858697,-232.229724,160.344879,96.453857,-244.760713,115.859459,81.805964,-212.678717,117.009483,0.00,0.00,0.00,0.00,0.00,0.00,0.00,0.00,0.00,0.00,0.00,0.00
569.508996,84.102623,-226.962578,160.164719,105.071952,-232.603419,117.430542,83.661425,-207.082478,115.974747,0.00,0.00,0.00,0.00,0.00,0.00,0.00,0.00,0.00,0.00,0.00,0.00
569.633793,90.974314,-219.1504,158.998444,110.59606,-218.742739,117.201492,84.315918,-198.819679,113.582245,0.00,0.00,0.00,0.00,0.00,0.00,0.00,0.00,0.00,0.00,0.00,0.00
569.758966,96.802556,-209.015053,158.680176,115.028885,-205.730133,117.05954,86.056178,-189.673961,112.670731,0.00,0.00,0.00,0.00,0.00,0.00,0.00,0.00,0.00,0.00,0.00,0.00
569.883874,102.353896,-198.109686,158.811905,120.653429,-195.565653,117.562485,91.056659,-180.434761,114.160248,0.00,0.00,0.00,0.00,0.00,0.00,0.00,0.00,0.00,0.00,0.00,0.00
570.008588,107.863314,-187.709879,158.910889,128.516649,-188.34362,116.331711,97.901173,-171.331502,115.109207,0.00,0.00,0.00,0.00,0.00,0.00,0.00,0.00,0.00,0.00,0.00,0.00
570.133484,113.206708,-177.176333,158.585876,136.169667,-180.726398,114.551521,104.937754,-161.107375,114.296974,0.00,0.00,0.00,0.00,0.00,0.00,0.00,0.00,0.00,0.00,0.00,0.00
570.258486,118.766178,-166.56164,157.222931,142.696612,-170.036723,112.213669,110.71764,-150.038418,112.700638,0.00,0.00,0.00,0.00,0.00,0.00,0.00,0.00,0.00,0.00,0.00,0.00
570.383315,124.283305,-155.931544,158.000977,147.297239,-155.397006,113.426552,115.168196,-138.249892,113.5411,0.00,0.00,0.00,0.00,0.00,0.00,0.00,0.00,0.00,0.00,0.00,0.00
570.508532,128.001777,-144.57003,159.271927,148.92366,-140.055823,117.543793,116.040189,-126.542539,116.613602,0.00,0.00,0.00,0.00,0.00,0.00,0.00,0.00,0.00,0.00,0.00,0.00
570.633637,130.345181,-132.85622,159.038406,148.610526,-125.718259,120.235947,114.951422,-114.527474,118.392242,0.00,0.00,0.00,0.00,0.00,0.00,0.00,0.00,0.00,0.00,0.00,0.00
570.758619,131.605785,-120.570801,157.502335,148.366567,-112.95698,120.825867,114.708702,-100.507764,117.752121,0.00,0.00,0.00,0.00,0.00,0.00,0.00,0.00,0.00,0.00,0.00,0.00
570.883642,132.287222,-107.647227,156.791245,148.932941,-102.250185,121.589684,117.838302,-85.965851,116.881409,0.00,0.00,0.00,0.00,0.00,0.00,0.00,0.00,0.00,0.00,0.00,0.00
571.008536,133.7056,-95.76788,157.484772,149.982886,-94.256368,124.300453,124.223069,-73.441014,117.092491,0.00,0.00,0.00,0.00,0.00,0.00,0.00,0.00,0.00,0.00,0.00,0.00
571.13323,136.3433,-85.632527,157.967834,152.770618,-88.469745,125.654152,132.102922,-62.820592,117.508339,0.00,0.00,0.00,0.00,0.00,0.00,0.00,0.00,0.00,0.00,0.00,0.00
571.25816,140.127669,-76.852652,157.710617,156.968416,-82.440253,124.320129,140.583086,-53.687908,117.324188,0.00,0.00,0.00,0.00,0.00,0.00,0.00,0.00,0.00,0.00,0.00,0.00
571.383476,145.149139,-69.125842,157.68399,161.597415,-75.874933,125.030556,148.91786,-45.835399,116.769051,0.00,0.00,0.00,0.00,0.00,0.00,0.00,0.00,0.00,0.00,0.00,0.00
571.508556,149.85487,-62.581591,157.527084,164.016326,-70.202476,131.80452,156.648607,-38.399526,118.043922,0.00,0.00,0.00,0.00,0.00,0.00,0.00,0.00,0.00,0.00,0.00,0.00
571.633496,154.16193,-57.253732,157.792786,164.822099,-65.121074,140.684891,165.327548,-30.628309,119.527222,0.00,0.00,0.00,0.00,0.00,0.00,0.00,0.00,0.00,0.00,0.00,0.00
571.758338,158.43902,-52.779046,157.554977,165.629037,-61.96381,146.066605,176.047781,-22.600399,120.685104,0.00,0.00,0.00,0.00,0.00,0.00,0.00,0.00,0.00,0.00,0.00,0.00
571.883252,162.275864,-48.14786,156.893341,167.625961,-57.08125,147.342331,186.97152,-15.272269,121.440796,0.00,0.00,0.00,0.00,0.00,0.00,0.00,0.00,0.00,0.00,0.00,0.00
572.008416,166.086291,-42.68043,157.124741,169.722946,-52.359112,148.084229,195.647185,-10.365783,121.498741,0.00,0.00,0.00,0.00,0.00,0.00,0.00,0.00,0.00,0.00,0.00,0.00
572.133216,169.486845,-37.466635,157.079803,171.901302,-47.909347,148.887726,201.910455,-7.27752,120.806015,0.00,0.00,0.00,0.00,0.00,0.00,0.00,0.00,0.00,0.00,0.00,0.00
572.257891,172.185202,-33.648901,156.852676,173.783274,-44.275474,149.312134,204.586567,-6.421432,119.761848,0.00,0.00,0.00,0.00,0.00,0.00,0.00,0.00,0.00,0.00,0.00,0.00
572.3833,174.063754,-31.384027,156.544403,175.242315,-41.904087,149.571198,204.586423,-5.952677,119.763634,0.00,0.00,0.00,0.00,0.00,0.00,0.00,0.00,0.00,0.00,0.00,0.00
572.503255,175.358871,-30.525279,156.200165,175.390022,-41.726072,149.490814,204.626468,-5.828441,119.694229,0.00,0.00,0.00,0.00,0.00,0.00,0.00,0.00,0.00,0.00,0.00,0.00
572.630728,176.216976,-31.335614,156.273148,175.302878,-42.327598,149.311249,204.063683,-6.161767,120.048737,0.00,0.00,0.00,0.00,0.00,0.00,0.00,0.00,0.00,0.00,0.00,0.00
572.756135,175.322075,-33.787301,156.289291,173.873292,-43.868498,149.244141,201.849793,-8.84852,119.946075,0.00,0.00,0.00,0.00,0.00,0.00,0.00,0.00,0.00,0.00,0.00,0.00
572.881041,172.471028,-36.774096,155.905457,169.248824,-46.089101,149.102478,197.733873,-16.191457,119.076645,0.00,0.00,0.00,0.00,0.00,0.00,0.00,0.00,0.00,0.00,0.00,0.00
573.005985,167.769597,-40.012215,155.876846,163.424301,-47.779858,149.121521,191.573196,-27.065605,117.493401,0.00,0.00,0.00,0.00,0.00,0.00,0.00,0.00,0.00,0.00,0.00,0.00
573.130867,160.615064,-43.104272,156.465363,155.756324,-49.808094,149.180527,180.153093,-39.343358,115.318024,0.00,0.00,0.00,0.00,0.00,0.00,0.00,0.00,0.00,0.00,0.00,0.00
573.255468,150.029544,-45.130008,157.961548,145.008246,-51.790902,149.313995,163.262571,-48.726036,114.168236,0.00,0.00,0.00,0.00,0.00,0.00,0.00,0.00,0.00,0.00,0.00,0.00
573.38001,137.278245,-45.910318,158.443024,131.747095,-52.432964,148.570496,146.366503,-54.160489,113.640938,0.00,0.00,0.00,0.00,0.00,0.00,0.00,0.00,0.00,0.00,0.00,0.00
573.505275,124.797663,-46.831264,158.557098,112.796909,-49.693002,136.81456,134.326844,-57.479843,114.276146,0.00,0.00,0.00,0.00,0.00,0.00,0.00,0.00,0.00,0.00,0.00,0.00
573.630883,113.394785,-49.385332,159.007294,102.497379,-50.455122,135.315643,124.680458,-60.857287,114.289665,0.00,0.00,0.00,0.00,0.00,0.00,0.00,0.00,0.00,0.00,0.00,0.00
573.755861,102.785962,-52.226855,158.261749,91.87802,-51.168524,133.447235,114.851609,-65.171653,113.106026,0.00,0.00,0.00,0.00,0.00,0.00,0.00,0.00,0.00,0.00,0.00,0.00
573.881046,93.228115,-55.904778,157.224655,81.838949,-52.754802,131.835312,102.552768,-70.35721,111.967293,0.00,0.00,0.00,0.00,0.00,0.00,0.00,0.00,0.00,0.00,0.00,0.00
574.005917,83.8936,-60.272937,157.340164,72.162187,-53.921425,131.659302,87.286869,-73.871029,112.002419,0.00,0.00,0.00,0.00,0.00,0.00,0.00,0.00,0.00,0.00,0.00,0.00
574.131172,73.545449,-63.269971,157.811493,62.26006,-53.89306,131.412476,73.061348,-74.859856,114.089493,0.00,0.00,0.00,0.00,0.00,0.00,0.00,0.00,0.00,0.00,0.00,0.00
574.255852,62.054229,-64.458862,157.440109,51.168294,-53.466201,130.637939,58.928466,-74.696561,113.678406,0.00,0.00,0.00,0.00,0.00,0.00,0.00,0.00,0.00,0.00,0.00,0.00
574.380986,49.637178,-63.391974,156.138351,38.151884,-52.381122,129.525085,44.599728,-73.132964,112.889824,0.00,0.00,0.00,0.00,0.00,0.00,0.00,0.00,0.00,0.00,0.00,0.00
574.506076,36.673142,-61.560239,157.1763,25.110172,-50.57231,130.717819,30.384029,-72.30593,113.545776,0.00,0.00,0.00,0.00,0.00,0.00,0.00,0.00,0.00,0.00,0.00,0.00
574.630995,24.825648,-61.240372,158.914474,13.821155,-50.071738,132.284958,19.417116,-73.632986,116.067184,0.00,0.00,0.00,0.00,0.00,0.00,0.00,0.00,0.00,0.00,0.00,0.00
574.756198,14.285044,-61.53969,159.714478,3.939386,-50.70096,132.57547,10.646575,-77.304612,116.144218,0.00,0.00,0.00,0.00,0.00,0.00,0.00,0.00,0.00,0.00,0.00,0.00
574.881227,3.892588,-62.108517,158.775787,-6.115998,-51.934164,131.14003,1.636238,-82.473247,114.671494,0.00,0.00,0.00,0.00,0.00,0.00,0.00,0.00,0.00,0.00,0.00,0.00
575.006432,-6.639677,-64.06121,157.64003,-17.158588,-53.346939,129.718857,-9.481917,-88.574891,114.344727,0.00,0.00,0.00,0.00,0.00,0.00,0.00,0.00,0.00,0.00,0.00,0.00
575.131531,-17.96537,-67.469764,157.581451,-29.291603,-55.794231,128.905792,-23.676506,-93.793885,115.015305,0.00,0.00,0.00,0.00,0.00,0.00,0.00,0.00,0.00,0.00,0.00,0.00
575.256758,-29.057599,-70.321821,158.180054,-39.282864,-57.456119,128.561905,-38.664277,-94.431096,116.392204,0.00,0.00,0.00,0.00,0.00,0.00,0.00,0.00,0.00,0.00,0.00,0.00
575.381434,-38.48542,-72.249886,158.844604,-47.421808,-58.164975,127.025566,-51.919437,-93.058037,116.989708,0.00,0.00,0.00,0.00,0.00,0.00,0.00,0.00,0.00,0.00,0.00,0.00
575.506725,-47.010039,-73.899506,158.367401,-55.218511,-58.709345,124.564651,-64.345853,-91.563839,117.127678,0.00,0.00,0.00,0.00,0.00,0.00,0.00,0.00,0.00,0.00,0.00,0.00
575.631646,-55.555272,-74.300352,157.762054,-63.23666,-59.244342,123.121498,-77.396124,-89.578475,117.583679,0.00,0.00,0.00,0.00,0.00,0.00,0.00,0.00,0.00,0.00,0.00,0.00
575.756818,-65.615225,-73.211721,158.091629,-72.599225,-59.925773,122.211418,-92.711201,-87.650268,119.3666,0.00,0.00,0.00,0.00,0.00,0.00,0.00,0.00,0.00,0.00,0.00,0.00
575.881603,-76.40679,-71.765332,158.382828,-80.537452,-59.995485,121.732758,-110.536012,-85.21529,120.919861,0.00,0.00,0.00,0.00,0.00,0.00,0.00,0.00,0.00,0.00,0.00,0.00
576.006114,-85.787929,-70.430124,158.334854,-86.308207,-59.056745,120.090317,-126.623427,-82.24967,122.161018,0.00,0.00,0.00,0.00,0.00,0.00,0.00,0.00,0.00,0.00,0.00,0.00
576.131068,-92.954189,-69.144669,157.396439,-90.011377,-57.585981,118.183754,-138.448208,-80.083724,123.396233,0.00,0.00,0.00,0.00,0.00,0.00,0.00,0.00,0.00,0.00,0.00,0.00
576.255403,-97.894273,-67.933489,156.131393,-91.533002,-55.796198,116.388847,-146.020449,-78.858356,124.595955,0.00,0.00,0.00,0.00,0.00,0.00,0.00,0.00,0.00,0.00,0.00,0.00
576.380067,-101.032623,-67.047588,154.961365,-92.239389,-54.517331,114.679733,-149.834926,-78.992643,125.161293,0.00,0.00,0.00,0.00,0.00,0.00,0.00,0.00,0.00,0.00,0.00,0.00
576.505173,-102.780114,-66.49116,154.421326,-92.757483,-54.322616,114.358154,-150.490766,-79.738888,125.275017,0.00,0.00,0.00,0.00,0.00,0.00,0.00,0.00,0.00,0.00,0.00,0.00
576.627358,-103.471016,-66.43995,154.331375,-93.47676,-54.542414,113.961746,-150.695508,-79.822289,125.090874,0.00,0.00,0.00,0.00,0.00,0.00,0.00,0.00,0.00,0.00,0.00,0.00
576.754182,-103.334961,-67.253109,154.544449,-93.725456,-54.904397,114.053253,-150.172622,-79.547836,125.090775,0.00,0.00,0.00,0.00,0.00,0.00,0.00,0.00,0.00,0.00,0.00,0.00
576.879825,-101.759426,-68.988075,155.763763,-93.57723,-55.791803,114.804749,-145.375031,-80.398867,125.187614,0.00,0.00,0.00,0.00,0.00,0.00,0.00,0.00,0.00,0.00,0.00,0.00
577.005024,-98.055199,-71.216722,157.89975,-93.465375,-57.012341,116.097893,-129.938439,-85.431605,124.903854,0.00,0.00,0.00,0.00,0.00,0.00,0.00,0.00,0.00,0.00,0.00,0.00
577.13048,-92.877716,-73.748054,160.171356,-92.539423,-58.315813,117.587784,-106.779755,-94.846408,123.02475,0.00,0.00,0.00,0.00,0.00,0.00,0.00,0.00,0.00,0.00,0.00,0.00
577.255787,-86.20931,-76.920213,161.989685,-91.320849,-60.986252,118.923225,-83.378142,-102.657374,123.599472,0.00,0.00,0.00,0.00,0.00,0.00,0.00,0.00,0.00,0.00,0.00,0.00
577.379681,-77.286532,-80.765814,162.77919,-89.084155,-66.712749,119.828545,-62.036102,-105.411455,127.635101,0.00,0.00,0.00,0.00,0.00,0.00,0.00,0.00,0.00,0.00,0.00,0.00
577.503553,-65.687763,-84.016887,163.007278,-84.819874,-77.523599,120.480774,-44.099765,-100.772008,130.408829,0.00,0.00,0.00,0.00,0.00,0.00,0.00,0.00,0.00,0.00,0.00,0.00
577.629692,-53.664593,-84.248063,161.492569,-74.204485,-90.44818,120.61908,-30.786827,-92.008421,129.693771,0.00,0.00,0.00,0.00,0.00,0.00,0.00,0.00,0.00,0.00,0.00,0.00
577.755047,-45.446331,-82.730613,160.839951,-61.313918,-97.394695,120.803024,-22.756421,-82.500306,127.553627,0.00,0.00,0.00,0.00,0.00,0.00,0.00,0.00,0.00,0.00,0.00,0.00
577.880154,-40.232135,-82.026276,160.817337,-50.49489,-99.879815,121.031914,-20.159322,-73.381981,126.758339,0.00,0.00,0.00,0.00,0.00,0.00,0.00,0.00,0.00,0.00,0.00,0.00
578.004717,-36.57349,-81.880208,160.500717,-43.425403,-101.212386,120.58567,-20.614373,-66.466038,126.909706,0.00,0.00,0.00,0.00,0.00,0.00,0.00,0.00,0.00,0.00,0.00,0.00
578.129549,-32.433166,-81.242887,160.067337,-37.095263,-101.283345,119.97937,-21.128842,-60.838675,126.962898,0.00,0.00,0.00,0.00,0.00,0.00,0.00,0.00,0.00,0.00,0.00,0.00
578.254502,-26.998713,-78.449278,159.372528,-32.135446,-99.50662,119.433189,-20.281628,-55.036001,127.785538,0.00,0.00,0.00,0.00,0.00,0.00,0.00,0.00,0.00,0.00,0.00,0.00
578.379417,-20.970251,-73.202663,157.89325,-9.075956,-85.470957,128.286438,-17.871051,-48.616212,127.130363,0.00,0.00,0.00,0.00,0.00,0.00,0.00,0.00,0.00,0.00,0.00,0.00
578.504617,-13.901821,-66.215201,157.947662,0.528839,-77.575473,129.576462,-13.78196,-42.107114,126.109909,0.00,0.00,0.00,0.00,0.00,0.00,0.00,0.00,0.00,0.00,0.00,0.00
578.630573,-6.603833,-59.916393,159.336594,9.757307,-71.319323,131.161041,-7.996793,-35.724567,126.668716,0.00,0.00,0.00,0.00,0.00,0.00,0.00,0.00,0.00,0.00,0.00,0.00
578.754643,0.630694,-54.582458,159.916779,17.672632,-66.13861,131.332214,-0.686105,-31.334826,127.033089,0.00,0.00,0.00,0.00,0.00,0.00,0.00,0.00,0.00,0.00,0.00,0.00
578.879809,7.931682,-49.831782,159.950134,25.636052,-61.895543,130.667786,7.647755,-28.603611,126.579369,0.00,0.00,0.00,0.00,0.00,0.00,0.00,0.00,0.00,0.00,0.00,0.00
579.004636,16.045613,-44.914098,159.029922,34.48742,-58.046805,130.333939,17.046357,-25.351763,125.590263,0.00,0.00,0.00,0.00,0.00,0.00,0.00,0.00,0.00,0.00,0.00,0.00
579.12971,25.247259,-39.993385,157.613708,43.869291,-53.517487,130.32132,25.705391,-19.846059,125.510231,0.00,0.00,0.00,0.00,0.00,0.00,0.00,0.00,0.00,0.00,0.00,0.00
579.254617,34.712785,-34.489763,158.261459,53.588325,-46.467163,130.904037,32.398382,-14.019256,126.775955,0.00,0.00,0.00,0.00,0.00,0.00,0.00,0.00,0.00,0.00,0.00,0.00
579.379535,43.074915,-27.997228,158.188705,60.807961,-36.291509,130.7397,36.682855,-8.796456,125.97287,0.00,0.00,0.00,0.00,0.00,0.00,0.00,0.00,0.00,0.00,0.00,0.00
579.504517,50.016115,-20.58916,157.076767,65.705918,-25.568522,130.240936,39.506385,-2.710004,124.214813,0.00,0.00,0.00,0.00,0.00,0.00,0.00,0.00,0.00,0.00,0.00,0.00
579.629402,55.512281,-12.29577,155.178696,70.714421,-15.479007,129.548721,41.600902,5.649665,123.486816,0.00,0.00,0.00,0.00,0.00,0.00,0.00,0.00,0.00,0.00,0.00,0.00
579.754463,60.056689,-3.092714,154.439728,75.934405,-6.24591,129.12674,44.336869,15.416565,123.186668,0.00,0.00,0.00,0.00,0.00,0.00,0.00,0.00,0.00,0.00,0.00,0.00
579.879333,64.579693,5.935568,155.167267,81.176523,1.017772,129.394836,51.107392,24.854466,123.015236,0.00,0.00,0.00,0.00,0.00,0.00,0.00,0.00,0.00,0.00,0.00,0.00
580.004062,69.809425,14.130216,155.633957,87.220229,7.220055,128.657471,61.261905,31.966632,122.967674,0.00,0.00,0.00,0.00,0.00,0.00,0.00,0.00,0.00,0.00,0.00,0.00
580.129118,75.658554,22.299503,155.450958,93.412327,13.448181,127.141319,70.495797,39.574516,122.862221,0.00,0.00,0.00,0.00,0.00,0.00,0.00,0.00,0.00,0.00,0.00,0.00
580.254487,82.13142,29.924037,154.553864,99.826242,20.773033,125.216087,77.868044,47.533958,122.501114,0.00,0.00,0.00,0.00,0.00,0.00,0.00,0.00,0.00,0.00,0.00,0.00
1,520.132925,2,523.92541,3,527.494638,3,527.605698,3,528.605339,4,532.255316,5,537.463072,1,540.573071,1,541.323015,2,544.196703,2,544.80829,3,547.40516,3,548.376992,4,552.042208,5,556.733964,1,559.789597,1,560.483515,2,563.524286,3,567.301502,3,567.371218,3,568.315272,4,571.994322,5,576.40789,
