379.746378,70.603925,58.580652,154.452469,54.903199,49.971341,119.301582,83.251135,45.068449,117.058754,0.00,0.00,0.00,0.00,0.00,0.00,0.00,0.00,0.00,0.00,0.00,0.00
379.871513,68.226648,51.119451,154.356674,52.623753,42.039622,119.666794,79.993402,37.030332,115.763618,0.00,0.00,0.00,0.00,0.00,0.00,0.00,0.00,0.00,0.00,0.00,0.00
379.996395,66.477211,43.011034,153.807388,50.385069,32.727586,119.251488,77.28745,27.284788,114.94825,0.00,0.00,0.00,0.00,0.00,0.00,0.00,0.00,0.00,0.00,0.00,0.00
380.121554,65.094302,33.919329,153.77739,47.838739,22.596542,118.009911,74.763989,16.29962,114.665161,0.00,0.00,0.00,0.00,0.00,0.00,0.00,0.00,0.00,0.00,0.00,0.00
380.246961,62.720608,24.522648,154.642838,44.189613,14.381776,119.166473,71.326826,6.035669,117.069397,0.00,0.00,0.00,0.00,0.00,0.00,0.00,0.00,0.00,0.00,0.00,0.00
380.371304,58.447307,15.801943,155.042618,38.865812,8.826385,119.746689,64.911812,-2.743996,117.984077,0.00,0.00,0.00,0.00,0.00,0.00,0.00,0.00,0.00,0.00,0.00,0.00
380.496677,52.123247,7.676399,154.511444,30.751714,2.907991,118.388977,56.112148,-10.709248,117.339966,0.00,0.00,0.00,0.00,0.00,0.00,0.00,0.00,0.00,0.00,0.00,0.00
380.621755,43.798607,0.235986,153.197556,21.684191,-3.647945,117.137596,46.056093,-18.723786,117.005684,0.00,0.00,0.00,0.00,0.00,0.00,0.00,0.00,0.00,0.00,0.00,0.00
380.746926,34.596847,-6.735927,153.317474,13.479221,-11.01312,118.249168,36.22615,-26.141439,118.257355,0.00,0.00,0.00,0.00,0.00,0.00,0.00,0.00,0.00,0.00,0.00,0.00
380.871611,26.494467,-14.145462,154.475159,6.9726,-18.884902,119.742523,28.356785,-32.438619,119.270149,0.00,0.00,0.00,0.00,0.00,0.00,0.00,0.00,0.00,0.00,0.00,0.00
380.996066,19.735647,-22.087622,154.907745,2.406209,-27.237331,120.353279,23.247059,-39.641837,118.902542,0.00,0.00,0.00,0.00,0.00,0.00,0.00,0.00,0.00,0.00,0.00,0.00
381.121671,13.849189,-30.995322,154.047806,-1.899452,-37.466586,118.918465,19.339468,-49.009802,117.285751,0.00,0.00,0.00,0.00,0.00,0.00,0.00,0.00,0.00,0.00,0.00,0.00
381.246402,9.13084,-41.529256,152.85347,-6.548605,-49.140107,117.564346,17.332141,-60.407663,116.052582,0.00,0.00,0.00,0.00,0.00,0.00,0.00,0.00,0.00,0.00,0.00,0.00
381.371961,5.166345,-53.588434,153.720856,-12.445983,-61.194312,117.936348,16.233215,-72.815857,116.781425,0.00,0.00,0.00,0.00,0.00,0.00,0.00,0.00,0.00,0.00,0.00,0.00
381.496888,1.160162,-65.045524,155.318115,-18.039692,-71.212859,119.537308,11.943347,-83.936746,118.871292,0.00,0.00,0.00,0.00,0.00,0.00,0.00,0.00,0.00,0.00,0.00,0.00
381.608413,-3.051555,-74.255503,155.28447,-22.909467,-79.262213,118.775223,5.385748,-92.200033,118.843033,0.00,0.00,0.00,0.00,0.00,0.00,0.00,0.00,0.00,0.00,0.00,0.00
381.746845,-9.27583,-85.763902,154.788422,-31.465269,-89.769596,117.21582,-3.915022,-102.447239,118.385025,0.00,0.00,0.00,0.00,0.00,0.00,0.00,0.00,0.00,0.00,0.00,0.00
381.871325,-16.282263,-96.154067,153.431229,-41.387831,-100.070144,116.404472,-10.788672,-113.934019,117.570923,0.00,0.00,0.00,0.00,0.00,0.00,0.00,0.00,0.00,0.00,0.00,0.00
381.996276,-23.909511,-107.193685,154.415527,-48.908682,-112.320839,116.388725,-17.306605,-127.015406,118.878807,0.00,0.00,0.00,0.00,0.00,0.00,0.00,0.00,0.00,0.00,0.00,0.00
382.120961,-30.274424,-118.520704,155.766632,-52.45001,-124.902581,117.537155,-23.376725,-137.621325,120.968269,0.00,0.00,0.00,0.00,0.00,0.00,0.00,0.00,0.00,0.00,0.00,0.00
382.245934,-35.025153,-129.526205,156.293304,-53.575419,-137.041164,118.780151,-27.058411,-146.807296,120.710541,0.00,0.00,0.00,0.00,0.00,0.00,0.00,0.00,0.00,0.00,0.00,0.00
382.370612,-38.912272,-140.853019,154.783661,-55.695679,-149.458528,117.87468,-28.590215,-159.004323,118.133629,0.00,0.00,0.00,0.00,0.00,0.00,0.00,0.00,0.00,0.00,0.00,0.00
382.495798,-41.612271,-153.000398,152.350479,-59.283578,-162.345629,116.172768,-30.154739,-174.89996,117.251228,0.00,0.00,0.00,0.00,0.00,0.00,0.00,0.00,0.00,0.00,0.00,0.00
382.620457,-44.121131,-165.687084,152.366043,-62.984502,-174.271451,116.362503,-36.018664,-190.50056,118.963608,0.00,0.00,0.00,0.00,0.00,0.00,0.00,0.00,0.00,0.00,0.00,0.00
382.745297,-47.273885,-177.069538,153.145355,-66.642037,-183.60911,118.036011,-44.348417,-203.570331,122.737762,0.00,0.00,0.00,0.00,0.00,0.00,0.00,0.00,0.00,0.00,0.00,0.00
382.870003,-50.617619,-187.015462,153.784302,-70.571371,-192.711192,117.914139,-52.371812,-216.846835,126.404716,0.00,0.00,0.00,0.00,0.00,0.00,0.00,0.00,0.00,0.00,0.00,0.00
382.994981,-54.350095,-196.517933,153.226364,-74.631107,-203.993459,116.408089,-59.434916,-231.582359,128.811783,0.00,0.00,0.00,0.00,0.00,0.00,0.00,0.00,0.00,0.00,0.00,0.00
383.119932,-58.903262,-205.618959,152.299957,-78.380414,-215.836257,116.181442,-64.970463,-244.831779,131.94899,0.00,0.00,0.00,0.00,0.00,0.00,0.00,0.00,0.00,0.00,0.00,0.00
383.244903,-63.338201,-214.340072,153.569885,-81.025322,-226.129256,118.92469,-69.348827,-256.472942,134.424591,0.00,0.00,0.00,0.00,0.00,0.00,0.00,0.00,0.00,0.00,0.00,0.00
383.368194,-66.541954,-221.559413,155.022125,-82.266096,-233.823765,120.469322,-71.964818,-265.027685,134.512604,0.00,0.00,0.00,0.00,0.00,0.00,0.00,0.00,0.00,0.00,0.00,0.00
383.492851,-68.843033,-226.940779,155.528336,-82.634074,-238.743498,120.636749,-73.341214,-271.9445,132.430649,0.00,0.00,0.00,0.00,0.00,0.00,0.00,0.00,0.00,0.00,0.00,0.00
383.618535,-69.869493,-230.543309,155.538834,-82.634235,-241.57939,119.99276,-73.495835,-275.11035,130.458099,0.00,0.00,0.00,0.00,0.00,0.00,0.00,0.00,0.00,0.00,0.00,0.00
383.743766,-69.745108,-233.053889,155.593964,-82.083104,-244.259856,119.339943,-72.702538,-276.056368,129.668259,0.00,0.00,0.00,0.00,0.00,0.00,0.00,0.00,0.00,0.00,0.00,0.00
383.869605,-68.729744,-234.899701,155.266846,-80.902288,-246.921224,119.18956,-70.708977,-271.11626,130.170898,0.00,0.00,0.00,0.00,0.00,0.00,0.00,0.00,0.00,0.00,0.00,0.00
383.993661,-66.438896,-235.634896,154.780869,-77.364708,-249.842334,118.225601,-64.729292,-261.340019,129.458557,0.00,0.00,0.00,0.00,0.00,0.00,0.00,0.00,0.00,0.00,0.00,0.00
384.120145,-63.746734,-234.978837,154.139923,-71.255989,-251.976973,117.311905,-55.80022,-250.65684,124.623703,0.00,0.00,0.00,0.00,0.00,0.00,0.00,0.00,0.00,0.00,0.00,0.00
384.246118,-60.89185,-233.488084,153.683701,-63.294337,-252.16752,117.106186,-48.438381,-238.492009,120.731865,0.00,0.00,0.00,0.00,0.00,0.00,0.00,0.00,0.00,0.00,0.00,0.00
384.371136,-57.178036,-232.05353,153.728622,-55.294239,-249.846403,118.328094,-43.328762,-227.081356,119.808136,0.00,0.00,0.00,0.00,0.00,0.00,0.00,0.00,0.00,0.00,0.00,0.00
384.495877,-52.407628,-230.827835,153.531326,-47.06996,-247.966001,118.782806,-38.673881,-220.304755,120.544174,0.00,0.00,0.00,0.00,0.00,0.00,0.00,0.00,0.00,0.00,0.00,0.00
384.620937,-46.320388,-229.619836,153.341034,-37.866937,-246.93086,119.494522,-32.458783,-217.810325,121.571037,0.00,0.00,0.00,0.00,0.00,0.00,0.00,0.00,0.00,0.00,0.00,0.00
384.746601,-39.179809,-228.538154,153.238602,-28.708366,-246.505219,119.930717,-25.331119,-217.245698,121.759544,0.00,0.00,0.00,0.00,0.00,0.00,0.00,0.00,0.00,0.00,0.00,0.00
384.872013,-31.587615,-227.921943,154.084091,-20.20539,-247.026281,120.038559,-17.764,-217.610127,122.345963,0.00,0.00,0.00,0.00,0.00,0.00,0.00,0.00,0.00,0.00,0.00,0.00
384.997009,-23.175198,-228.32103,154.398315,-11.709305,-248.560088,118.911575,-9.784347,-218.298941,122.419647,0.00,0.00,0.00,0.00,0.00,0.00,0.00,0.00,0.00,0.00,0.00,0.00
385.121875,-14.132327,-230.004543,154.094666,-3.216529,-251.154848,117.440926,-0.990552,-219.786599,121.011368,0.00,0.00,0.00,0.00,0.00,0.00,0.00,0.00,0.00,0.00,0.00,0.00
385.247002,-4.482014,-232.95264,153.048355,6.767036,-254.524924,115.489006,8.565263,-222.096835,119.508553,0.00,0.00,0.00,0.00,0.00,0.00,0.00,0.00,0.00,0.00,0.00,0.00
385.372005,5.535889,-236.856885,152.617355,18.68631,-256.903594,114.251923,18.508205,-224.681722,118.796333,0.00,0.00,0.00,0.00,0.00,0.00,0.00,0.00,0.00,0.00,0.00,0.00
385.497068,15.657761,-239.960185,153.896423,29.803399,-257.515797,116.341423,27.090013,-226.715311,118.94809,0.00,0.00,0.00,0.00,0.00,0.00,0.00,0.00,0.00,0.00,0.00,0.00
385.622057,25.222879,-241.361301,154.448685,40.733165,-255.978548,117.554382,33.463435,-226.351637,119.10659,0.00,0.00,0.00,0.00,0.00,0.00,0.00,0.00,0.00,0.00,0.00,0.00
385.746915,34.438255,-241.231024,154.509293,50.253807,-252.68803,117.881668,39.844223,-223.176264,117.975937,0.00,0.00,0.00,0.00,0.00,0.00,0.00,0.00,0.00,0.00,0.00,0.00
385.872282,43.872786,-239.42886,153.190582,60.187325,-248.411662,116.652931,47.392294,-218.840168,116.301659,0.00,0.00,0.00,0.00,0.00,0.00,0.00,0.00,0.00,0.00,0.00,0.00
385.997005,53.612815,-235.852761,152.624329,70.884537,-244.14884,116.267776,56.59416,-213.729255,115.051758,0.00,0.00,0.00,0.00,0.00,0.00,0.00,0.00,0.00,0.00,0.00,0.00
386.122105,63.202439,-231.626848,153.569977,80.789497,-240.644184,118.960083,66.3609,-209.31485,116.833344,0.00,0.00,0.00,0.00,0.00,0.00,0.00,0.00,0.00,0.00,0.00,0.00
386.233397,71.265256,-228.373243,153.996338,88.892009,-237.887032,119.70713,75.37326,-206.820948,118.058411,0.00,0.00,0.00,0.00,0.00,0.00,0.00,0.00,0.00,0.00,0.00,0.00
386.371705,80.986353,-224.422772,154.394272,98.253338,-233.782784,118.555664,85.347483,-205.767532,118.699242,0.00,0.00,0.00,0.00,0.00,0.00,0.00,0.00,0.00,0.00,0.00,0.00
386.495994,89.734677,-221.235715,153.252487,107.659971,-229.315955,117.15387,93.175275,-203.518317,117.163536,0.00,0.00,0.00,0.00,0.00,0.00,0.00,0.00,0.00,0.00,0.00,0.00
386.620889,98.285515,-218.65152,152.648468,117.409292,-224.247206,117.203987,100.115807,-199.93907,115.721321,0.00,0.00,0.00,0.00,0.00,0.00,0.00,0.00,0.00,0.00,0.00,0.00
386.745824,106.143006,-215.235541,153.283356,125.657322,-219.057979,118.585655,106.803963,-196.935583,115.852531,0.00,0.00,0.00,0.00,0.00,0.00,0.00,0.00,0.00,0.00,0.00,0.00
386.870943,112.90494,-211.088392,153.737732,131.609595,-213.100199,120.127403,112.705295,-193.969881,116.140198,0.00,0.00,0.00,0.00,0.00,0.00,0.00,0.00,0.00,0.00,0.00,0.00
386.995661,119.119736,-206.20977,153.523117,136.722926,-207.156104,119.408096,118.251502,-188.465073,115.448395,0.00,0.00,0.00,0.00,0.00,0.00,0.00,0.00,0.00,0.00,0.00,0.00
387.12072,124.859419,-200.202813,152.980988,142.468977,-201.01912,118.271515,125.064148,-181.228932,116.04705,0.00,0.00,0.00,0.00,0.00,0.00,0.00,0.00,0.00,0.00,0.00,0.00
387.246141,130.207012,-193.217517,153.195267,148.663548,-194.792674,118.07785,134.571099,-172.984981,117.92997,0.00,0.00,0.00,0.00,0.00,0.00,0.00,0.00,0.00,0.00,0.00,0.00
387.370821,134.85128,-186.847444,153.906158,152.821798,-189.579043,118.996796,144.913345,-166.515116,121.267632,0.00,0.00,0.00,0.00,0.00,0.00,0.00,0.00,0.00,0.00,0.00,0.00
387.495408,138.964476,-181.979309,154.143143,155.461209,-185.888892,119.220947,155.313835,-161.876219,124.216721,0.00,0.00,0.00,0.00,0.00,0.00,0.00,0.00,0.00,0.00,0.00,0.00
387.61995,142.440497,-178.313149,154.581284,158.377318,-183.958357,119.658997,165.351274,-158.169078,127.363113,0.00,0.00,0.00,0.00,0.00,0.00,0.00,0.00,0.00,0.00,0.00,0.00
387.744855,145.62717,-175.714459,154.445862,162.509721,-182.42873,120.136932,174.287889,-155.305851,130.21608,0.00,0.00,0.00,0.00,0.00,0.00,0.00,0.00,0.00,0.00,0.00,0.00
387.869887,148.821461,-173.673543,154.739365,165.925015,-181.214279,121.168968,181.585774,-153.092273,132.02005,0.00,0.00,0.00,0.00,0.00,0.00,0.00,0.00,0.00,0.00,0.00,0.00
387.994762,151.672864,-171.519226,154.088806,167.997848,-179.492956,120.845284,187.339834,-151.210256,132.080566,0.00,0.00,0.00,0.00,0.00,0.00,0.00,0.00,0.00,0.00,0.00,0.00
388.119793,153.532506,-169.133133,154.199356,167.602507,-178.534725,121.515549,192.113828,-149.38074,130.829849,0.00,0.00,0.00,0.00,0.00,0.00,0.00,0.00,0.00,0.00,0.00,0.00
388.24466,154.817227,-166.263866,154.016144,168.419717,-177.699385,120.399811,195.566375,-147.725817,129.85968,0.00,0.00,0.00,0.00,0.00,0.00,0.00,0.00,0.00,0.00,0.00,0.00
388.369917,156.07943,-163.064161,154.619095,167.717445,-175.775687,120.117523,197.363755,-146.809876,129.079407,0.00,0.00,0.00,0.00,0.00,0.00,0.00,0.00,0.00,0.00,0.00,0.00
388.494798,157.059962,-160.906517,154.167068,166.059893,-173.367426,119.017387,196.429245,-147.433061,128.963806,0.00,0.00,0.00,0.00,0.00,0.00,0.00,0.00,0.00,0.00,0.00,0.00
388.61965,157.02323,-161.2245,153.450821,161.971108,-172.629261,117.889557,186.923948,-152.153447,128.819962,0.00,0.00,0.00,0.00,0.00,0.00,0.00,0.00,0.00,0.00,0.00,0.00
388.745316,155.162314,-162.587871,153.769928,156.387862,-175.086411,117.748955,176.057304,-158.944862,125.875259,0.00,0.00,0.00,0.00,0.00,0.00,0.00,0.00,0.00,0.00,0.00,0.00
388.870923,151.974134,-163.066063,153.918701,150.438465,-177.468948,118.293144,169.436365,-162.661752,124.894539,0.00,0.00,0.00,0.00,0.00,0.00,0.00,0.00,0.00,0.00,0.00,0.00
388.995654,148.470731,-163.399306,154.369339,145.276942,-177.881312,119.171593,166.583621,-163.972682,125.332092,0.00,0.00,0.00,0.00,0.00,0.00,0.00,0.00,0.00,0.00,0.00,0.00
389.120253,145.200547,-163.944539,154.574722,141.237045,-178.154089,119.379936,164.550904,-166.131938,125.237228,0.00,0.00,0.00,0.00,0.00,0.00,0.00,0.00,0.00,0.00,0.00,0.00
389.245349,141.907869,-164.970509,154.828842,137.632307,-178.906691,119.645584,161.291742,-168.906402,125.466072,0.00,0.00,0.00,0.00,0.00,0.00,0.00,0.00,0.00,0.00,0.00,0.00
389.370241,138.00749,-166.523763,155.026779,132.986829,-180.535913,120.090797,156.79033,-171.782837,125.767372,0.00,0.00,0.00,0.00,0.00,0.00,0.00,0.00,0.00,0.00,0.00,0.00
389.495021,133.221,-168.594439,155.269119,127.442434,-182.814725,120.451698,150.952329,-175.102133,125.986908,0.00,0.00,0.00,0.00,0.00,0.00,0.00,0.00,0.00,0.00,0.00,0.00
389.620076,127.751613,-170.954896,154.99144,121.468272,-184.968793,120.241951,144.664195,-178.68111,125.682892,0.00,0.00,0.00,0.00,0.00,0.00,0.00,0.00,0.00,0.00,0.00,0.00
389.745305,122.357296,-173.575747,154.61377,115.359774,-186.92976,119.614983,138.669782,-182.248325,125.352432,0.00,0.00,0.00,0.00,0.00,0.00,0.00,0.00,0.00,0.00,0.00,0.00
389.870154,117.725248,-176.325571,154.656128,110.188912,-188.135238,119.516899,133.161468,-185.734122,125.104561,0.00,0.00,0.00,0.00,0.00,0.00,0.00,0.00,0.00,0.00,0.00,0.00
389.995106,114.076882,-179.539697,153.813217,106.338131,-189.00462,118.571342,128.457192,-189.675651,124.178017,0.00,0.00,0.00,0.00,0.00,0.00,0.00,0.00,0.00,0.00,0.00,0.00
390.119615,111.629376,-183.546825,152.323364,104.890236,-191.15425,116.961845,124.495245,-194.700674,123.375786,0.00,0.00,0.00,0.00,0.00,0.00,0.00,0.00,0.00,0.00,0.00,0.00
390.245056,110.049336,-188.955751,151.043015,103.236657,-195.985935,116.21804,123.29465,-200.345066,123.156532,0.00,0.00,0.00,0.00,0.00,0.00,0.00,0.00,0.00,0.00,0.00,0.00
390.369464,109.010626,-195.896083,149.655151,100.345014,-202.856078,116.85424,121.62334,-208.819708,121.685028,0.00,0.00,0.00,0.00,0.00,0.00,0.00,0.00,0.00,0.00,0.00,0.00
390.494261,107.700229,-203.675287,150.148911,97.27502,-210.545724,117.472603,118.817819,-217.830178,121.267105,0.00,0.00,0.00,0.00,0.00,0.00,0.00,0.00,0.00,0.00,0.00,0.00
390.619487,104.933762,-211.043628,151.34787,94.141796,-215.979584,117.902077,114.159246,-225.270998,121.549034,0.00,0.00,0.00,0.00,0.00,0.00,0.00,0.00,0.00,0.00,0.00,0.00
390.744333,100.273951,-217.308044,152.214401,89.147538,-219.066138,116.553352,107.173368,-230.80943,121.307846,0.00,0.00,0.00,0.00,0.00,0.00,0.00,0.00,0.00,0.00,0.00,0.00
390.869726,93.316511,-222.567606,152.322968,80.709327,-221.263345,114.955948,97.676976,-235.347173,120.254959,0.00,0.00,0.00,0.00,0.00,0.00,0.00,0.00,0.00,0.00,0.00,0.00
390.994803,84.863025,-226.083819,151.788879,70.816656,-222.646924,113.769058,86.193636,-239.421857,119.628586,0.00,0.00,0.00,0.00,0.00,0.00,0.00,0.00,0.00,0.00,0.00,0.00
391.11965,76.111982,-228.922228,153.106644,60.434383,-224.363902,114.71093,73.404785,-244.031054,120.547531,0.00,0.00,0.00,0.00,0.00,0.00,0.00,0.00,0.00,0.00,0.00,0.00
391.244622,68.635927,-231.675148,153.699371,53.062737,-226.036356,116.496017,63.605276,-248.195724,122.174683,0.00,0.00,0.00,0.00,0.00,0.00,0.00,0.00,0.00,0.00,0.00,0.00
391.36902,61.604113,-234.641841,154.032104,47.786353,-229.114988,117.633369,55.843485,-250.756063,122.875885,0.00,0.00,0.00,0.00,0.00,0.00,0.00,0.00,0.00,0.00,0.00,0.00
391.494129,54.20204,-237.87743,153.410782,41.912936,-233.189701,115.724586,47.781231,-253.677657,123.294403,0.00,0.00,0.00,0.00,0.00,0.00,0.00,0.00,0.00,0.00,0.00,0.00
391.618875,46.500214,-241.561408,152.197952,33.375021,-236.602417,113.656441,39.568171,-256.998143,124.094559,0.00,0.00,0.00,0.00,0.00,0.00,0.00,0.00,0.00,0.00,0.00,0.00
391.743985,38.452835,-245.011409,152.031876,24.088926,-237.573362,113.736298,31.171808,-260.477302,125.999092,0.00,0.00,0.00,0.00,0.00,0.00,0.00,0.00,0.00,0.00,0.00,0.00
391.86865,30.785998,-247.005343,151.812317,15.547653,-235.788337,113.800987,21.9219,-263.70517,129.649109,0.00,0.00,0.00,0.00,0.00,0.00,0.00,0.00,0.00,0.00,0.00,0.00
391.993596,23.532741,-247.66647,152.376434,8.458205,-235.067189,113.438019,12.963278,-266.626806,133.883575,0.00,0.00,0.00,0.00,0.00,0.00,0.00,0.00,0.00,0.00,0.00,0.00
392.118262,16.732766,-247.137694,151.862717,0.631548,-234.627586,112.437912,5.180368,-268.951305,134.153397,0.00,0.00,0.00,0.00,0.00,0.00,0.00,0.00,0.00,0.00,0.00,0.00
392.243045,10.800934,-245.496682,151.888901,-8.062444,-234.914781,113.338379,-0.428425,-272.717258,132.70488,0.00,0.00,0.00,0.00,0.00,0.00,0.00,0.00,0.00,0.00,0.00,0.00
392.367533,5.977525,-244.007285,152.431915,-14.235108,-235.965688,115.402344,-2.113369,-276.055723,131.771759,0.00,0.00,0.00,0.00,0.00,0.00,0.00,0.00,0.00,0.00,0.00,0.00
392.492775,2.687182,-242.92033,152.532822,-17.876717,-238.127343,115.772125,-1.188056,-277.156457,131.389282,0.00,0.00,0.00,0.00,0.00,0.00,0.00,0.00,0.00,0.00,0.00,0.00
392.618093,1.029581,-242.334366,152.635223,-18.716687,-241.018105,115.43338,0.361232,-274.887443,131.534119,0.00,0.00,0.00,0.00,0.00,0.00,0.00,0.00,0.00,0.00,0.00,0.00
392.743142,0.524699,-242.409778,152.820007,-17.450593,-244.324691,114.810432,3.240934,-268.354451,132.458908,0.00,0.00,0.00,0.00,0.00,0.00,0.00,0.00,0.00,0.00,0.00,0.00
392.868089,1.805204,-243.011921,153.173019,-14.298122,-248.732637,114.353836,8.265282,-258.522687,132.995636,0.00,0.00,0.00,0.00,0.00,0.00,0.00,0.00,0.00,0.00,0.00,0.00
392.993011,5.915885,-243.30256,153.178543,-8.316053,-253.019649,115.01725,16.273222,-250.278415,132.238892,0.00,0.00,0.00,0.00,0.00,0.00,0.00,0.00,0.00,0.00,0.00,0.00
393.118582,12.631737,-242.528353,153.193375,0.63954,-255.979496,116.418549,26.378416,-244.938691,130.134491,0.00,0.00,0.00,0.00,0.00,0.00,0.00,0.00,0.00,0.00,0.00,0.00393.244057,21.276916,-240.746953,152.908051,12.42296,-257.040019,116.88031,36.542322,-239.467615,126.272728,0.00,0.00,0.00,0.00,0.00,0.00,0.00,0.00,0.00,0.00,0.00,0.00
393.368969,30.763279,-238.085816,151.943085,25.805468,-256.404168,116.287209,44.844239,-233.718381,123.762474,0.00,0.00,0.00,0.00,0.00,0.00,0.00,0.00,0.00,0.00,0.00,0.00
393.493557,39.445811,-234.805163,150.880615,39.299405,-254.11266,115.829239,51.480631,-230.289312,121.584938,0.00,0.00,0.00,0.00,0.00,0.00,0.00,0.00,0.00,0.00,0.00,0.00
393.618586,46.882023,-231.685728,150.955505,50.609437,-250.85985,116.630959,56.505361,-228.707446,120.797493,0.00,0.00,0.00,0.00,0.00,0.00,0.00,0.00,0.00,0.00,0.00,0.00393.74376,53.768494,-229.182011,150.813629,60.040699,-248.703144,116.244545,61.608932,-226.671072,119.385239,0.00,0.00,0.00,0.00,0.00,0.00,0.00,0.00,0.00,0.00,0.00,0.00
393.868251,60.95464,-227.704301,150.52388,69.3364,-247.2863,115.057877,66.915467,-224.909692,117.772881,0.00,0.00,0.00,0.00,0.00,0.00,0.00,0.00,0.00,0.00,0.00,0.00
393.993375,68.882047,-227.289995,149.82933,78.956414,-245.22486,113.637474,73.572452,-223.218161,115.964462,0.00,0.00,0.00,0.00,0.00,0.00,0.00,0.00,0.00,0.00,0.00,0.00
394.118316,76.470188,-227.01076,149.960449,89.067135,-242.434566,113.11821,81.536666,-220.878155,115.376404,0.00,0.00,0.00,0.00,0.00,0.00,0.00,0.00,0.00,0.00,0.00,0.00
394.243249,83.408371,-224.934855,151.21611,98.444214,-238.272382,113.48214,87.400564,-216.809004,116.418053,0.00,0.00,0.00,0.00,0.00,0.00,0.00,0.00,0.00,0.00,0.00,0.00
394.367992,88.659582,-221.462596,151.311783,105.859416,-230.667626,113.829887,89.172179,-211.854391,117.217743,0.00,0.00,0.00,0.00,0.00,0.00,0.00,0.00,0.00,0.00,0.00,0.00
394.492983,93.197093,-215.989674,151.318527,109.882258,-220.390175,113.703644,88.769379,-204.895923,115.491806,0.00,0.00,0.00,0.00,0.00,0.00,0.00,0.00,0.00,0.00,0.00,0.00
394.61841,96.824356,-207.912811,151.017258,111.774501,-208.235605,113.319885,88.14663,-195.045753,113.311516,0.00,0.00,0.00,0.00,0.00,0.00,0.00,0.00,0.00,0.00,0.00,0.00
394.743055,100.066172,-198.156081,151.446228,113.786447,-196.003765,113.425636,89.508765,-184.156631,111.451576,0.00,0.00,0.00,0.00,0.00,0.00,0.00,0.00,0.00,0.00,0.00,0.00
394.867927,103.19183,-189.402476,152.290161,117.616568,-185.702067,115.584114,94.15658,-175.247198,112.520256,0.00,0.00,0.00,0.00,0.00,0.00,0.00,0.00,0.00,0.00,0.00,0.00
394.993011,106.556354,-181.001628,153.248459,122.241589,-176.621653,116.596512,100.56496,-167.51804,114.140411,0.00,0.00,0.00,0.00,0.00,0.00,0.00,0.00,0.00,0.00,0.00,0.00
395.117845,110.153249,-171.681445,153.856567,127.243802,-167.393232,115.554703,104.956142,-157.834906,116.193512,0.00,0.00,0.00,0.00,0.00,0.00,0.00,0.00,0.00,0.00,0.00,0.00
395.243137,114.448915,-161.811026,152.819611,132.380003,-156.433852,113.32177,107.494272,-146.524827,116.172791,0.00,0.00,0.00,0.00,0.00,0.00,0.00,0.00,0.00,0.00,0.00,0.00
395.367636,119.186085,-151.49911,153.610046,136.094757,-143.449749,113.773003,109.039165,-134.166999,115.935112,0.00,0.00,0.00,0.00,0.00,0.00,0.00,0.00,0.00,0.00,0.00,0.00
395.492621,122.48461,-141.025138,154.478409,137.811927,-130.670928,115.889763,107.551325,-123.841578,118.321548,0.00,0.00,0.00,0.00,0.00,0.00,0.00,0.00,0.00,0.00,0.00,0.00
395.617306,124.756112,-130.584821,154.791443,137.632574,-118.958532,118.032547,105.604716,-115.343917,118.318939,0.00,0.00,0.00,0.00,0.00,0.00,0.00,0.00,0.00,0.00,0.00,0.00
395.742815,126.408005,-119.755673,153.750443,138.059795,-107.69854,117.383102,104.287109,-104.713521,115.803543,0.00,0.00,0.00,0.00,0.00,0.00,0.00,0.00,0.00,0.00,0.00,0.00
395.867448,127.320343,-108.822068,152.625702,140.095568,-97.307632,115.133156,105.998603,-91.224173,113.618896,0.00,0.00,0.00,0.00,0.00,0.00,0.00,0.00,0.00,0.00,0.00,0.00
395.992579,128.757751,-98.052806,153.793427,143.367728,-89.799803,116.514275,113.132509,-78.093064,116.392769,0.00,0.00,0.00,0.00,0.00,0.00,0.00,0.00,0.00,0.00,0.00,0.00
396.117395,131.30524,-88.772159,153.999786,148.083827,-84.520523,117.543556,124.289897,-66.974979,118.593941,0.00,0.00,0.00,0.00,0.00,0.00,0.00,0.00,0.00,0.00,0.00,0.00
396.242403,135.161495,-80.470992,154.134552,154.000385,-80.303385,116.700256,136.171941,-57.680509,120.053398,0.00,0.00,0.00,0.00,0.00,0.00,0.00,0.00,0.00,0.00,0.00,0.00
396.367135,140.372697,-73.204469,153.333038,160.687434,-75.791792,114.821922,146.826347,-49.732222,120.65065,0.00,0.00,0.00,0.00,0.00,0.00,0.00,0.00,0.00,0.00,0.00,0.00
396.492096,145.854153,-66.845411,153.625946,166.610291,-71.152872,116.307106,156.701769,-41.83178,122.44294,0.00,0.00,0.00,0.00,0.00,0.00,0.00,0.00,0.00,0.00,0.00,0.00
396.616848,150.460311,-61.158965,153.949387,170.661707,-66.634979,118.603531,165.306178,-33.111129,124.728165,0.00,0.00,0.00,0.00,0.00,0.00,0.00,0.00,0.00,0.00,0.00,0.00
396.741833,154.49055,-55.904413,154.365021,172.845861,-63.689875,119.696152,173.847157,-24.191186,127.189659,0.00,0.00,0.00,0.00,0.00,0.00,0.00,0.00,0.00,0.00,0.00,0.00
396.866779,158.232309,-50.47174,153.63974,174.489936,-61.972797,117.976723,182.862138,-15.530235,128.474289,0.00,0.00,0.00,0.00,0.00,0.00,0.00,0.00,0.00,0.00,0.00,0.00
396.992111,162.109138,-44.678812,153.831177,175.546812,-60.188922,116.082779,190.284605,-9.324772,128.211792,0.00,0.00,0.00,0.00,0.00,0.00,0.00,0.00,0.00,0.00,0.00,0.00
397.117058,165.953831,-39.778485,153.911072,176.257812,-57.758159,115.689423,194.979405,-6.260751,127.38459,0.00,0.00,0.00,0.00,0.00,0.00,0.00,0.00,0.00,0.00,0.00,0.00
397.242153,168.920851,-37.250793,153.76889,175.881889,-55.989571,116.569267,195.945335,-6.084254,127.085899,0.00,0.00,0.00,0.00,0.00,0.00,0.00,0.00,0.00,0.00,0.00,0.00
397.366974,170.283647,-37.550231,153.247711,173.566708,-55.973729,117.082047,192.305946,-11.451428,130.03064,0.00,0.00,0.00,0.00,0.00,0.00,0.00,0.00,0.00,0.00,0.00,0.00
397.492487,168.318722,-40.37898,153.103302,168.501063,-58.058045,118.439568,187.373663,-22.680033,132.458862,0.00,0.00,0.00,0.00,0.00,0.00,0.00,0.00,0.00,0.00,0.00,0.00
397.617445,163.58939,-44.42325,153.579971,159.797243,-61.631114,119.530846,182.790723,-36.204217,132.088821,0.00,0.00,0.00,0.00,0.00,0.00,0.00,0.00,0.00,0.00,0.00,0.00
397.742183,156.321641,-48.477002,154.014542,147.926706,-64.146239,119.976387,175.746386,-49.138486,129.485779,0.00,0.00,0.00,0.00,0.00,0.00,0.00,0.00,0.00,0.00,0.00,0.00
397.866932,147.488047,-51.091181,154.416168,134.308893,-63.736981,120.39399,165.952852,-58.714396,126.928604,0.00,0.00,0.00,0.00,0.00,0.00,0.00,0.00,0.00,0.00,0.00,0.00
397.992073,139.407916,-51.787925,153.982117,122.94036,-60.987071,119.758286,156.090304,-64.027075,125.884537,0.00,0.00,0.00,0.00,0.00,0.00,0.00,0.00,0.00,0.00,0.00,0.00
398.11679,132.637372,-52.21708,154.152222,116.185327,-58.041602,119.999817,147.81848,-67.514591,125.24437,0.00,0.00,0.00,0.00,0.00,0.00,0.00,0.00,0.00,0.00,0.00,0.00
398.241898,127.096311,-52.992831,153.88649,112.366884,-55.494113,119.645538,140.398916,-71.216516,123.403038,0.00,0.00,0.00,0.00,0.00,0.00,0.00,0.00,0.00,0.00,0.00,0.00
398.366406,122.811206,-54.457978,153.174759,108.926587,-53.59241,117.990494,132.921631,-74.536227,122.495506,0.00,0.00,0.00,0.00,0.00,0.00,0.00,0.00,0.00,0.00,0.00,0.00
398.491785,119.058024,-56.683373,152.836456,104.997717,-52.176454,116.638649,124.696226,-77.261599,121.985611,0.00,0.00,0.00,0.00,0.00,0.00,0.00,0.00,0.00,0.00,0.00,0.00
398.616441,114.525347,-58.980428,152.49173,101.647564,-51.317142,116.157463,116.226907,-78.70157,121.046875,0.00,0.00,0.00,0.00,0.00,0.00,0.00,0.00,0.00,0.00,0.00,0.00
398.741844,108.856283,-60.150707,152.443878,98.535985,-50.242777,115.096024,107.751074,-78.021678,120.329285,0.00,0.00,0.00,0.00,0.00,0.00,0.00,0.00,0.00,0.00,0.00,0.00
398.866934,101.967947,-60.17605,152.367355,93.187132,-47.391528,113.580132,98.509013,-76.439485,119.475807,0.00,0.00,0.00,0.00,0.00,0.00,0.00,0.00,0.00,0.00,0.00,0.00
398.991682,94.150285,-58.821038,151.604858,84.537786,-44.147672,112.301994,88.431371,-74.713445,119.383476,0.00,0.00,0.00,0.00,0.00,0.00,0.00,0.00,0.00,0.00,0.00,0.00
399.116689,84.804187,-56.419061,152.374023,73.816322,-41.433818,113.931915,77.318146,-72.851885,119.779251,0.00,0.00,0.00,0.00,0.00,0.00,0.00,0.00,0.00,0.00,0.00,0.00
399.242145,75.172199,-54.846468,153.369476,63.540382,-39.415102,116.926933,67.137456,-70.600923,120.823837,0.00,0.00,0.00,0.00,0.00,0.00,0.00,0.00,0.00,0.00,0.00,0.00399.366671,66.260684,-54.044164,154.208069,54.062091,-39.511881,117.93026,59.412389,-69.957807,120.691765,0.00,0.00,0.00,0.00,0.00,0.00,0.00,0.00,0.00,0.00,0.00,0.00
399.491898,57.448201,-53.988925,154.473022,45.586634,-41.677265,117.951035,51.818281,-71.77764,119.004425,0.00,0.00,0.00,0.00,0.00,0.00,0.00,0.00,0.00,0.00,0.00,0.00
399.616665,48.271756,-55.48488,153.693665,36.006557,-44.620116,117.109642,43.264784,-74.961364,117.50058,0.00,0.00,0.00,0.00,0.00,0.00,0.00,0.00,0.00,0.00,0.00,0.00
399.741589,38.803433,-58.745566,153.078705,24.85345,-47.603414,116.408302,34.236197,-79.495597,116.578354,0.00,0.00,0.00,0.00,0.00,0.00,0.00,0.00,0.00,0.00,0.00,0.00
399.866612,29.343619,-62.121793,153.330414,14.724673,-50.686583,118.686165,25.660273,-83.26584,117.943169,0.00,0.00,0.00,0.00,0.00,0.00,0.00,0.00,0.00,0.00,0.00,0.00
399.991755,20.413316,-64.924441,153.469055,6.069478,-53.584312,119.074425,17.440591,-86.047027,118.678711,0.00,0.00,0.00,0.00,0.00,0.00,0.00,0.00,0.00,0.00,0.00,0.00
400.116504,11.434146,-68.168102,152.77887,-2.22848,-56.647695,118.352493,9.211246,-88.62518,118.411957,0.00,0.00,0.00,0.00,0.00,0.00,0.00,0.00,0.00,0.00,0.00,0.00
400.241648,2.932363,-71.392554,150.906509,-11.963529,-60.563873,117.069008,1.43672,-91.566433,117.335365,0.00,0.00,0.00,0.00,0.00,0.00,0.00,0.00,0.00,0.00,0.00,0.00
400.366146,-5.739338,-74.607133,151.051956,-21.869384,-65.322392,118.953659,-4.719072,-93.84667,117.139221,0.00,0.00,0.00,0.00,0.00,0.00,0.00,0.00,0.00,0.00,0.00,0.00
400.490991,-13.707524,-78.14681,150.729645,-30.219652,-71.3213,118.817162,-9.819461,-96.636767,115.801857,0.00,0.00,0.00,0.00,0.00,0.00,0.00,0.00,0.00,0.00,0.00,0.00
400.615395,-21.084858,-82.968148,150.759766,-36.404557,-78.208166,118.714592,-13.920686,-102.101157,115.57251,0.00,0.00,0.00,0.00,0.00,0.00,0.00,0.00,0.00,0.00,0.00,0.00
400.740759,-28.072275,-89.696546,150.060898,-42.834649,-86.444844,116.646484,-18.722744,-110.729911,115.267624,0.00,0.00,0.00,0.00,0.00,0.00,0.00,0.00,0.00,0.00,0.00,0.00
400.865655,-34.879948,-97.854443,149.601883,-50.031437,-95.204499,114.983818,-26.378636,-121.149921,114.696121,0.00,0.00,0.00,0.00,0.00,0.00,0.00,0.00,0.00,0.00,0.00,0.00
400.991235,-41.813136,-105.931252,151.215271,-56.32807,-102.545018,116.119339,-36.884506,-128.420152,117.601273,0.00,0.00,0.00,0.00,0.00,0.00,0.00,0.00,0.00,0.00,0.00,0.00
401.116394,-48.28128,-111.958892,152.25415,-61.415389,-105.405832,117.501106,-48.68543,-130.975135,118.684174,0.00,0.00,0.00,0.00,0.00,0.00,0.00,0.00,0.00,0.00,0.00,0.00
401.241017,-54.620504,-116.409772,153.03093,-67.297968,-105.24107,116.990044,-59.855854,-130.057332,119.355186,0.00,0.00,0.00,0.00,0.00,0.00,0.00,0.00,0.00,0.00,0.00,0.00
401.366158,-61.45005,-119.488787,152.933426,-73.919498,-104.717472,115.639984,-71.125665,-128.888617,119.631752,0.00,0.00,0.00,0.00,0.00,0.00,0.00,0.00,0.00,0.00,0.00,0.00
401.491042,-68.827352,-121.11682,152.845978,-82.169749,-105.585569,113.906563,-82.674806,-126.986973,121.341965,0.00,0.00,0.00,0.00,0.00,0.00,0.00,0.00,0.00,0.00,0.00,0.00
401.615691,-75.419312,-122.462286,153.184845,-88.829895,-107.806202,116.554092,-91.223654,-125.624279,122.848724,0.00,0.00,0.00,0.00,0.00,0.00,0.00,0.00,0.00,0.00,0.00,0.00
401.740792,-80.918918,-123.209439,154.421707,-90.619437,-108.562963,119.199265,-98.100663,-123.62166,123.225334,0.00,0.00,0.00,0.00,0.00,0.00,0.00,0.00,0.00,0.00,0.00,0.00
401.865609,-86.509964,-123.057436,155.109863,-91.74108,-106.786196,118.256744,-107.054885,-118.491312,124.264847,0.00,0.00,0.00,0.00,0.00,0.00,0.00,0.00,0.00,0.00,0.00,0.00
401.990637,-92.536436,-122.573191,155.188568,-92.270936,-105.339024,116.779755,-118.024777,-111.099509,128.135056,0.00,0.00,0.00,0.00,0.00,0.00,0.00,0.00,0.00,0.00,0.00,0.00
402.11549,-99.03466,-122.053416,155.093964,-93.428398,-105.337635,115.209541,-130.148768,-101.370969,132.505798,0.00,0.00,0.00,0.00,0.00,0.00,0.00,0.00,0.00,0.00,0.00,0.00
402.240451,-105.226582,-121.487774,155.501572,-95.727135,-106.507935,114.557175,-140.735897,-92.513102,134.945389,0.00,0.00,0.00,0.00,0.00,0.00,0.00,0.00,0.00,0.00,0.00,0.00
402.364901,-109.772277,-121.40548,155.651276,-98.066797,-108.146082,114.613846,-147.593239,-87.504888,134.665649,0.00,0.00,0.00,0.00,0.00,0.00,0.00,0.00,0.00,0.00,0.00,0.00
402.490075,-112.919442,-121.576648,155.806549,-98.89556,-109.497291,114.923965,-150.162047,-85.313496,133.478043,0.00,0.00,0.00,0.00,0.00,0.00,0.00,0.00,0.00,0.00,0.00,0.00
402.614963,-115.25325,-121.736524,155.69136,-99.713418,-109.406453,114.676376,-150.414888,-84.495584,132.893906,0.00,0.00,0.00,0.00,0.00,0.00,0.00,0.00,0.00,0.00,0.00,0.00
402.740151,-116.459347,-122.042662,155.396027,-101.41683,-108.898266,115.099167,-147.969375,-85.721186,131.992935,0.00,0.00,0.00,0.00,0.00,0.00,0.00,0.00,0.00,0.00,0.00,0.00
402.865042,-116.002656,-122.493362,155.519516,-102.964655,-108.091999,115.775299,-142.076883,-90.367187,130.723389,0.00,0.00,0.00,0.00,0.00,0.00,0.00,0.00,0.00,0.00,0.00,0.00
402.99019,-113.894862,-122.517966,155.863266,-102.934119,-106.844576,116.229988,-133.276828,-99.408089,129.423447,0.00,0.00,0.00,0.00,0.00,0.00,0.00,0.00,0.00,0.00,0.00,0.00
403.115187,-110.196216,-122.154446,155.811722,-101.647283,-105.294433,115.999481,-124.669466,-110.234846,127.700378,0.00,0.00,0.00,0.00,0.00,0.00,0.00,0.00,0.00,0.00,0.00,0.00
403.240628,-104.887856,-122.071032,154.636047,-99.25304,-104.160651,115.791656,-117.028213,-120.395804,124.665924,0.00,0.00,0.00,0.00,0.00,0.00,0.00,0.00,0.00,0.00,0.00,0.00
403.365372,-98.261362,-123.194014,152.70813,-96.576003,-104.029006,114.588943,-107.649251,-127.93448,123.539642,0.00,0.00,0.00,0.00,0.00,0.00,0.00,0.00,0.00,0.00,0.00,0.00
403.490265,-91.196888,-125.87125,152.293365,-94.523328,-106.099611,115.094391,-95.537454,-132.61816,124.634377,0.00,0.00,0.00,0.00,0.00,0.00,0.00,0.00,0.00,0.00,0.00,0.00
403.615255,-84.338399,-129.208846,153.096039,-94.122828,-111.933015,115.268791,-85.707537,-135.635547,126.064041,0.00,0.00,0.00,0.00,0.00,0.00,0.00,0.00,0.00,0.00,0.00,0.00
403.740201,-77.363104,-132.630064,153.677109,-92.451246,-121.706676,114.785339,-77.338534,-139.339343,127.380814,0.00,0.00,0.00,0.00,0.00,0.00,0.00,0.00,0.00,0.00,0.00,0.00
403.865304,-71.301949,-136.302776,154.477692,-86.358243,-130.362743,114.804123,-68.457161,-143.736039,127.482391,0.00,0.00,0.00,0.00,0.00,0.00,0.00,0.00,0.00,0.00,0.00,0.00
403.990312,-65.786316,-141.359679,154.532211,-80.379741,-140.072594,114.352074,-60.578438,-149.317599,126.497032,0.00,0.00,0.00,0.00,0.00,0.00,0.00,0.00,0.00,0.00,0.00,0.00
404.115463,-60.648562,-147.754679,154.293671,-74.333625,-151.984174,115.101501,-53.164858,-156.165584,125.094795,0.00,0.00,0.00,0.00,0.00,0.00,0.00,0.00,0.00,0.00,0.00,0.00
404.240639,-55.408036,-155.262111,153.994614,-68.204536,-163.104223,116.705132,-45.658124,-165.62814,123.290123,0.00,0.00,0.00,0.00,0.00,0.00,0.00,0.00,0.00,0.00,0.00,0.00
404.365386,-51.473938,-162.80833,154.003418,-63.510237,-171.109372,117.666412,-41.763114,-175.364908,121.037651,0.00,0.00,0.00,0.00,0.00,0.00,0.00,0.00,0.00,0.00,0.00,0.00
404.490705,-49.472713,-170.246575,154.051346,-62.386029,-177.399412,117.436195,-41.673722,-183.639806,118.984268,0.00,0.00,0.00,0.00,0.00,0.00,0.00,0.00,0.00,0.00,0.00,0.00
404.615214,-49.325333,-178.041448,153.550369,-64.988116,-184.989692,116.609718,-43.492846,-192.709063,117.413033,0.00,0.00,0.00,0.00,0.00,0.00,0.00,0.00,0.00,0.00,0.00,0.00
404.740377,-51.005956,-186.241421,152.378601,-69.098963,-193.909868,115.769722,-46.26366,-202.507209,117.207947,0.00,0.00,0.00,0.00,0.00,0.00,0.00,0.00,0.00,0.00,0.00,0.00
404.865196,-54.03821,-194.771506,152.580093,-71.942761,-204.713483,115.896202,-49.337133,-212.510872,118.406654,0.00,0.00,0.00,0.00,0.00,0.00,0.00,0.00,0.00,0.00,0.00,0.00
404.990327,-56.849691,-203.276355,153.326111,-72.706428,-213.81363,118.632576,-51.5161,-221.140831,120.345291,0.00,0.00,0.00,0.00,0.00,0.00,0.00,0.00,0.00,0.00,0.00,0.00
405.115167,-59.077209,-211.154498,153.726364,-72.493783,-221.309878,120.095871,-53.068835,-229.399856,121.301361,0.00,0.00,0.00,0.00,0.00,0.00,0.00,0.00,0.00,0.00,0.00,0.00
405.239944,-60.675878,-218.853813,153.548309,-73.036663,-227.856684,119.302605,-54.978001,-238.606595,123.276733,0.00,0.00,0.00,0.00,0.00,0.00,0.00,0.00,0.00,0.00,0.00,0.00
405.364827,-61.352042,-225.581839,152.966156,-74.572359,-234.009449,118.053612,-57.721773,-247.894335,126.300827,0.00,0.00,0.00,0.00,0.00,0.00,0.00,0.00,0.00,0.00,0.00,0.00
405.488963,-62.008835,-231.562114,153.020798,-75.89049,-238.664148,117.969803,-62.442755,-256.596597,130.025482,0.00,0.00,0.00,0.00,0.00,0.00,0.00,0.00,0.00,0.00,0.00,0.00
405.613511,-63.118664,-236.088406,153.595703,-76.95082,-241.840773,118.157051,-68.148871,-264.537491,132.44693,0.00,0.00,0.00,0.00,0.00,0.00,0.00,0.00,0.00,0.00,0.00,0.00
405.73838,-64.476766,-238.825913,153.817932,-78.404086,-244.586207,118.149712,-71.975001,-271.666754,132.158401,0.00,0.00,0.00,0.00,0.00,0.00,0.00,0.00,0.00,0.00,0.00,0.00
405.86372,-65.965506,-240.076499,153.937119,-80.235902,-247.035667,118.885979,-73.025139,-275.80069,130.446304,0.00,0.00,0.00,0.00,0.00,0.00,0.00,0.00,0.00,0.00,0.00,0.00
405.989023,-67.255362,-241.049227,154.099625,-81.318915,-249.310674,119.37281,-72.388696,-276.009845,130.036713,0.00,0.00,0.00,0.00,0.00,0.00,0.00,0.00,0.00,0.00,0.00,0.00
406.114204,-67.289322,-241.937504,153.908447,-80.115898,-251.948344,118.303001,-70.148049,-271.322676,130.90538,0.00,0.00,0.00,0.00,0.00,0.00,0.00,0.00,0.00,0.00,0.00,0.00
406.239272,-65.601029,-242.220507,153.785431,-76.462476,-254.797479,116.97937,-65.388226,-263.008245,130.312027,0.00,0.00,0.00,0.00,0.00,0.00,0.00,0.00,0.00,0.00,0.00,0.00
406.364065,-62.996588,-241.536564,153.672928,-70.526807,-257.158917,116.388489,-57.955377,-254.159874,128.164673,0.00,0.00,0.00,0.00,0.00,0.00,0.00,0.00,0.00,0.00,0.00,0.00
406.489485,-59.189964,-240.911327,153.821106,-62.66554,-257.501028,116.986755,-49.347784,-245.857226,127.449181,0.00,0.00,0.00,0.00,0.00,0.00,0.00,0.00,0.00,0.00,0.00,0.00
406.614603,-53.865026,-240.280881,153.588074,-53.622854,-256.63856,117.471024,-40.341525,-237.667268,126.697647,0.00,0.00,0.00,0.00,0.00,0.00,0.00,0.00,0.00,0.00,0.00,0.00
406.739523,-46.719444,-239.085665,152.918091,-43.407679,-255.305543,117.308578,-32.459123,-230.267177,124.282944,0.00,0.00,0.00,0.00,0.00,0.00,0.00,0.00,0.00,0.00,0.00,0.00
406.864422,-38.34192,-237.342942,152.521927,-32.253211,-253.901663,116.85836,-24.953982,-224.9201,121.488701,0.00,0.00,0.00,0.00,0.00,0.00,0.00,0.00,0.00,0.00,0.00,0.00
406.989744,-29.770239,-235.704288,153.01712,-21.949871,-252.578479,117.57798,-17.421976,-223.028879,120.943001,0.00,0.00,0.00,0.00,0.00,0.00,0.00,0.00,0.00,0.00,0.00,0.00
407.114299,-21.111301,-234.979081,153.743271,-12.431014,-252.029642,117.49102,-10.036921,-223.336243,121.202278,0.00,0.00,0.00,0.00,0.00,0.00,0.00,0.00,0.00,0.00,0.00,0.00
407.239683,-12.344828,-235.200995,153.693207,-3.744482,-252.485357,115.899704,-2.972623,-225.113493,119.606827,0.00,0.00,0.00,0.00,0.00,0.00,0.00,0.00,0.00,0.00,0.00,0.00
407.36456,-3.350243,-236.642946,153.165253,6.061582,-254.655959,113.976524,5.413865,-227.851071,117.012047,0.00,0.00,0.00,0.00,0.00,0.00,0.00,0.00,0.00,0.00,0.00,0.00
407.4894,5.572829,-239.556796,152.342087,17.483717,-257.345581,113.138107,15.511442,-229.988472,116.31237,0.00,0.00,0.00,0.00,0.00,0.00,0.00,0.00,0.00,0.00,0.00,0.00
407.614474,14.977321,-242.100196,154.070496,29.709958,-259.319591,116.150139,26.698891,-232.085926,119.092964,0.00,0.00,0.00,0.00,0.00,0.00,0.00,0.00,0.00,0.00,0.00,0.00
407.739439,24.361092,-243.183372,155.10762,40.663102,-258.260154,118.374992,35.239833,-233.318794,120.152069,0.00,0.00,0.00,0.00,0.00,0.00,0.00,0.00,0.00,0.00,0.00,0.00
407.864217,33.501769,-242.965965,155.462723,49.51729,-254.852386,119.504021,42.214355,-232.559768,119.025108,0.00,0.00,0.00,0.00,0.00,0.00,0.00,0.00,0.00,0.00,0.00,0.00
407.989624,42.975658,-241.292197,154.478165,58.484727,-251.027259,118.073059,50.48731,-228.690523,116.490677,0.00,0.00,0.00,0.00,0.00,0.00,0.00,0.00,0.00,0.00,0.00,0.00
408.114494,52.73459,-237.529789,153.237076,69.160803,-247.037476,116.033768,60.170163,-222.699833,114.883804,0.00,0.00,0.00,0.00,0.00,0.00,0.00,0.00,0.00,0.00,0.00,0.00
408.23951,62.72764,-232.726283,153.944229,79.855871,-242.709836,117.798706,70.529406,-217.066125,115.775391,0.00,0.00,0.00,0.00,0.00,0.00,0.00,0.00,0.00,0.00,0.00,0.00
408.364091,72.352741,-228.434574,154.850098,89.920365,-238.102284,119.602226,80.387868,-213.031352,117.143593,0.00,0.00,0.00,0.00,0.00,0.00,0.00,0.00,0.00,0.00,0.00,0.00
408.488919,81.649752,-224.212383,155.406158,98.820428,-233.249724,119.463982,89.600882,-209.295656,117.503021,0.00,0.00,0.00,0.00,0.00,0.00,0.00,0.00,0.00,0.00,0.00,0.00
408.614265,91.021893,-219.742537,154.756851,108.631534,-227.557735,117.182472,99.791799,-203.893453,116.953613,0.00,0.00,0.00,0.00,0.00,0.00,0.00,0.00,0.00,0.00,0.00,0.00
408.739282,100.417643,-216.238941,153.335205,119.146001,-221.50194,116.29567,110.317461,-198.496855,116.54837,0.00,0.00,0.00,0.00,0.00,0.00,0.00,0.00,0.00,0.00,0.00,0.00
408.863936,109.780902,-212.892252,154.172379,129.004534,-215.721473,119.112984,120.874222,-193.146096,118.125534,0.00,0.00,0.00,0.00,0.00,0.00,0.00,0.00,0.00,0.00,0.00,0.00
408.988828,117.862288,-208.636637,155.12059,137.025741,-210.413869,120.987007,129.670267,-186.933198,120.762421,0.00,0.00,0.00,0.00,0.00,0.00,0.00,0.00,0.00,0.00,0.00,0.00
409.114279,125.054451,-203.633109,155.167862,142.98791,-205.461294,121.447159,137.640657,-179.148987,123.322762,0.00,0.00,0.00,0.00,0.00,0.00,0.00,0.00,0.00,0.00,0.00,0.00
409.23845,131.807119,-197.56106,154.077637,148.801396,-200.456971,119.957756,147.45567,-170.20744,125.454834,0.00,0.00,0.00,0.00,0.00,0.00,0.00,0.00,0.00,0.00,0.00,0.00
409.363531,137.745941,-190.319594,152.512695,154.9434,-195.444714,118.029488,159.505802,-161.668977,127.652809,0.00,0.00,0.00,0.00,0.00,0.00,0.00,0.00,0.00,0.00,0.00,0.00
409.488532,143.3793,-182.698096,153.691406,159.541265,-190.218469,118.133331,172.521173,-155.798637,130.028931,0.00,0.00,0.00,0.00,0.00,0.00,0.00,0.00,0.00,0.00,0.00,0.00
409.613553,148.16297,-176.685564,154.66861,161.212475,-186.693116,118.996048,183.497863,-152.008599,131.865097,0.00,0.00,0.00,0.00,0.00,0.00,0.00,0.00,0.00,0.00,0.00,0.00
409.73842,151.970948,-172.637251,155.05188,163.013638,-185.289246,119.284248,191.487139,-150.187821,131.356995,0.00,0.00,0.00,0.00,0.00,0.00,0.00,0.00,0.00,0.00,0.00,0.00
409.863019,154.194262,-170.530147,154.737198,165.023843,-185.202875,119.078133,195.973809,-149.366873,130.349625,0.00,0.00,0.00,0.00,0.00,0.00,0.00,0.00,0.00,0.00,0.00,0.00
409.988297,155.59801,-170.278913,155.185669,165.572852,-186.992763,120.255302,197.916589,-149.618609,130.419266,0.00,0.00,0.00,0.00,0.00,0.00,0.00,0.00,0.00,0.00,0.00,0.00
410.113457,157.108224,-171.181606,155.443802,166.090107,-188.933954,119.521095,197.114219,-150.778133,131.175446,0.00,0.00,0.00,0.00,0.00,0.00,0.00,0.00,0.00,0.00,0.00,0.00
410.238381,158.924806,-173.288177,155.555542,165.022368,-190.719676,119.14798,187.50132,-158.190139,132.499878,0.00,0.00,0.00,0.00,0.00,0.00,0.00,0.00,0.00,0.00,0.00,0.00
410.363265,159.636161,-176.45984,155.172455,162.378964,-192.206723,119.479683,177.045076,-167.77379,128.592789,0.00,0.00,0.00,0.00,0.00,0.00,0.00,0.00,0.00,0.00,0.00,0.00
410.488694,158.327559,-178.935443,154.795044,157.116028,-192.527186,118.865669,171.749355,-175.560086,125.337959,0.00,0.00,0.00,0.00,0.00,0.00,0.00,0.00,0.00,0.00,0.00,0.00
410.613992,156.098851,-180.012619,154.095047,149.938897,-191.57402,117.303955,167.816891,-180.461332,124.427917,0.00,0.00,0.00,0.00,0.00,0.00,0.00,0.00,0.00,0.00,0.00,0.00
410.73956,153.187212,-181.129257,153.987701,142.468783,-189.217539,116.604523,163.309459,-184.681948,123.099968,0.00,0.00,0.00,0.00,0.00,0.00,0.00,0.00,0.00,0.00,0.00,0.00
410.864323,148.632418,-182.900232,153.886765,134.664557,-188.078277,116.523659,156.069469,-188.517294,121.855881,0.00,0.00,0.00,0.00,0.00,0.00,0.00,0.00,0.00,0.00,0.00,0.00
410.988753,143.088385,-184.981717,153.500977,127.884898,-188.720227,116.202774,148.522991,-192.679212,120.126366,0.00,0.00,0.00,0.00,0.00,0.00,0.00,0.00,0.00,0.00,0.00,0.00
411.113591,137.020437,-187.690427,153.237396,121.728534,-191.225653,115.8862,141.49694,-199.010282,119.351913,0.00,0.00,0.00,0.00,0.00,0.00,0.00,0.00,0.00,0.00,0.00,0.00
411.23833,130.875048,-191.615763,153.765656,114.884045,-195.611181,117.221306,134.767957,-205.969509,120.429039,0.00,0.00,0.00,0.00,0.00,0.00,0.00,0.00,0.00,0.00,0.00,0.00
411.363318,124.946992,-196.817241,154.266403,108.561268,-201.422728,118.036102,129.477338,-212.375633,120.365211,0.00,0.00,0.00,0.00,0.00,0.00,0.00,0.00,0.00,0.00,0.00,0.00
411.488343,119.635414,-203.511609,154.712936,104.859151,-207.745856,118.202766,125.238871,-217.870921,118.542458,0.00,0.00,0.00,0.00,0.00,0.00,0.00,0.00,0.00,0.00,0.00,0.00
411.613491,115.169383,-210.84565,154.04808,102.182032,-214.592771,116.490959,122.035935,-224.560301,116.706192,0.00,0.00,0.00,0.00,0.00,0.00,0.00,0.00,0.00,0.00,0.00,0.00
411.738405,111.917638,-218.024572,153.039429,98.443578,-221.784428,115.493408,117.237089,-232.392367,115.419731,0.00,0.00,0.00,0.00,0.00,0.00,0.00,0.00,0.00,0.00,0.00,0.00
411.862791,108.102797,-225.078114,153.994614,94.572372,-227.265625,117.264809,109.987197,-237.837993,117.300323,0.00,0.00,0.00,0.00,0.00,0.00,0.00,0.00,0.00,0.00,0.00,0.00
411.987235,102.78811,-230.586582,154.666443,89.410825,-229.450872,117.974998,102.171791,-241.234744,118.811501,0.00,0.00,0.00,0.00,0.00,0.00,0.00,0.00,0.00,0.00,0.00,0.00
412.112639,95.815108,-234.659006,154.289764,82.37439,-229.897634,116.737198,92.759473,-244.153102,118.323311,0.00,0.00,0.00,0.00,0.00,0.00,0.00,0.00,0.00,0.00,0.00,0.00
412.237573,87.253728,-236.916957,153.079636,73.076834,-229.784172,114.497231,81.836084,-245.985724,117.854485,0.00,0.00,0.00,0.00,0.00,0.00,0.00,0.00,0.00,0.00,0.00,0.00
412.36299,77.688752,-237.805835,153.086349,62.103507,-230.380177,114.647079,70.477168,-246.984194,118.41848,0.00,0.00,0.00,0.00,0.00,0.00,0.00,0.00,0.00,0.00,0.00,0.00
412.488128,68.2839,-238.854073,153.848099,51.835433,-231.921948,117.097183,60.540346,-248.210367,120.248817,0.00,0.00,0.00,0.00,0.00,0.00,0.00,0.00,0.00,0.00,0.00,0.00
412.61271,59.425317,-240.505582,154.348434,44.154307,-234.998778,119.355026,52.758975,-250.116184,121.416267,0.00,0.00,0.00,0.00,0.00,0.00,0.00,0.00,0.00,0.00,0.00,0.00
412.737111,50.788733,-242.422424,154.085419,37.23073,-238.389043,119.223724,45.20293,-253.331453,121.179367,0.00,0.00,0.00,0.00,0.00,0.00,0.00,0.00,0.00,0.00,0.00,0.00
412.862636,42.309049,-244.861684,152.927902,29.022209,-241.032225,117.73616,37.049644,-257.446132,121.286705,0.00,0.00,0.00,0.00,0.00,0.00,0.00,0.00,0.00,0.00,0.00,0.00
412.98748,34.246993,-247.756944,152.525238,19.261441,-242.969617,117.117165,28.270021,-260.744142,122.206429,0.00,0.00,0.00,0.00,0.00,0.00,0.00,0.00,0.00,0.00,0.00,0.00
413.112692,26.584229,-250.114712,152.810501,11.451208,-244.557749,118.68943,20.172115,-261.912811,124.536835,0.00,0.00,0.00,0.00,0.00,0.00,0.00,0.00,0.00,0.00,0.00,0.00
413.237382,19.806719,-251.60271,153.016495,4.793526,-246.623664,118.433189,13.351765,-263.099489,127.510239,0.00,0.00,0.00,0.00,0.00,0.00,0.00,0.00,0.00,0.00,0.00,0.00
413.362345,13.865155,-252.495928,152.959732,-1.320285,-249.082125,117.224144,7.558449,-266.23745,130.14093,0.00,0.00,0.00,0.00,0.00,0.00,0.00,0.00,0.00,0.00,0.00,0.00
413.486575,8.596334,-252.170763,152.246231,-7.998971,-250.826297,117.27475,3.177607,-269.532731,132.128952,0.00,0.00,0.00,0.00,0.00,0.00,0.00,0.00,0.00,0.00,0.00,0.00
413.611368,3.360756,-250.904161,152.513184,-14.542296,-251.445971,118.735336,0.136801,-273.403974,132.568832,0.00,0.00,0.00,0.00,0.00,0.00,0.00,0.00,0.00,0.00,0.00,0.00
413.73615,-1.182204,-249.356087,152.564423,-19.766362,-251.704292,118.63636,-1.387499,-275.89015,131.283661,0.00,0.00,0.00,0.00,0.00,0.00,0.00,0.00,0.00,0.00,0.00,0.00
413.861328,-4.367567,-247.982109,152.556595,-22.182083,-252.076746,117.657959,-1.444478,-276.318219,130.733612,0.00,0.00,0.00,0.00,0.00,0.00,0.00,0.00,0.00,0.00,0.00,0.00
413.986192,-6.115363,-246.795777,152.460831,-22.232315,-253.333754,117.060425,-0.52348,-273.610247,130.838165,0.00,0.00,0.00,0.00,0.00,0.00,0.00,0.00,0.00,0.00,0.00,0.00
414.11147,-6.19545,-246.227944,152.995468,-19.833567,-255.51241,117.643829,2.293298,-263.454312,131.239243,0.00,0.00,0.00,0.00,0.00,0.00,0.00,0.00,0.00,0.00,0.00,0.00
414.236514,-4.308185,-246.083513,153.258377,-14.824833,-258.212167,117.295052,7.141112,-253.382277,130.394485,0.00,0.00,0.00,0.00,0.00,0.00,0.00,0.00,0.00,0.00,0.00,0.00
414.361878,0.156705,-245.448605,153.31842,-8.407937,-259.901382,117.313263,12.939191,-247.32779,127.824493,0.00,0.00,0.00,0.00,0.00,0.00,0.00,0.00,0.00,0.00,0.00,0.00
414.487209,6.486984,-243.62393,153.168747,-0.276788,-260.482947,117.460571,20.148277,-242.46464,124.224159,0.00,0.00,0.00,0.00,0.00,0.00,0.00,0.00,0.00,0.00,0.00,0.00
414.612299,14.173051,-241.411673,152.841583,10.041942,-260.421356,117.754936,27.954872,-238.041191,121.563843,0.00,0.00,0.00,0.00,0.00,0.00,0.00,0.00,0.00,0.00,0.00,0.00
414.736888,21.894165,-238.683331,152.205627,21.687756,-259.892491,118.223953,36.194476,-233.821352,120.18676,0.00,0.00,0.00,0.00,0.00,0.00,0.00,0.00,0.00,0.00,0.00,0.00
414.861813,29.685977,-236.204044,151.491364,33.547208,-258.286263,118.700043,44.662442,-230.731921,118.500313,0.00,0.00,0.00,0.00,0.00,0.00,0.00,0.00,0.00,0.00,0.00,0.00
414.986452,37.292416,-234.32569,151.703491,43.959887,-255.787031,119.186462,50.992102,-233.26591,115.75885,0.00,0.00,0.00,0.00,0.00,0.00,0.00,0.00,0.00,0.00,0.00,0.00
415.111991,45.109349,-233.043194,151.945465,52.549239,-254.373095,118.553581,55.942943,-234.482769,115.209183,0.00,0.00,0.00,0.00,0.00,0.00,0.00,0.00,0.00,0.00,0.00,0.00
415.237082,53.443609,-232.14757,151.658569,61.959726,-254.065815,116.822258,62.842481,-232.82645,113.619598,0.00,0.00,0.00,0.00,0.00,0.00,0.00,0.00,0.00,0.00,0.00,0.00
415.362066,62.181247,-232.052913,150.741821,72.94876,-253.521875,114.535812,70.611368,-229.469651,111.084579,0.00,0.00,0.00,0.00,0.00,0.00,0.00,0.00,0.00,0.00,0.00,0.00
415.486807,71.176124,-232.504679,150.541229,85.752758,-251.266565,113.733231,78.584824,-224.92744,110.053459,0.00,0.00,0.00,0.00,0.00,0.00,0.00,0.00,0.00,0.00,0.00,0.00
415.611948,80.01475,-231.385681,151.834488,97.468633,-246.279073,115.405426,84.885406,-220.400732,110.141281,0.00,0.00,0.00,0.00,0.00,0.00,0.00,0.00,0.00,0.00,0.00,0.00
415.736766,87.149637,-227.952319,152.603012,105.649836,-236.93264,116.386162,87.520747,-216.224614,110.077461,0.00,0.00,0.00,0.00,0.00,0.00,0.00,0.00,0.00,0.00,0.00,0.00
415.861477,92.940729,-222.300858,152.699677,107.94627,-224.758119,115.640869,88.040602,-209.893502,108.1045,0.00,0.00,0.00,0.00,0.00,0.00,0.00,0.00,0.00,0.00,0.00,0.00
415.986605,97.595438,-214.425516,151.833176,108.519281,-212.556115,113.858055,88.323834,-200.773143,106.02655,0.00,0.00,0.00,0.00,0.00,0.00,0.00,0.00,0.00,0.00,0.00,0.00
416.111912,101.157678,-204.479021,152.249023,111.542525,-200.510908,114.657104,89.695271,-189.672087,105.210266,0.00,0.00,0.00,0.00,0.00,0.00,0.00,0.00,0.00,0.00,0.00,0.00
416.236547,104.235589,-194.874037,152.995483,116.906111,-190.31188,116.973473,93.931358,-179.05216,107.619881,0.00,0.00,0.00,0.00,0.00,0.00,0.00,0.00,0.00,0.00,0.00,0.00
416.361358,107.267154,-185.241324,153.161438,122.300203,-180.920849,117.111603,100.148912,-169.457572,110.574196,0.00,0.00,0.00,0.00,0.00,0.00,0.00,0.00,0.00,0.00,0.00,0.00
416.486327,110.174004,-174.725527,152.695724,127.04983,-171.689782,115.248154,105.70494,-159.344902,112.264183,0.00,0.00,0.00,0.00,0.00,0.00,0.00,0.00,0.00,0.00,0.00,0.00
416.611166,113.421331,-163.352139,151.637238,132.204558,-160.958397,113.219154,108.442186,-147.740935,112.194672,0.00,0.00,0.00,0.00,0.00,0.00,0.00,0.00,0.00,0.00,0.00,0.00
416.736033,117.176732,-151.558942,151.796585,136.42019,-146.980676,111.609459,108.666671,-133.654679,110.295486,0.00,0.00,0.00,0.00,0.00,0.00,0.00,0.00,0.00,0.00,0.00,0.00
416.861191,119.606433,-140.679253,153.582916,137.040374,-133.211841,115.99015,107.240602,-123.991813,113.032257,0.00,0.00,0.00,0.00,0.00,0.00,0.00,0.00,0.00,0.00,0.00,0.00
416.985827,121.654352,-130.000097,154.557449,136.475853,-120.305599,119.099762,104.52596,-115.603038,112.012016,0.00,0.00,0.00,0.00,0.00,0.00,0.00,0.00,0.00,0.00,0.00,0.00
417.110895,123.702479,-118.86553,153.582428,137.055322,-108.380175,119.128265,104.437626,-106.129243,107.72374,0.00,0.00,0.00,0.00,0.00,0.00,0.00,0.00,0.00,0.00,0.00,0.00
417.236009,125.442532,-107.233228,152.037094,139.077151,-97.80033,116.58268,108.661548,-93.681034,104.225922,0.00,0.00,0.00,0.00,0.00,0.00,0.00,0.00,0.00,0.00,0.00,0.00
417.361078,127.603144,-95.780163,153.469498,142.68337,-90.098369,116.349937,117.645948,-79.695214,107.174278,0.00,0.00,0.00,0.00,0.00,0.00,0.00,0.00,0.00,0.00,0.00,0.00
417.486113,131.050694,-86.025941,154.00177,147.623532,-84.909915,117.662979,128.052983,-68.286169,111.565483,0.00,0.00,0.00,0.00,0.00,0.00,0.00,0.00,0.00,0.00,0.00,0.00
417.610962,135.471302,-77.967074,153.796875,153.270019,-80.525248,116.813995,138.592507,-58.144404,114.990173,0.00,0.00,0.00,0.00,0.00,0.00,0.00,0.00,0.00,0.00,0.00,0.00
417.735304,141.119468,-71.070814,152.846741,159.302018,-74.997242,113.571594,148.718531,-49.28094,117.268921,0.00,0.00,0.00,0.00,0.00,0.00,0.00,0.00,0.00,0.00,0.00,0.00
417.860205,146.916001,-65.031373,152.879456,165.062269,-68.203915,114.675079,156.871749,-42.653375,119.574989,0.00,0.00,0.00,0.00,0.00,0.00,0.00,0.00,0.00,0.00,0.00,0.00
417.985259,151.439364,-60.043594,152.874603,169.522153,-62.331786,116.895462,163.009423,-34.956382,121.466515,0.00,0.00,0.00,0.00,0.00,0.00,0.00,0.00,0.00,0.00,0.00,0.00
418.110286,155.379886,-55.583668,153.409851,172.107275,-59.63379,118.711792,170.046631,-26.024755,123.647568,0.00,0.00,0.00,0.00,0.00,0.00,0.00,0.00,0.00,0.00,0.00,0.00
418.235151,159.083619,-50.929543,152.968292,175.33677,-59.304507,116.731659,178.649838,-17.085705,125.395706,0.00,0.00,0.00,0.00,0.00,0.00,0.00,0.00,0.00,0.00,0.00,0.00
418.36034,162.914763,-45.592364,153.775955,177.11473,-60.36525,115.033844,187.279818,-10.599684,126.300285,0.00,0.00,0.00,0.00,0.00,0.00,0.00,0.00,0.00,0.00,0.00,0.00
418.485257,166.734564,-40.543417,154.279449,176.861034,-60.536797,114.31366,193.917091,-6.967308,126.104233,0.00,0.00,0.00,0.00,0.00,0.00,0.00,0.00,0.00,0.00,0.00,0.00
418.610492,170.263786,-36.938336,154.179718,176.523318,-58.647799,114.967087,196.528328,-5.905444,125.484108,0.00,0.00,0.00,0.00,0.00,0.00,0.00,0.00,0.00,0.00,0.00,0.00
418.735047,173.322841,-35.74352,154.12883,175.522557,-56.720708,115.437401,195.011963,-8.861433,126.921669,0.00,0.00,0.00,0.00,0.00,0.00,0.00,0.00,0.00,0.00,0.00,0.00
418.861076,174.869889,-37.057415,154.52919,171.84614,-57.534131,116.107384,191.813154,-19.16022,129.63002,0.00,0.00,0.00,0.00,0.00,0.00,0.00,0.00,0.00,0.00,0.00,0.00
418.986077,173.191103,-39.912141,154.599106,165.914989,-59.383666,117.289177,188.353376,-32.280189,129.486938,0.00,0.00,0.00,0.00,0.00,0.00,0.00,0.00,0.00,0.00,0.00,0.00
419.110907,167.731189,-43.421742,155.064972,157.079338,-60.412964,118.895897,181.48655,-43.635837,127.219376,0.00,0.00,0.00,0.00,0.00,0.00,0.00,0.00,0.00,0.00,0.00,0.00
419.235617,159.605415,-46.313628,155.57019,146.428358,-60.543739,119.538818,172.284965,-51.498497,124.256561,0.00,0.00,0.00,0.00,0.00,0.00,0.00,0.00,0.00,0.00,0.00,0.00
419.360581,149.844942,-47.701599,155.36879,133.700811,-57.817591,119.591927,160.438292,-57.081624,121.716545,0.00,0.00,0.00,0.00,0.00,0.00,0.00,0.00,0.00,0.00,0.00,0.00
419.48544,139.79409,-47.634254,155.063873,120.823388,-53.121639,118.871841,147.25538,-59.925857,121.92453,0.00,0.00,0.00,0.00,0.00,0.00,0.00,0.00,0.00,0.00,0.00,0.00
419.610491,130.926521,-46.922125,154.284744,110.876303,-48.698678,117.071579,136.597708,-61.071198,122.503258,0.00,0.00,0.00,0.00,0.00,0.00,0.00,0.00,0.00,0.00,0.00,0.00
419.735094,123.111843,-46.786334,153.957443,105.987951,-46.566691,116.684471,128.368962,-62.405697,121.358368,0.00,0.00,0.00,0.00,0.00,0.00,0.00,0.00,0.00,0.00,0.00,0.00
419.860275,116.330789,-47.242777,153.482147,102.776896,-45.638957,115.834412,121.477327,-64.078004,119.970718,0.00,0.00,0.00,0.00,0.00,0.00,0.00,0.00,0.00,0.00,0.00,0.00
419.987302,110.850696,-49.0476,152.499512,99.002319,-45.271877,114.330994,114.936856,-66.916874,119.487907,0.00,0.00,0.00,0.00,0.00,0.00,0.00,0.00,0.00,0.00,0.00,0.00
420.110138,106.33286,-51.765422,151.889603,94.406097,-45.558588,113.90667,107.604032,-69.548628,118.320038,0.00,0.00,0.00,0.00,0.00,0.00,0.00,0.00,0.00,0.00,0.00,0.00
420.234846,101.348765,-54.088715,152.084167,90.539555,-45.713292,114.798943,99.716775,-69.917762,118.242416,0.00,0.00,0.00,0.00,0.00,0.00,0.00,0.00,0.00,0.00,0.00,0.00
420.359938,95.512174,-55.496872,152.368301,85.783284,-44.748074,113.756226,92.577175,-68.377895,118.762398,0.00,0.00,0.00,0.00,0.00,0.00,0.00,0.00,0.00,0.00,0.00,0.00
420.485038,88.042282,-55.704907,151.965973,79.092537,-42.065904,112.65358,83.442225,-65.848212,116.704346,0.00,0.00,0.00,0.00,0.00,0.00,0.00,0.00,0.00,0.00,0.00,0.00
420.610143,79.526595,-54.022092,150.93425,69.630642,-38.574361,110.908356,73.075868,-62.506675,115.100883,0.00,0.00,0.00,0.00,0.00,0.00,0.00,0.00,0.00,0.00,0.00,0.00
420.734904,70.258238,-51.428413,152.509262,58.922007,-35.63739,113.192581,62.029808,-59.542916,116.599693,0.00,0.00,0.00,0.00,0.00,0.00,0.00,0.00,0.00,0.00,0.00,0.00
420.860004,61.256322,-49.585866,153.819824,49.403337,-33.955453,115.164009,53.100649,-58.230024,118.413521,0.00,0.00,0.00,0.00,0.00,0.00,0.00,0.00,0.00,0.00,0.00,0.00
420.984738,52.731644,-48.913567,154.097397,40.277957,-35.053655,116.003082,45.919705,-59.04639,117.627594,0.00,0.00,0.00,0.00,0.00,0.00,0.00,0.00,0.00,0.00,0.00,0.00
421.110108,44.187752,-49.887625,153.7379,30.088101,-37.421379,117.220047,38.743372,-62.678747,115.275887,0.00,0.00,0.00,0.00,0.00,0.00,0.00,0.00,0.00,0.00,0.00,0.00
421.234015,35.774734,-52.859544,152.577957,19.342609,-41.689489,118.519997,31.463734,-69.386365,113.949272,0.00,0.00,0.00,0.00,0.00,0.00,0.00,0.00,0.00,0.00,0.00,0.00
421.359343,26.887152,-57.539539,152.40155,9.336803,-47.15921,118.489922,24.656897,-77.68874,112.268326,0.00,0.00,0.00,0.00,0.00,0.00,0.00,0.00,0.00,0.00,0.00,0.00
421.484201,18.041614,-62.327309,153.435165,-0.617547,-48.899113,120.452789,18.965574,-84.016503,113.209869,0.00,0.00,0.00,0.00,0.00,0.00,0.00,0.00,0.00,0.00,0.00,0.00
421.609282,9.733389,-66.648354,154.038254,-10.268259,-50.865127,120.434357,11.266233,-88.646402,114.374451,0.00,0.00,0.00,0.00,0.00,0.00,0.00,0.00,0.00,0.00,0.00,0.00
421.734673,1.313997,-71.036529,154.049927,-18.539848,-56.390186,118.848526,1.928526,-91.295744,114.871658,0.00,0.00,0.00,0.00,0.00,0.00,0.00,0.00,0.00,0.00,0.00,0.00
421.859621,-7.271597,-74.918462,153.077942,-27.462281,-64.126187,116.997505,-7.58171,-92.935792,113.834023,0.00,0.00,0.00,0.00,0.00,0.00,0.00,0.00,0.00,0.00,0.00,0.00
421.984585,-16.114068,-78.236776,153.34845,-37.251975,-71.437094,117.993759,-16.887452,-95.292467,113.236534,0.00,0.00,0.00,0.00,0.00,0.00,0.00,0.00,0.00,0.00,0.00,0.00
422.109646,-24.417697,-82.455333,154.113419,-44.925198,-78.594708,119.42588,-23.820422,-99.492667,115.101257,0.00,0.00,0.00,0.00,0.00,0.00,0.00,0.00,0.00,0.00,0.00,0.00
422.23432,-31.855368,-87.793167,154.504425,-50.845323,-85.666397,119.884888,-28.279344,-106.51526,115.970848,0.00,0.00,0.00,0.00,0.00,0.00,0.00,0.00,0.00,0.00,0.00,0.00
422.359241,-38.842434,-94.160971,153.804367,-57.001242,-92.147911,118.234886,-33.578333,-115.415845,114.592155,0.00,0.00,0.00,0.00,0.00,0.00,0.00,0.00,0.00,0.00,0.00,0.00
422.484526,-44.946233,-101.16377,152.613205,-62.900437,-97.85924,115.950264,-41.37588,-124.377028,112.805153,0.00,0.00,0.00,0.00,0.00,0.00,0.00,0.00,0.00,0.00,0.00,0.00
422.6094,-51.16431,-107.196349,153.406235,-66.451918,-101.58145,115.903488,-51.443485,-129.37429,114.4189,0.00,0.00,0.00,0.00,0.00,0.00,0.00,0.00,0.00,0.00,0.00,0.00
422.734572,-57.149928,-110.68068,154.115036,-69.433258,-100.904601,116.191986,-62.187844,-130.571601,115.09063,0.00,0.00,0.00,0.00,0.00,0.00,0.00,0.00,0.00,0.00,0.00,0.00
422.859345,-62.397046,-111.665212,153.841919,-72.569784,-97.498264,115.658531,-72.261669,-128.382195,115.042755,0.00,0.00,0.00,0.00,0.00,0.00,0.00,0.00,0.00,0.00,0.00,0.00
422.984259,-67.117212,-110.776689,153.65358,-75.975261,-94.524251,115.112854,-81.482756,-123.218152,116.094971,0.00,0.00,0.00,0.00,0.00,0.00,0.00,0.00,0.00,0.00,0.00,0.00
423.109533,-71.898655,-109.952211,154.095627,-78.569903,-93.081648,116.245903,-90.38335,-118.045692,119.126472,0.00,0.00,0.00,0.00,0.00,0.00,0.00,0.00,0.00,0.00,0.00,0.00
423.234103,-77.014146,-109.62655,154.349518,-80.512456,-92.85485,116.043839,-100.773311,-113.406831,123.200058,0.00,0.00,0.00,0.00,0.00,0.00,0.00,0.00,0.00,0.00,0.00,0.00
423.358669,-82.597806,-110.186744,153.708679,-82.746136,-92.626613,114.587318,-113.363315,-107.600909,127.65789,0.00,0.00,0.00,0.00,0.00,0.00,0.00,0.00,0.00,0.00,0.00,0.00
423.483477,-88.492602,-111.41827,154.202225,-84.400162,-94.180895,113.921928,-125.668868,-100.111271,131.74263,0.00,0.00,0.00,0.00,0.00,0.00,0.00,0.00,0.00,0.00,0.00,0.00
423.621601,-94.613985,-112.523089,155.112579,-86.427814,-97.494002,113.594757,-137.446533,-91.329835,134.224838,0.00,0.00,0.00,0.00,0.00,0.00,0.00,0.00,0.00,0.00,0.00,0.00
423.746615,-99.193775,-112.985395,155.339645,-86.727301,-99.559661,114.040886,-145.459751,-86.345188,133.50148,0.00,0.00,0.00,0.00,0.00,0.00,0.00,0.00,0.00,0.00,0.00,0.00
423.871586,-102.703369,-113.148169,155.325058,-85.804827,-100.460849,113.976074,-148.867914,-84.25913,132.428131,0.00,0.00,0.00,0.00,0.00,0.00,0.00,0.00,0.00,0.00,0.00,0.00
423.996939,-104.806422,-113.384309,155.26976,-85.878401,-100.701798,114.17308,-150.743149,-83.855394,131.785233,0.00,0.00,0.00,0.00,0.00,0.00,0.00,0.00,0.00,0.00,0.00,0.00
424.122025,-105.884293,-113.778221,155.287262,-87.531435,-100.006213,114.529274,-151.405205,-84.775716,131.051346,0.00,0.00,0.00,0.00,0.00,0.00,0.00,0.00,0.00,0.00,0.00,0.00
424.246907,-105.923876,-114.214368,155.415985,-89.994103,-99.05519,114.891792,-147.666166,-86.931309,130.699478,0.00,0.00,0.00,0.00,0.00,0.00,0.00,0.00,0.00,0.00,0.00,0.00
424.371711,-104.587764,-114.568963,155.90332,-92.325194,-97.646836,115.140793,-136.954793,-95.804543,128.9095,0.00,0.00,0.00,0.00,0.00,0.00,0.00,0.00,0.00,0.00,0.00,0.00
424.496968,-102.13402,-114.511292,156.358093,-94.367865,-95.767669,115.351227,-122.851135,-107.70759,121.912491,0.00,0.00,0.00,0.00,0.00,0.00,0.00,0.00,0.00,0.00,0.00,0.00
424.608827,-99.132644,-114.441084,156.072952,-96.21017,-94.477661,115.685448,-110.578606,-116.058389,114.01799,0.00,0.00,0.00,0.00,0.00,0.00,0.00,0.00,0.00,0.00,0.00,0.00
424.734098,-94.761474,-114.892775,154.550171,-98.273442,-94.676511,115.287209,-101.024901,-123.834936,110.167168,0.00,0.00,0.00,0.00,0.00,0.00,0.00,0.00,0.00,0.00,0.00,0.00
424.859002,-89.202499,-116.082919,153.178604,-99.614543,-97.620626,114.073112,-92.804557,-126.018938,111.057663,0.00,0.00,0.00,0.00,0.00,0.00,0.00,0.00,0.00,0.00,0.00,0.00
424.98398,-83.97906,-117.626159,153.353622,-98.824018,-103.67802,113.654312,-85.622461,-124.79002,111.74939,0.00,0.00,0.00,0.00,0.00,0.00,0.00,0.00,0.00,0.00,0.00,0.00
425.109073,-78.779703,-119.096358,154.070145,-96.508733,-112.506003,112.909332,-78.75905,-127.003291,112.285484,0.00,0.00,0.00,0.00,0.00,0.00,0.00,0.00,0.00,0.00,0.00,0.00
425.233858,-74.705356,-120.341818,154.410461,-91.316055,-121.086998,113.68985,-71.815147,-131.006134,114.257309,0.00,0.00,0.00,0.00,0.00,0.00,0.00,0.00,0.00,0.00,0.00,0.00
425.35904,-71.907373,-122.446653,154.852158,-85.722789,-127.661283,115.560387,-64.515558,-134.662191,115.204262,0.00,0.00,0.00,0.00,0.00,0.00,0.00,0.00,0.00,0.00,0.00,0.00
425.496976,-69.058551,-126.543883,154.6763,-78.180097,-135.249012,116.163826,-56.387082,-139.178436,116.872147,0.00,0.00,0.00,0.00,0.00,0.00,0.00,0.00,0.00,0.00,0.00,0.00
425.608587,-66.232751,-131.16888,154.320694,-72.85563,-141.134918,116.540932,-47.769204,-144.217362,117.170357,0.00,0.00,0.00,0.00,0.00,0.00,0.00,0.00,0.00,0.00,0.00,0.00
425.733679,-62.190669,-138.000823,153.983124,-69.90875,-148.296518,116.379639,-37.289482,-152.191159,117.683372,0.00,0.00,0.00,0.00,0.00,0.00,0.00,0.00,0.00,0.00,0.00,0.00
425.858774,-58.082185,-145.9396,153.972275,-69.419722,-156.020667,115.598488,-33.063318,-162.070126,117.261734,0.00,0.00,0.00,0.00,0.00,0.00,0.00,0.00,0.00,0.00,0.00,0.00
425.983924,-55.074039,-154.446017,154.752533,-69.321464,-162.861023,114.63343,-36.223027,-171.966618,116.690025,0.00,0.00,0.00,0.00,0.00,0.00,0.00,0.00,0.00,0.00,0.00,0.00
426.108677,-53.536237,-163.246329,154.54216,-69.394223,-169.271117,114.609756,-41.527978,-180.240586,115.753952,0.00,0.00,0.00,0.00,0.00,0.00,0.00,0.00,0.00,0.00,0.00,0.00
426.233752,-53.26991,-171.902899,153.63028,-70.854875,-176.521271,113.625572,-46.150666,-188.248729,115.086594,0.00,0.00,0.00,0.00,0.00,0.00,0.00,0.00,0.00,0.00,0.00,0.00
426.358735,-54.734177,-179.348929,152.248077,-73.739003,-185.630823,111.947464,-49.174697,-196.958923,115.555481,0.00,0.00,0.00,0.00,0.00,0.00,0.00,0.00,0.00,0.00,0.00,0.00
426.483404,-57.393669,-186.708786,152.921341,-76.144138,-196.113681,113.399338,-51.088703,-206.351508,117.522003,0.00,0.00,0.00,0.00,0.00,0.00,0.00,0.00,0.00,0.00,0.00,0.00
426.608661,-59.785719,-194.810188,153.957291,-76.907015,-205.907844,115.814659,-52.409327,-215.022874,119.295052,0.00,0.00,0.00,0.00,0.00,0.00,0.00,0.00,0.00,0.00,0.00,0.00
426.747389,-61.412756,-204.068782,154.286667,-76.384936,-215.319149,117.264847,-53.805117,-225.177257,120.841339,0.00,0.00,0.00,0.00,0.00,0.00,0.00,0.00,0.00,0.00,0.00,0.00
426.871972,-61.453252,-212.615879,153.251953,-75.638521,-223.555558,116.314247,-54.987649,-235.518466,122.809288,0.00,0.00,0.00,0.00,0.00,0.00,0.00,0.00,0.00,0.00,0.00,0.00
426.996561,-61.153008,-220.678274,153.282028,-74.665248,-230.899652,115.818748,-57.580763,-245.31375,125.437782,0.00,0.00,0.00,0.00,0.00,0.00,0.00,0.00,0.00,0.00,0.00,0.00
427.121535,-61.58705,-226.899033,153.443787,-74.32511,-234.961242,116.5513,-62.493156,-254.744759,128.866333,0.00,0.00,0.00,0.00,0.00,0.00,0.00,0.00,0.00,0.00,0.00,0.00
427.246165,-62.776269,-231.210048,154.155136,-75.723319,-237.905574,116.740707,-68.126415,-264.381809,130.463547,0.00,0.00,0.00,0.00,0.00,0.00,0.00,0.00,0.00,0.00,0.00,0.00
427.370501,-64.448924,-233.753796,153.793686,-77.671645,-240.813481,116.413628,-70.968598,-272.660479,129.726318,0.00,0.00,0.00,0.00,0.00,0.00,0.00,0.00,0.00,0.00,0.00,0.00
427.496187,-66.443982,-235.132102,153.948425,-79.64599,-243.470428,117.221107,-71.664111,-276.698168,129.589584,0.00,0.00,0.00,0.00,0.00,0.00,0.00,0.00,0.00,0.00,0.00,0.00
427.6212,-68.049821,-236.583953,154.357986,-80.840318,-246.110521,117.796883,-71.538187,-277.356944,129.916367,0.00,0.00,0.00,0.00,0.00,0.00,0.00,0.00,0.00,0.00,0.00,0.00
427.7476,-68.403378,-238.215835,154.337173,-80.280249,-248.88799,117.053482,-70.050158,-274.245067,129.749023,0.00,0.00,0.00,0.00,0.00,0.00,0.00,0.00,0.00,0.00,0.00,0.00
427.868037,-66.96097,-239.212774,154.26712,-77.649135,-251.7417,116.043388,-66.356596,-265.941969,128.937073,0.00,0.00,0.00,0.00,0.00,0.00,0.00,0.00,0.00,0.00,0.00,0.00
427.994222,-64.269598,-238.837326,153.811981,-72.358176,-254.368193,115.075661,-58.252691,-255.7383,127.14193,0.00,0.00,0.00,0.00,0.00,0.00,0.00,0.00,0.00,0.00,0.00,0.00
428.120141,-61.091655,-237.660911,153.410614,-64.915383,-255.376252,114.911842,-48.038098,-245.241236,122.906349,0.00,0.00,0.00,0.00,0.00,0.00,0.00,0.00,0.00,0.00,0.00,0.00
428.245489,-56.891499,-236.373922,153.380234,-56.589954,-254.447865,115.636253,-39.726451,-234.161064,119.775345,0.00,0.00,0.00,0.00,0.00,0.00,0.00,0.00,0.00,0.00,0.00,0.00
428.370248,-51.477465,-234.922407,153.213882,-47.397057,-253.042605,116.307976,-33.694227,-225.638841,118.416451,0.00,0.00,0.00,0.00,0.00,0.00,0.00,0.00,0.00,0.00,0.00,0.00
428.495212,-45.005336,-233.389937,153.147537,-37.758484,-251.978836,116.941383,-28.769525,-221.102673,117.412758,0.00,0.00,0.00,0.00,0.00,0.00,0.00,0.00,0.00,0.00,0.00,0.00
428.620495,-37.987447,-232.049871,153.363586,-27.95152,-250.023295,117.162689,-23.547772,-221.262944,117.416641,0.00,0.00,0.00,0.00,0.00,0.00,0.00,0.00,0.00,0.00,0.00,0.00
428.745591,-30.707372,-231.145871,154.111649,-19.58092,-247.423676,116.815498,-16.472946,-221.589457,118.081238,0.00,0.00,0.00,0.00,0.00,0.00,0.00,0.00,0.00,0.00,0.00,0.00
428.87067,-22.863618,-230.704563,154.582077,-12.04376,-246.040299,115.398979,-9.28463,-221.613198,118.649933,0.00,0.00,0.00,0.00,0.00,0.00,0.00,0.00,0.00,0.00,0.00,0.00
428.995806,-14.478727,-231.170925,154.255066,-3.807134,-247.413183,113.884903,-1.679331,-222.707546,117.126762,0.00,0.00,0.00,0.00,0.00,0.00,0.00,0.00,0.00,0.00,0.00,0.00
429.121118,-5.628988,-232.896624,153.200256,6.074019,-250.49034,112.704552,6.92877,-224.844741,115.527794,0.00,0.00,0.00,0.00,0.00,0.00,0.00,0.00,0.00,0.00,0.00,0.00
429.24611,3.55899,-235.596582,152.918762,17.403238,-253.385827,112.401031,17.034649,-226.093742,115.802017,0.00,0.00,0.00,0.00,0.00,0.00,0.00,0.00,0.00,0.00,0.00,0.00
429.370869,12.878268,-237.658458,154.054352,28.593935,-254.308727,114.287056,25.747409,-226.604116,117.911568,0.00,0.00,0.00,0.00,0.00,0.00,0.00,0.00,0.00,0.00,0.00,0.00
429.495734,22.120079,-238.109603,154.885315,38.97514,-251.625878,115.477966,32.06198,-225.872398,118.040787,0.00,0.00,0.00,0.00,0.00,0.00,0.00,0.00,0.00,0.00,0.00,0.00
429.62092,31.415815,-237.024818,154.674622,47.634384,-246.911345,115.625694,38.215774,-222.148482,115.7491,0.00,0.00,0.00,0.00,0.00,0.00,0.00,0.00,0.00,0.00,0.00,0.00
429.745843,40.478148,-234.254646,153.144745,56.654564,-242.164125,114.364265,45.315118,-217.136846,113.748596,0.00,0.00,0.00,0.00,0.00,0.00,0.00,0.00,0.00,0.00,0.00,0.00
429.870755,49.469495,-229.920619,152.87915,66.563419,-238.014095,113.873795,54.396978,-211.779881,112.582207,0.00,0.00,0.00,0.00,0.00,0.00,0.00,0.00,0.00,0.00,0.00,0.00
429.995635,57.815971,-225.50027,153.325806,75.46033,-234.570325,116.648392,62.954,-209.57655,115.275169,0.00,0.00,0.00,0.00,0.00,0.00,0.00,0.00,0.00,0.00,0.00,0.00
430.120913,65.41007,-221.699659,153.898788,83.509888,-230.830142,117.498528,71.65837,-207.82139,117.111923,0.00,0.00,0.00,0.00,0.00,0.00,0.00,0.00,0.00,0.00,0.00,0.00
430.24567,72.992499,-217.918428,154.04776,90.936247,-226.570308,116.077614,78.919841,-205.342134,117.466019,0.00,0.00,0.00,0.00,0.00,0.00,0.00,0.00,0.00,0.00,0.00,0.00
430.37062,80.962717,-214.778706,153.027267,99.845866,-222.416566,114.194313,85.983966,-201.624042,114.957405,0.00,0.00,0.00,0.00,0.00,0.00,0.00,0.00,0.00,0.00,0.00,0.00
430.495728,89.651803,-212.412057,152.702133,109.85764,-218.440302,114.767265,93.256062,-198.103657,113.647629,0.00,0.00,0.00,0.00,0.00,0.00,0.00,0.00,0.00,0.00,0.00,0.00
430.620878,98.177585,-210.162181,153.464127,118.86652,-215.028419,116.791557,101.246059,-195.979131,114.317322,0.00,0.00,0.00,0.00,0.00,0.00,0.00,0.00,0.00,0.00,0.00,0.00
430.745378,106.030413,-207.34756,153.821381,125.88261,-210.641925,117.147156,108.700649,-194.342203,115.086853,0.00,0.00,0.00,0.00,0.00,0.00,0.00,0.00,0.00,0.00,0.00,0.00
430.870425,113.341771,-203.245185,153.610855,131.076078,-206.099969,116.313385,114.600539,-190.414393,115.4039,0.00,0.00,0.00,0.00,0.00,0.00,0.00,0.00,0.00,0.00,0.00,0.00
430.995557,120.060436,-197.78692,152.78656,137.401925,-200.655995,114.967255,121.799221,-183.272537,115.458633,0.00,0.00,0.00,0.00,0.00,0.00,0.00,0.00,0.00,0.00,0.00,0.00
431.120298,126.279467,-191.222018,152.435577,144.609236,-194.729246,114.435432,131.9177,-175.010031,116.417885,0.00,0.00,0.00,0.00,0.00,0.00,0.00,0.00,0.00,0.00,0.00,0.00
431.245395,132.280232,-184.791011,153.283386,149.850875,-189.383782,115.990662,143.245651,-168.779011,119.806458,0.00,0.00,0.00,0.00,0.00,0.00,0.00,0.00,0.00,0.00,0.00,0.00
431.370183,137.90086,-179.978986,153.60701,153.386304,-185.98115,116.284851,154.032147,-163.577126,123.167732,0.00,0.00,0.00,0.00,0.00,0.00,0.00,0.00,0.00,0.00,0.00,0.00
431.494642,143.139471,-176.683061,153.953766,157.640391,-184.64765,116.024818,163.035035,-160.586782,126.695656,0.00,0.00,0.00,0.00,0.00,0.00,0.00,0.00,0.00,0.00,0.00,0.00
431.620128,147.601848,-174.895911,153.670532,162.941391,-184.01566,115.975609,170.184344,-158.608547,129.662079,0.00,0.00,0.00,0.00,0.00,0.00,0.00,0.00,0.00,0.00,0.00,0.00
431.745194,151.589939,-173.597279,153.799606,167.070246,-183.465656,116.870102,178.576953,-154.847585,130.678207,0.00,0.00,0.00,0.00,0.00,0.00,0.00,0.00,0.00,0.00,0.00,0.00
431.869963,155.066993,-171.803377,153.541443,169.527781,-182.591139,116.842606,186.566148,-151.112263,130.391235,0.00,0.00,0.00,0.00,0.00,0.00,0.00,0.00,0.00,0.00,0.00,0.00
431.994779,157.463418,-169.609227,153.965591,169.823491,-182.20053,117.513573,193.463086,-148.37959,130.299332,0.00,0.00,0.00,0.00,0.00,0.00,0.00,0.00,0.00,0.00,0.00,0.00
432.120122,159.624255,-166.925395,154.06987,170.415983,-181.811009,116.776535,197.800757,-146.798468,129.630157,0.00,0.00,0.00,0.00,0.00,0.00,0.00,0.00,0.00,0.00,0.00,0.00
432.244774,161.69401,-164.161398,154.510895,169.714281,-180.511451,117.009712,198.946005,-146.733084,129.008224,0.00,0.00,0.00,0.00,0.00,0.00,0.00,0.00,0.00,0.00,0.00,0.00
432.369712,163.559066,-162.256,154.45018,169.107314,-178.485384,116.742851,197.612191,-148.518618,129.060135,0.00,0.00,0.00,0.00,0.00,0.00,0.00,0.00,0.00,0.00,0.00,0.00
432.494932,164.514531,-162.563937,154.376114,166.474704,-176.641584,117.492149,190.956976,-155.410415,130.758591,0.00,0.00,0.00,0.00,0.00,0.00,0.00,0.00,0.00,0.00,0.00,0.00
432.620143,163.080935,-164.308862,154.17984,161.068664,-176.912604,117.677307,182.152637,-161.914401,130.937531,0.00,0.00,0.00,0.00,0.00,0.00,0.00,0.00,0.00,0.00,0.00,0.00
432.745222,159.666431,-166.330647,154.062424,153.312275,-178.49833,117.876266,174.761395,-168.645137,127.495766,0.00,0.00,0.00,0.00,0.00,0.00,0.00,0.00,0.00,0.00,0.00,0.00
432.870476,155.455794,-168.118166,154.037643,145.159757,-178.99717,117.684021,165.886478,-174.557076,122.54361,0.00,0.00,0.00,0.00,0.00,0.00,0.00,0.00,0.00,0.00,0.00,0.00
432.995293,150.705445,-170.493645,154.161194,137.221125,-178.523329,117.779922,157.151943,-178.145381,118.435349,0.00,0.00,0.00,0.00,0.00,0.00,0.00,0.00,0.00,0.00,0.00,0.00
433.120628,145.331462,-173.648607,153.884644,129.462205,-179.479619,117.595589,149.802473,-182.066444,115.71376,0.00,0.00,0.00,0.00,0.00,0.00,0.00,0.00,0.00,0.00,0.00,0.00
433.247425,138.650699,-178.157453,153.580505,122.302199,-183.064428,116.249451,142.154659,-186.262051,114.951981,0.00,0.00,0.00,0.00,0.00,0.00,0.00,0.00,0.00,0.00,0.00,0.00
433.369912,131.367485,-182.975066,152.524948,116.508082,-188.348613,116.086182,136.259421,-190.499246,115.258804,0.00,0.00,0.00,0.00,0.00,0.00,0.00,0.00,0.00,0.00,0.00,0.00
433.494781,124.535869,-187.169029,151.994247,112.282142,-194.047453,116.760254,132.420094,-194.966869,114.189323,0.00,0.00,0.00,0.00,0.00,0.00,0.00,0.00,0.00,0.00,0.00,0.00
433.619728,118.246207,-191.646116,152.151962,109.6615,-199.483006,117.62664,130.046978,-199.022696,113.57901,0.00,0.00,0.00,0.00,0.00,0.00,0.00,0.00,0.00,0.00,0.00,0.00
433.745032,112.973527,-196.559978,152.085983,107.325076,-205.383976,117.311462,127.105693,-204.884395,111.731323,0.00,0.00,0.00,0.00,0.00,0.00,0.00,0.00,0.00,0.00,0.00,0.00
433.869861,109.131423,-202.6348,151.842911,103.302073,-211.402416,116.020035,123.110133,-213.429442,111.54274,0.00,0.00,0.00,0.00,0.00,0.00,0.00,0.00,0.00,0.00,0.00,0.00
433.994979,106.00581,-209.65116,151.855225,96.614874,-217.747718,114.578117,117.017664,-223.717937,110.218811,0.00,0.00,0.00,0.00,0.00,0.00,0.00,0.00,0.00,0.00,0.00,0.00
434.120002,102.086518,-216.544708,153.329453,90.079029,-221.828764,116.104401,108.539038,-231.322985,113.070595,0.00,0.00,0.00,0.00,0.00,0.00,0.00,0.00,0.00,0.00,0.00,0.00
434.245139,97.088147,-222.022393,153.969162,84.29417,-224.044743,116.112259,99.277078,-236.937819,115.246246,0.00,0.00,0.00,0.00,0.00,0.00,0.00,0.00,0.00,0.00,0.00,0.00
434.369815,90.866866,-226.288361,154.19101,77.724953,-224.981736,114.608894,89.395289,-239.713136,116.84774,0.00,0.00,0.00,0.00,0.00,0.00,0.00,0.00,0.00,0.00,0.00,0.00
434.495067,83.455906,-229.075764,153.636597,68.809586,-226.054708,113.270714,78.389944,-241.847617,116.8013,0.00,0.00,0.00,0.00,0.00,0.00,0.00,0.00,0.00,0.00,0.00,0.00
434.6202,75.45634,-230.868605,154.684158,59.718032,-227.538514,115.827652,68.475687,-243.956683,118.731239,0.00,0.00,0.00,0.00,0.00,0.00,0.00,0.00,0.00,0.00,0.00,0.00
434.744546,67.927076,-232.678778,155.064285,52.074481,-229.264534,117.536186,60.002014,-247.917574,119.93972,0.00,0.00,0.00,0.00,0.00,0.00,0.00,0.00,0.00,0.00,0.00,0.00
434.869591,60.57,-234.484965,155.335602,46.798052,-230.62014,118.403641,52.590717,-253.502868,121.870544,0.00,0.00,0.00,0.00,0.00,0.00,0.00,0.00,0.00,0.00,0.00,0.00
434.994444,52.914181,-236.448789,154.810959,40.448746,-231.42707,116.36628,45.37283,-258.331164,124.277206,0.00,0.00,0.00,0.00,0.00,0.00,0.00,0.00,0.00,0.00,0.00,0.00
435.119327,45.239598,-238.75808,153.312607,31.82704,-232.488572,114.33461,37.289537,-261.700447,125.785812,0.00,0.00,0.00,0.00,0.00,0.00,0.00,0.00,0.00,0.00,0.00,0.00
435.244139,37.416905,-240.991678,153.440735,21.901789,-234.327754,114.373383,28.568346,-264.326591,127.487671,0.00,0.00,0.00,0.00,0.00,0.00,0.00,0.00,0.00,0.00,0.00,0.00
435.368974,29.664229,-242.723704,153.830475,13.496392,-236.001708,116.372368,19.244748,-266.527829,129.484695,0.00,0.00,0.00,0.00,0.00,0.00,0.00,0.00,0.00,0.00,0.00,0.00
435.493548,22.187731,-244.058026,154.418427,6.331074,-237.643637,117.094383,10.351076,-269.655155,131.443283,0.00,0.00,0.00,0.00,0.00,0.00,0.00,0.00,0.00,0.00,0.00,0.00
435.618277,15.18763,-245.326005,154.339676,-0.738372,-239.896425,115.761772,4.420217,-273.460678,132.328888,0.00,0.00,0.00,0.00,0.00,0.00,0.00,0.00,0.00,0.00,0.00,0.00
435.743243,9.38673,-245.532051,153.445511,-8.235742,-242.201522,115.003464,-0.130831,-277.453414,131.025696,0.00,0.00,0.00,0.00,0.00,0.00,0.00,0.00,0.00,0.00,0.00,0.00
435.868454,4.126252,-245.641441,154.137833,-14.87033,-244.74315,116.831039,-1.927046,-279.399093,129.918793,0.00,0.00,0.00,0.00,0.00,0.00,0.00,0.00,0.00,0.00,0.00,0.00
435.99382,0.244671,-246.178805,154.466003,-19.199771,-247.760219,118.014549,-2.270733,-279.180671,129.791809,0.00,0.00,0.00,0.00,0.00,0.00,0.00,0.00,0.00,0.00,0.00,0.00
436.118554,-2.083808,-247.370901,154.62468,-19.892834,-251.408129,117.218422,-0.30367,-272.614932,130.51329,0.00,0.00,0.00,0.00,0.00,0.00,0.00,0.00,0.00,0.00,0.00,0.00
436.243361,-2.804754,-248.823632,154.609268,-16.830198,-255.449984,115.670868,4.282626,-264.335136,131.410599,0.00,0.00,0.00,0.00,0.00,0.00,0.00,0.00,0.00,0.00,0.00,0.00
436.3685,-1.127254,-249.686645,154.516144,-11.507722,-258.681623,114.449265,11.443212,-258.56248,132.458878,0.00,0.00,0.00,0.00,0.00,0.00,0.00,0.00,0.00,0.00,0.00,0.00
436.493763,3.740744,-249.297477,154.391403,-4.648735,-261.395669,113.777733,21.826142,-252.563395,132.432602,0.00,0.00,0.00,0.00,0.00,0.00,0.00,0.00,0.00,0.00,0.00,0.00
436.618729,10.67734,-247.696254,154.463074,4.359378,-262.449249,115.003433,32.005121,-244.764335,130.897369,0.00,0.00,0.00,0.00,0.00,0.00,0.00,0.00,0.00,0.00,0.00,0.00
436.744161,19.444559,-244.994012,154.055603,15.397419,-261.957487,114.776466,40.870609,-237.150131,126.74118,0.00,0.00,0.00,0.00,0.00,0.00,0.00,0.00,0.00,0.00,0.00,0.00
436.869079,29.475468,-240.861333,153.120819,28.938706,-259.893689,113.9552,48.058789,-231.122525,121.971176,0.00,0.00,0.00,0.00,0.00,0.00,0.00,0.00,0.00,0.00,0.00,0.00
436.993916,37.812976,-236.267667,152.479752,41.098797,-256.886999,115.063461,52.84472,-228.489753,119.196991,0.00,0.00,0.00,0.00,0.00,0.00,0.00,0.00,0.00,0.00,0.00,0.00
437.1189,44.890931,-232.689482,153.048294,50.86088,-254.481099,116.677795,56.824403,-228.237639,119.230568,0.00,0.00,0.00,0.00,0.00,0.00,0.00,0.00,0.00,0.00,0.00,0.00
437.244169,51.688104,-230.051597,152.526932,59.959113,-252.60102,115.565399,61.023014,-228.227899,118.881714,0.00,0.00,0.00,0.00,0.00,0.00,0.00,0.00,0.00,0.00,0.00,0.00
437.368803,58.570758,-228.531218,152.003067,68.891468,-251.011251,114.711067,66.42115,-226.638592,117.420006,0.00,0.00,0.00,0.00,0.00,0.00,0.00,0.00,0.00,0.00,0.00,0.00
437.494031,65.671721,-228.117258,150.997894,78.939266,-249.550574,113.763786,73.084327,-223.132589,115.585281,0.00,0.00,0.00,0.00,0.00,0.00,0.00,0.00,0.00,0.00,0.00,0.00
437.618513,72.827056,-228.159788,151.104141,90.09525,-246.588883,114.382317,80.365441,-219.595626,115.850983,0.00,0.00,0.00,0.00,0.00,0.00,0.00,0.00,0.00,0.00,0.00,0.00
437.743476,80.095974,-227.058453,152.18837,99.613891,-241.833022,116.516472,86.017979,-217.063091,117.640732,0.00,0.00,0.00,0.00,0.00,0.00,0.00,0.00,0.00,0.00,0.00,0.00
437.868049,86.34461,-224.217542,152.241104,106.440689,-233.558312,116.571877,88.562024,-213.074469,117.290543,0.00,0.00,0.00,0.00,0.00,0.00,0.00,0.00,0.00,0.00,0.00,0.00
437.993315,91.637048,-219.607565,152.384918,109.398449,-223.723495,116.717232,89.276908,-206.782775,114.961281,0.00,0.00,0.00,0.00,0.00,0.00,0.00,0.00,0.00,0.00,0.00,0.00
438.11834,95.846221,-212.880829,152.105637,111.708206,-213.405731,116.38414,89.606479,-198.569058,113.341034,0.00,0.00,0.00,0.00,0.00,0.00,0.00,0.00,0.00,0.00,0.00,0.00
438.24335,99.316065,-204.341651,151.919601,115.568352,-202.901776,115.510941,91.142103,-188.736315,112.60067,0.00,0.00,0.00,0.00,0.00,0.00,0.00,0.00,0.00,0.00,0.00,0.00
438.368162,102.58482,-195.741322,153.145569,120.284841,-192.692699,117.506645,94.949366,-179.954329,115.2509,0.00,0.00,0.00,0.00,0.00,0.00,0.00,0.00,0.00,0.00,0.00,0.00
438.493437,105.791265,-187.858066,154.131729,124.340609,-183.546945,118.63726,99.946454,-172.740246,117.262627,0.00,0.00,0.00,0.00,0.00,0.00,0.00,0.00,0.00,0.00,0.00,0.00
438.617995,108.909936,-179.68227,154.818359,127.728669,-174.716483,118.266655,104.611994,-165.544622,118.80677,0.00,0.00,0.00,0.00,0.00,0.00,0.00,0.00,0.00,0.00,0.00,0.00
438.743246,112.336775,-170.879665,153.924805,131.625714,-164.443959,116.641167,108.28925,-157.059075,117.920944,0.00,0.00,0.00,0.00,0.00,0.00,0.00,0.00,0.00,0.00,0.00,0.00
438.868146,116.771027,-162.022408,153.701752,135.060901,-153.611961,116.168678,111.007932,-147.30797,116.679298,0.00,0.00,0.00,0.00,0.00,0.00,0.00,0.00,0.00,0.00,0.00,0.00
438.992868,120.843428,-153.08547,154.231567,138.043899,-143.121974,117.777756,112.459217,-138.261302,116.853355,0.00,0.00,0.00,0.00,0.00,0.00,0.00,0.00,0.00,0.00,0.00,0.00
439.118139,123.408162,-143.927741,154.816544,139.003508,-132.660755,119.198357,111.751019,-131.292834,116.291878,0.00,0.00,0.00,0.00,0.00,0.00,0.00,0.00,0.00,0.00,0.00,0.00
439.243026,125.079678,-134.495882,154.604797,138.754492,-122.987807,118.263016,110.13262,-123.898574,113.108154,0.00,0.00,0.00,0.00,0.00,0.00,0.00,0.00,0.00,0.00,0.00,0.00
439.367487,126.029321,-124.62996,153.175156,138.625014,-113.059727,116.548958,108.596679,-113.663745,111.158714,0.00,0.00,0.00,0.00,0.00,0.00,0.00,0.00,0.00,0.00,0.00,0.00
439.49273,126.179485,-114.474952,152.497849,139.16045,-102.976142,115.388695,108.599881,-100.611021,110.946548,0.00,0.00,0.00,0.00,0.00,0.00,0.00,0.00,0.00,0.00,0.00,0.00
439.617903,126.650994,-104.540397,153.523819,140.265932,-94.100225,117.400505,112.556864,-87.970337,113.792122,0.00,0.00,0.00,0.00,0.00,0.00,0.00,0.00,0.00,0.00,0.00,0.00
439.742728,128.341224,-95.612258,154.174881,142.48938,-88.011703,118.720268,119.418284,-77.709497,115.861534,0.00,0.00,0.00,0.00,0.00,0.00,0.00,0.00,0.00,0.00,0.00,0.00
439.867634,130.939944,-87.935244,154.08316,146.253086,-83.136977,117.533943,127.27418,-69.369955,117.493149,0.00,0.00,0.00,0.00,0.00,0.00,0.00,0.00,0.00,0.00,0.00,0.00
439.992438,134.680744,-80.827279,153.679703,151.337407,-77.433735,115.278412,135.200991,-61.517015,118.903053,0.00,0.00,0.00,0.00,0.00,0.00,0.00,0.00,0.00,0.00,0.00,0.00
440.117718,139.616321,-74.291791,153.744217,157.019816,-70.981476,114.720299,143.300576,-53.395075,120.58419,0.00,0.00,0.00,0.00,0.00,0.00,0.00,0.00,0.00,0.00,0.00,0.00
440.242196,144.6256,-68.225885,154.581833,162.228272,-64.990898,117.094765,150.572858,-45.691295,122.078033,0.00,0.00,0.00,0.00,0.00,0.00,0.00,0.00,0.00,0.00,0.00,0.00
440.367349,148.886319,-62.769392,154.601929,166.467171,-60.645118,118.530884,156.917712,-38.444625,121.572205,0.00,0.00,0.00,0.00,0.00,0.00,0.00,0.00,0.00,0.00,0.00,0.00
440.492107,152.64349,-57.931496,155.01149,169.718705,-59.450946,119.79483,162.642505,-30.527268,121.450928,0.00,0.00,0.00,0.00,0.00,0.00,0.00,0.00,0.00,0.00,0.00,0.00
440.617182,156.288781,-53.232532,154.916565,173.165066,-60.216404,118.65181,169.884417,-22.258057,122.320343,0.00,0.00,0.00,0.00,0.00,0.00,0.00,0.00,0.00,0.00,0.00,0.00
440.742306,159.743801,-48.126016,154.461121,175.382056,-61.625611,117.208694,179.557402,-15.245333,123.831795,0.00,0.00,0.00,0.00,0.00,0.00,0.00,0.00,0.00,0.00,0.00,0.00
440.867009,163.010941,-42.765648,155.004333,175.916013,-61.20902,116.539696,187.84763,-10.003228,125.573265,0.00,0.00,0.00,0.00,0.00,0.00,0.00,0.00,0.00,0.00,0.00,0.00
440.992512,166.077254,-38.099809,154.983215,176.557257,-58.219725,115.983414,193.449157,-6.723878,125.951149,0.00,0.00,0.00,0.00,0.00,0.00,0.00,0.00,0.00,0.00,0.00,0.00
441.118082,168.632747,-34.729908,154.909546,176.752818,-54.547837,116.868378,196.562803,-5.561177,125.836609,0.00,0.00,0.00,0.00,0.00,0.00,0.00,0.00,0.00,0.00,0.00,0.00
441.242461,170.579399,-33.220695,154.718445,175.849259,-53.054894,116.8218,197.644206,-6.117441,125.748398,0.00,0.00,0.00,0.00,0.00,0.00,0.00,0.00,0.00,0.00,0.00,0.00
441.367377,171.425492,-34.171088,154.428787,173.257075,-53.994364,116.701385,194.465612,-9.678795,127.231537,0.00,0.00,0.00,0.00,0.00,0.00,0.00,0.00,0.00,0.00,0.00,0.00
441.492974,169.490828,-37.726726,154.41832,168.113391,-56.522942,117.537949,188.63316,-18.661681,128.071411,0.00,0.00,0.00,0.00,0.00,0.00,0.00,0.00,0.00,0.00,0.00,0.00
441.617797,164.495035,-42.306189,154.683853,160.127488,-59.144348,118.1502,182.904625,-34.661483,124.710419,0.00,0.00,0.00,0.00,0.00,0.00,0.00,0.00,0.00,0.00,0.00,0.00
441.742621,156.669445,-46.199812,154.543839,148.770996,-60.469251,118.573021,169.197542,-49.514192,119.014397,0.00,0.00,0.00,0.00,0.00,0.00,0.00,0.00,0.00,0.00,0.00,0.00
441.86732,147.103605,-48.667608,154.451126,134.418158,-59.590173,118.965065,153.834552,-56.016496,118.277168,0.00,0.00,0.00,0.00,0.00,0.00,0.00,0.00,0.00,0.00,0.00,0.00
441.992476,137.415461,-49.35379,153.984955,120.901354,-55.754613,117.915749,141.92581,-58.975534,118.670891,0.00,0.00,0.00,0.00,0.00,0.00,0.00,0.00,0.00,0.00,0.00,0.00
442.11738,128.817477,-49.176442,153.871368,111.742561,-50.788954,116.304993,132.175392,-59.921389,119.270561,0.00,0.00,0.00,0.00,0.00,0.00,0.00,0.00,0.00,0.00,0.00,0.00
442.242309,121.689348,-48.851831,153.666565,107.034477,-46.698668,116.400764,123.919447,-59.461508,118.350746,0.00,0.00,0.00,0.00,0.00,0.00,0.00,0.00,0.00,0.00,0.00,0.00
442.367101,115.936998,-48.985354,153.054077,103.784031,-44.583177,115.538826,117.978443,-60.354861,117.506721,0.00,0.00,0.00,0.00,0.00,0.00,0.00,0.00,0.00,0.00,0.00,0.00
442.492413,111.301751,-50.323745,152.325256,99.848408,-44.418457,113.993607,112.455442,-62.928424,117.513748,0.00,0.00,0.00,0.00,0.00,0.00,0.00,0.00,0.00,0.00,0.00,0.00
442.616984,106.915963,-52.906844,152.441269,94.716336,-46.09772,114.074799,106.938491,-65.766299,117.299034,0.00,0.00,0.00,0.00,0.00,0.00,0.00,0.00,0.00,0.00,0.00,0.00
442.742049,101.241521,-55.23625,152.256088,89.637659,-47.759604,115.159515,100.193257,-67.846289,115.822197,0.00,0.00,0.00,0.00,0.00,0.00,0.00,0.00,0.00,0.00,0.00,0.00
442.866982,94.398812,-55.913834,152.434372,84.790233,-47.595748,114.991318,91.684332,-67.39966,115.521606,0.00,0.00,0.00,0.00,0.00,0.00,0.00,0.00,0.00,0.00,0.00,0.00
442.992335,85.951089,-54.877641,152.410309,77.746615,-44.841356,112.846588,80.8718,-65.708975,115.118912,0.00,0.00,0.00,0.00,0.00,0.00,0.00,0.00,0.00,0.00,0.00,0.00
443.117002,76.837559,-52.43923,152.138779,67.094117,-41.324699,111.881165,69.114369,-63.600501,115.828873,0.00,0.00,0.00,0.00,0.00,0.00,0.00,0.00,0.00,0.00,0.00,0.00
443.241672,67.554924,-50.164446,154.019623,56.848483,-38.410277,115.898621,58.540978,-62.16277,119.354401,0.00,0.00,0.00,0.00,0.00,0.00,0.00,0.00,0.00,0.00,0.00,0.00
443.36722,59.011097,-48.808409,154.688507,47.407813,-37.179601,117.184425,50.096948,-62.89038,120.755386,0.00,0.00,0.00,0.00,0.00,0.00,0.00,0.00,0.00,0.00,0.00,0.00
443.492339,50.934059,-48.686801,154.927628,39.550534,-38.592334,118.051888,42.901032,-65.329013,120.318985,0.00,0.00,0.00,0.00,0.00,0.00,0.00,0.00,0.00,0.00,0.00,0.00
443.617202,42.875684,-50.422394,154.240021,31.38025,-42.457329,117.205276,35.4085,-69.882198,118.473862,0.00,0.00,0.00,0.00,0.00,0.00,0.00,0.00,0.00,0.00,0.00,0.00
443.741983,34.503259,-54.414339,153.445663,21.425081,-46.89833,116.780685,28.12608,-76.500689,116.667389,0.00,0.00,0.00,0.00,0.00,0.00,0.00,0.00,0.00,0.00,0.00,0.00
443.866799,25.573836,-59.44139,154.717575,10.359312,-51.202924,119.577065,21.364879,-83.249748,115.578606,0.00,0.00,0.00,0.00,0.00,0.00,0.00,0.00,0.00,0.00,0.00,0.00
443.99163,17.066456,-63.863918,155.09639,0.738675,-55.840581,121.482933,14.556492,-88.002418,115.196953,0.00,0.00,0.00,0.00,0.00,0.00,0.00,0.00,0.00,0.00,0.00,0.00
444.116753,8.794231,-68.0403,154.963852,-6.738378,-61.075087,120.921494,7.97581,-90.288868,115.037178,0.00,0.00,0.00,0.00,0.00,0.00,0.00,0.00,0.00,0.00,0.00,0.00
444.241813,0.247612,-72.191865,154.253891,-14.622704,-66.301278,118.151451,1.151272,-92.773038,113.542961,0.00,0.00,0.00,0.00,0.00,0.00,0.00,0.00,0.00,0.00,0.00,0.00
444.366659,-8.487967,-75.405824,153.053726,-24.4595,-70.278551,118.105698,-6.870587,-95.759081,112.099922,0.00,0.00,0.00,0.00,0.00,0.00,0.00,0.00,0.00,0.00,0.00,0.00
444.491826,-17.455791,-78.743661,154.127899,-34.320137,-74.145434,120.557312,-16.06496,-99.542617,114.487137,0.00,0.00,0.00,0.00,0.00,0.00,0.00,0.00,0.00,0.00,0.00,0.00
444.61679,-25.782607,-83.423194,154.288071,-43.427842,-80.050173,119.568993,-23.704938,-104.179322,116.750099,0.00,0.00,0.00,0.00,0.00,0.00,0.00,0.00,0.00,0.00,0.00,0.00
444.741484,-33.168214,-89.341552,154.182343,-49.524289,-87.867219,119.053314,-29.37503,-109.721867,116.891495,0.00,0.00,0.00,0.00,0.00,0.00,0.00,0.00,0.00,0.00,0.00,0.00
444.866302,-40.006364,-96.472892,153.411621,-55.350035,-96.31477,117.596725,-35.026495,-118.120715,115.527847,0.00,0.00,0.00,0.00,0.00,0.00,0.00,0.00,0.00,0.00,0.00,0.00
444.991395,-46.316667,-104.483099,152.150146,-62.019462,-103.897608,116.251205,-43.227065,-127.190002,114.594879,0.00,0.00,0.00,0.00,0.00,0.00,0.00,0.00,0.00,0.00,0.00,0.00
445.116564,-52.57716,-112.219379,152.706833,-67.016207,-109.222736,117.430367,-53.749158,-132.508059,116.25724,0.00,0.00,0.00,0.00,0.00,0.00,0.00,0.00,0.00,0.00,0.00,0.00
445.241111,-58.978421,-117.952396,152.809555,-71.769809,-111.405306,117.221642,-64.050658,-133.819074,117.114677,0.00,0.00,0.00,0.00,0.00,0.00,0.00,0.00,0.00,0.00,0.00,0.00
445.366506,-65.612429,-121.785731,152.841156,-77.388914,-111.309708,116.661942,-74.008097,-133.414405,117.741753,0.00,0.00,0.00,0.00,0.00,0.00,0.00,0.00,0.00,0.00,0.00,0.00
445.491031,-72.638288,-123.770078,152.678436,-83.808102,-110.756172,115.961601,-84.150144,-132.127229,117.991661,0.00,0.00,0.00,0.00,0.00,0.00,0.00,0.00,0.00,0.00,0.00,0.00
445.616082,-79.61007,-124.043109,153.451019,-90.535512,-110.381454,116.226868,-94.082852,-129.687492,119.199348,0.00,0.00,0.00,0.00,0.00,0.00,0.00,0.00,0.00,0.00,0.00,0.00
445.740902,-85.176184,-124.590854,153.916122,-95.406168,-111.281432,117.957512,-102.984192,-127.480527,121.275352,0.00,0.00,0.00,0.00,0.00,0.00,0.00,0.00,0.00,0.00,0.00,0.00
445.865451,-90.698409,-125.045003,155.013138,-98.113919,-111.992966,118.817566,-111.746223,-123.537428,124.281517,0.00,0.00,0.00,0.00,0.00,0.00,0.00,0.00,0.00,0.00,0.00,0.00
445.990766,-96.1283,-125.471502,154.526398,-99.681745,-110.912858,117.493118,-121.160264,-116.650526,127.929565,0.00,0.00,0.00,0.00,0.00,0.00,0.00,0.00,0.00,0.00,0.00,0.00
446.115104,-101.991271,-126.034656,154.649048,-99.354224,-110.196075,116.598045,-129.372006,-107.524123,131.389801,0.00,0.00,0.00,0.00,0.00,0.00,0.00,0.00,0.00,0.00,0.00,0.00
446.23999,-107.326304,-126.025393,155.641678,-98.747954,-111.213141,116.415825,-136.44972,-97.33626,133.806793,0.00,0.00,0.00,0.00,0.00,0.00,0.00,0.00,0.00,0.00,0.00,0.00
446.364954,-111.088575,-125.883605,155.691559,-98.254907,-112.817419,116.562584,-143.409992,-89.145495,134.197968,0.00,0.00,0.00,0.00,0.00,0.00,0.00,0.00,0.00,0.00,0.00,0.00
446.489956,-113.293248,-125.614802,155.30217,-96.800578,-115.028655,116.021225,-148.348717,-85.534008,133.45372,0.00,0.00,0.00,0.00,0.00,0.00,0.00,0.00,0.00,0.00,0.00,0.00
446.615198,-114.201451,-125.362957,155.021088,-94.730041,-116.398062,115.325752,-150.148934,-84.079522,133.006729,0.00,0.00,0.00,0.00,0.00,0.00,0.00,0.00,0.00,0.00,0.00,0.00
446.740243,-114.239645,-125.145151,155.042847,-93.501888,-116.857275,115.632271,-150.793383,-83.764241,132.288834,0.00,0.00,0.00,0.00,0.00,0.00,0.00,0.00,0.00,0.00,0.00,0.00
446.865261,-113.60025,-124.879608,154.943741,-93.258268,-116.502355,116.133057,-151.143573,-84.134127,131.473587,0.00,0.00,0.00,0.00,0.00,0.00,0.00,0.00,0.00,0.00,0.00,0.00
446.990041,-112.51901,-124.656874,155.061905,-93.089487,-116.170963,116.359421,-150.917982,-84.537161,131.078339,0.00,0.00,0.00,0.00,0.00,0.00,0.00,0.00,0.00,0.00,0.00,0.00
447.115174,-110.964072,-123.845468,155.094238,-92.55557,-115.757282,116.223679,-147.402262,-83.17883,131.59935,0.00,0.00,0.00,0.00,0.00,0.00,0.00,0.00,0.00,0.00,0.00,0.00
447.239659,-108.633176,-122.613205,154.74321,-91.978314,-115.870599,116.985939,-139.517436,-83.583294,131.876556,0.00,0.00,0.00,0.00,0.00,0.00,0.00,0.00,0.00,0.00,0.00,0.00
447.364536,-106.112992,-122.169898,154.54567,-90.920967,-117.074111,118.094185,-130.50291,-90.779624,128.646774,0.00,0.00,0.00,0.00,0.00,0.00,0.00,0.00,0.00,0.00,0.00,0.00
447.490305,-103.181489,-122.323858,154.525711,-87.947232,-118.780141,118.236229,-122.617895,-102.417824,121.596077,0.00,0.00,0.00,0.00,0.00,0.00,0.00,0.00,0.00,0.00,0.00,0.00
447.615184,-99.416604,-122.781572,154.359192,-83.029916,-120.359514,118.118729,-113.503945,-111.903645,115.167686,0.00,0.00,0.00,0.00,0.00,0.00,0.00,0.00,0.00,0.00,0.00,0.00
447.74043,-93.807373,-123.789547,153.912903,-77.679019,-120.086523,117.595146,-103.335209,-116.828392,112.867462,0.00,0.00,0.00,0.00,0.00,0.00,0.00,0.00,0.00,0.00,0.00,0.00
447.865102,-85.661565,-124.983474,153.336838,-71.132265,-120.20858,118.262573,-94.287209,-118.273255,112.684753,0.00,0.00,0.00,0.00,0.00,0.00,0.00,0.00,0.00,0.00,0.00,0.00
447.989994,-76.457334,-125.596754,152.698547,-62.017768,-121.94237,118.004478,-85.121947,-116.488254,114.424774,0.00,0.00,0.00,0.00,0.00,0.00,0.00,0.00,0.00,0.00,0.00,0.00
448.115554,-68.452523,-125.06199,152.514542,-52.986905,-123.243346,117.889679,-75.882295,-114.305699,115.54689,0.00,0.00,0.00,0.00,0.00,0.00,0.00,0.00,0.00,0.00,0.00,0.00
448.240003,-61.654859,-123.466933,152.668625,-46.732272,-123.903074,118.384979,-68.775797,-113.102424,115.624573,0.00,0.00,0.00,0.00,0.00,0.00,0.00,0.00,0.00,0.00,0.00,0.00
448.365201,-55.859638,-120.729147,152.141434,-42.379154,-121.79035,117.109955,-63.995166,-109.766476,115.151237,0.00,0.00,0.00,0.00,0.00,0.00,0.00,0.00,0.00,0.00,0.00,0.00
448.490379,-50.769782,-116.439001,151.530579,-38.503814,-117.370831,116.245506,-60.94719,-104.286932,114.705124,0.00,0.00,0.00,0.00,0.00,0.00,0.00,0.00,0.00,0.00,0.00,0.00
448.615124,-46.246626,-110.524696,150.587875,-33.433541,-110.786291,115.999199,-58.137401,-96.544885,113.578323,0.00,0.00,0.00,0.00,0.00,0.00,0.00,0.00,0.00,0.00,0.00,0.00
448.74017,-42.223684,-102.845185,150.41275,-27.567017,-101.691892,115.602829,-55.30556,-86.672847,113.595451,0.00,0.00,0.00,0.00,0.00,0.00,0.00,0.00,0.00,0.00,0.00,0.00
448.86513,-37.898789,-94.370069,152.020996,-19.930231,-91.922688,116.661278,-50.664576,-76.221167,114.685883,0.00,0.00,0.00,0.00,0.00,0.00,0.00,0.00,0.00,0.00,0.00,0.00
448.989993,-32.602023,-86.544852,152.710785,-13.250468,-85.499493,119.051186,-42.740375,-68.599617,115.973755,0.00,0.00,0.00,0.00,0.00,0.00,0.00,0.00,0.00,0.00,0.00,0.00
449.114805,-26.39706,-79.245781,153.234741,-6.846276,-80.388131,118.570854,-32.975971,-63.638134,116.461685,0.00,0.00,0.00,0.00,0.00,0.00,0.00,0.00,0.00,0.00,0.00,0.00
449.240143,-19.185748,-72.114458,152.455261,1.482121,-74.190979,116.232025,-23.396874,-59.022067,115.466568,0.00,0.00,0.00,0.00,0.00,0.00,0.00,0.00,0.00,0.00,0.00,0.00
449.364979,-11.081905,-65.94373,151.713913,10.819481,-67.140142,115.358231,-14.825271,-52.498929,114.205421,0.00,0.00,0.00,0.00,0.00,0.00,0.00,0.00,0.00,0.00,0.00,0.00
449.489812,-2.789921,-59.633426,153.05481,18.936618,-59.8102,118.145927,-6.553322,-44.917024,115.92524,0.00,0.00,0.00,0.00,0.00,0.00,0.00,0.00,0.00,0.00,0.00,0.00
449.614764,4.551119,-52.873113,153.696152,25.42261,-52.017261,119.364128,-0.178837,-38.566621,117.697372,0.00,0.00,0.00,0.00,0.00,0.00,0.00,0.00,0.00,0.00,0.00,0.00
449.739548,11.103266,-45.841475,153.720978,30.138379,-44.072567,119.767807,4.359306,-31.991904,117.222885,0.00,0.00,0.00,0.00,0.00,0.00,0.00,0.00,0.00,0.00,0.00,0.00
449.864321,16.935058,-38.046414,152.70372,34.307554,-35.520447,118.98481,7.872295,-23.131976,115.314743,0.00,0.00,0.00,0.00,0.00,0.00,0.00,0.00,0.00,0.00,0.00,0.00
449.989207,21.826351,-28.983752,151.521164,39.550518,-26.169164,117.130661,11.042704,-12.133471,114.171646,0.00,0.00,0.00,0.00,0.00,0.00,0.00,0.00,0.00,0.00,0.00,0.00
450.114193,26.458764,-19.071646,151.914352,45.722722,-16.697776,117.094841,15.65169,-0.601782,114.246429,0.00,0.00,0.00,0.00,0.00,0.00,0.00,0.00,0.00,0.00,0.00,0.00
450.239222,31.159961,-9.872391,152.544647,50.659748,-9.225783,119.317482,22.623546,8.627583,116.382172,0.00,0.00,0.00,0.00,0.00,0.00,0.00,0.00,0.00,0.00,0.00,0.00
450.363724,35.63953,-1.683262,153.128067,55.073401,-2.624368,119.152023,30.429349,15.166662,117.745544,0.00,0.00,0.00,0.00,0.00,0.00,0.00,0.00,0.00,0.00,0.00,0.00
450.488635,40.475437,6.737702,152.928879,60.573289,5.333357,117.738724,37.053565,21.715304,116.99157,0.00,0.00,0.00,0.00,0.00,0.00,0.00,0.00,0.00,0.00,0.00,0.00
450.613533,46.002657,14.768864,152.169388,66.333096,14.212323,117.741013,42.040977,29.00466,115.141068,0.00,0.00,0.00,0.00,0.00,0.00,0.00,0.00,0.00,0.00,0.00,0.00
450.737994,51.189764,22.292863,152.719696,71.030207,23.335043,119.611977,45.815947,35.978606,115.901611,0.00,0.00,0.00,0.00,0.00,0.00,0.00,0.00,0.00,0.00,0.00,0.00
450.863004,55.053034,29.077945,153.020569,73.772083,32.054701,121.126152,48.614382,41.567867,116.874649,0.00,0.00,0.00,0.00,0.00,0.00,0.00,0.00,0.00,0.00,0.00,0.00
450.987578,58.325744,35.292526,153.318726,75.258723,38.4908,122.103378,50.961816,46.194717,117.121277,0.00,0.00,0.00,0.00,0.00,0.00,0.00,0.00,0.00,0.00,0.00,0.00
1,383.409868,2,388.105962,3,392.13207,4,397.019828,5,402.351197,1,405.669114,2,409.780086,3,413.431322,4,418.443763,5,423.760863,1,427.301591,2,431.980849,3,435.576644,4,440.950485,5,446.434455,stop
